Temps,T1,T2,T3,Consigne,Commande
0,-0.0113725970022074,-0.00448271948039292,-0.00181097344506043,2,0.141909090909091
3.15544362088405e-30,-0.0113725970022074,-0.00448271948039292,-0.00181097344506043,2,0.141909090909091
0.000141342007367768,-0.0113725970022074,-0.00448271948039292,-0.00181097344506043,2,0.141909090909091
0.000848052044206607,-0.0113725970022074,-0.00448271948039292,-0.00181097344506043,2,0.141909090909091
0.00438160222840081,-0.0113725970022074,-0.00448271948039292,-0.00181097344506043,2,0.141909090909091
0.0220493531493718,-0.0113725970022074,-0.00448271948039292,-0.00181097344506043,2,0.141909090909091
0.110388107754227,-0.0113725970022074,-0.00448271948039292,-0.00181097344506043,2,0.141909090909091
0.254761419162405,-0.0113725970022074,-0.00448271948039292,-0.00181097344506043,2,0.141909090909091
0.400090544380466,-0.0113725970022074,-0.00448271948039292,-0.00181097344506043,2,0.141909090909091
0.547527905680008,-0.0113725970022074,-0.00448271948039292,-0.00181097344506043,2,0.141909090909091
0.698856775481816,-0.0113725970022074,-0.00448271948039292,-0.00181097344506043,2,0.141909090909091
0.854529778489081,-0.0113725970022074,-0.00448271948039292,-0.00181097344506043,2,0.141909090909091
1.01254981584984,-0.0113725970022074,-0.00448271948039292,-0.00181097344506043,2,0.141909090909091
1.17303479305364,-0.0113725970022074,-0.00448271948039292,-0.00181097344506043,2,0.141909090909091
1.33606068201659,-0.0113725970022074,-0.00448271948039292,-0.00181097344506043,2,0.141909090909091
1.50170804602982,-0.0113725970022074,-0.00448271948039292,-0.00181097344506043,2,0.141909090909091
1.67006143162201,-0.0113725970022074,-0.00448271948039292,-0.00181097344506043,2,0.141909090909091
1.84120939120481,0.025666473571107,-0.00448271948039292,-0.00181097344506043,2,0.141909090909091
2.01524491128048,0.025666473571107,-0.00448271948039292,-0.00181097344506043,2,0.141909090909091
2.19226578171099,0.025666473571107,-0.00448271948039292,-0.00181097344506043,2,0.141909090909091
2.38651306955798,0.025666473571107,-0.00448271948039292,-0.00181097344506043,2,0.141909090909091
2.59867143399581,0.025666473571107,-0.00448271948039292,-0.00181097344506043,2,0.141909090909091
2.82835368854788,0.025666473571107,-0.00448271948039292,-0.00181097344506043,2,0.141909090909091
3.07559334685719,0.025666473571107,-0.00448271948039292,-0.00181097344506043,2,0.141909090909091
3.34069159176719,0.025666473571107,-0.00448271948039292,-0.00181097344506043,2,0.141909090909091
3.62416589398122,0.025666473571107,-0.00448271948039292,-0.00181097344506043,2,0.141909090909091
3.92672641676929,0.025666473571107,-0.00448271948039292,-0.00181097344506043,2,0.141909090909091
4.24926933821279,0.0627135595436243,-0.00448271948039292,-0.00181097344506043,2,0.141909090909091
4.59288216699578,0.0627135595436243,-0.00448271948039292,-0.00181097344506043,2,0.141909090909091
4.95885791196482,0.0627135595436243,-0.00448271948039292,-0.00181097344506043,2,0.141909090909091
5,0.0627135595436243,-0.00448271948039292,-0.00181097344506043,2,0.14668520503503
5.06408638345959,0.0627135595436243,-0.00448271948039292,-0.00181097344506043,2,0.14668520503503
5.08931221507796,0.0627135595436243,-0.00448271948039292,-0.00181097344506043,2,0.14668520503503
5.11453804669634,0.0627135595436243,-0.00448271948039292,-0.00181097344506043,2,0.14668520503503
5.16330857275988,0.0627135595436243,-0.00448271948039292,-0.00181097344506043,2,0.14668520503503
5.23077343884643,0.0627135595436243,-0.00448271948039292,-0.00181097344506043,2,0.14668520503503
5.29823830493298,0.0627135595436243,-0.00448271948039292,-0.00181097344506043,2,0.14668520503503
5.36762111918936,0.0627135595436243,-0.00448271948039292,-0.00181097344506043,2,0.14668520503503
5.47234336076436,0.0627135595436243,-0.00448271948039292,-0.00181097344506043,2,0.14668520503503
5.57706560233935,0.0627135595436243,-0.00448271948039292,-0.00181097344506043,2,0.14668520503503
5.6638448131889,0.0997687124846607,-0.00448271948039292,-0.00181097344506043,2,0.14668520503503
5.79743032823862,0.0997687124846607,-0.00448271948039292,-0.00181097344506043,2,0.14668520503503
5.93101584328833,0.0997687124846607,-0.00448271948039292,-0.00181097344506043,2,0.14668520503503
6.1024334763549,0.0997687124846607,-0.00448271948039292,-0.00181097344506043,2,0.14668520503503
6.27385110942147,0.0997687124846607,-0.00448271948039292,-0.00181097344506043,2,0.14668520503503
6.58415730019903,0.0997687124846607,-0.00448271948039292,-0.00181097344506043,2,0.14668520503503
6.84014010578851,0.0997687124846607,-0.00448271948039292,-0.00181097344506043,2,0.14668520503503
7.13461034158297,0.0997687124846607,-0.00448271948039292,-0.00181097344506043,2,0.14668520503503
7.4285959858652,0.136831984007529,-0.00448271948039292,-0.00181097344506043,2,0.14668520503503
7.69086158483435,0.136831984007529,-0.00448271948039292,-0.00181097344506043,2,0.14668520503503
7.96252090485216,0.136831984007529,-0.00448271948039292,-0.00181097344506043,2,0.14668520503503
8.30836281406926,0.136831984007529,-0.00448271948039292,-0.00181097344506043,2,0.14668520503503
8.71149300935805,0.173903425769652,-0.00448271948039292,-0.00181097344506043,2,0.14668520503503
9.0618286926866,0.173903425769652,-0.00448271948039292,-0.00181097344506043,2,0.14668520503503
9.4289065915514,0.173903425769652,-0.00448271948039292,-0.00181097344506043,2,0.14668520503503
9.87887273099361,0.173903425769652,-0.00448271948039292,-0.00181097344506043,2,0.14668520503503
10,0.173903425769652,-0.00448271948039292,-0.00181097344506043,2,0.151461319160968
10.2199081129901,0.210983089473586,-0.00448271948039292,-0.00181097344506043,2,0.151461319160968
10.6131344139226,0.210983089473586,-0.00448271948039292,-0.00181097344506043,2,0.151461319160968
11.1028053148662,0.210983089473586,-0.00448271948039292,-0.00181097344506043,2,0.151461319160968
11.7346936246414,0.248071026867365,-0.00448271948039292,-0.00181097344506043,2,0.151461319160968
12.3504314813253,0.248071026867365,-0.00448271948039292,-0.00181097344506043,2,0.151461319160968
13.0267861837463,0.248071026867365,-0.00448271948039292,-0.00181097344506043,2,0.151461319160968
13.6120800692746,0.285167289744436,-0.00448271948039292,-0.00181097344506043,2,0.151461319160968
14.4251738955068,0.285167289744436,-0.00448271948039292,-0.00181097344506043,2,0.151461319160968
15,0.322271929944463,-0.00448271948039292,-0.00181097344506043,2,0.156237433286907
15.6298896551129,0.322271929944463,-0.00448271948039292,-0.00181097344506043,2,0.156237433286907
16.3135859243428,0.359384999353722,0.0239386914719262,-0.00181097344506043,2,0.156237433286907
16.9890197378113,0.359384999353722,0.0239386914719262,-0.00181097344506043,2,0.156237433286907
17.7007104330398,0.396506549905496,0.0239386914719262,-0.00181097344506043,2,0.156237433286907
18.5593995584762,0.396506549905496,0.0239386914719262,-0.00181097344506043,2,0.156237433286907
19.4879497367969,0.433636633580363,0.0239386914719262,-0.00181097344506043,2,0.156237433286907
20,0.433636633580363,0.0239386914719262,-0.00181097344506043,2,0.161320820378893
20.0405375842976,0.433636633580363,0.0239386914719262,-0.00181097344506043,2,0.161320820378893
20.0810751685953,0.433636633580363,0.0239386914719262,-0.00181097344506043,2,0.161320820378893
20.125640954319,0.433636633580363,0.0239386914719262,-0.00181097344506043,2,0.161320820378893
20.169483153219,0.433636633580363,0.0239386914719262,-0.00181097344506043,2,0.161320820378893
20.2088008247046,0.433636633580363,0.0239386914719262,-0.00181097344506043,2,0.161320820378893
20.2539286321506,0.433636633580363,0.0239386914719262,-0.00181097344506043,2,0.161320820378893
20.2990564395966,0.433636633580363,0.0239386914719262,-0.00181097344506043,2,0.161320820378893
20.3468216806574,0.433636633580363,0.0239386914719262,-0.00181097344506043,2,0.161320820378893
20.405709007486,0.470775302407048,0.0239386914719262,-0.00181097344506043,2,0.161320820378893
20.4645963343145,0.470775302407048,0.0239386914719262,-0.00181097344506043,2,0.161320820378893
20.5227162365769,0.470775302407048,0.0239386914719262,-0.00181097344506043,2,0.161320820378893
20.5630767444786,0.470775302407048,0.0239386914719262,-0.00181097344506043,2,0.161320820378893
20.6034372523803,0.470775302407048,0.0239386914719262,-0.00181097344506043,2,0.161320820378893
20.6479463039223,0.470775302407048,0.0239386914719262,-0.00181097344506043,2,0.161320820378893
20.7197879415861,0.470775302407048,0.0239386914719262,-0.00181097344506043,2,0.161320820378893
20.7916295792499,0.470775302407048,0.0239386914719262,-0.00181097344506043,2,0.161320820378893
20.8975276219223,0.470775302407048,0.0239386914719262,-0.00181097344506043,2,0.161320820378893
20.965595582131,0.470775302407048,0.0239386914719262,-0.00181097344506043,2,0.161320820378893
21.0336635423397,0.470775302407048,0.0239386914719262,-0.00181097344506043,2,0.161320820378893
21.0874906536834,0.470775302407048,0.0239386914719262,-0.00181097344506043,2,0.161320820378893
21.141317765027,0.470775302407048,0.0239386914719262,-0.00181097344506043,2,0.161320820378893
21.184949674104,0.470775302407048,0.0239386914719262,-0.00181097344506043,2,0.161320820378893
21.2601980860118,0.470775302407048,0.0523648203690641,-0.00181097344506043,2,0.161320820378893
21.2874138690785,0.470775302407048,0.0523648203690641,-0.00181097344506043,2,0.161320820378893
21.3146296521452,0.470775302407048,0.0523648203690641,-0.00181097344506043,2,0.161320820378893
21.427229189944,0.470775302407048,0.0523648203690641,-0.00181097344506043,2,0.161320820378893
21.5293963010317,0.470775302407048,0.0523648203690641,-0.00181097344506043,2,0.161320820378893
21.5583840968616,0.470775302407048,0.0523648203690641,-0.00181097344506043,2,0.161320820378893
21.5777592817473,0.470775302407048,0.0523648203690641,-0.00181097344506043,2,0.161320820378893
21.5971344666329,0.470775302407048,0.0523648203690641,-0.00181097344506043,2,0.161320820378893
21.6194455716256,0.470775302407048,0.0523648203690641,-0.00181097344506043,2,0.161320820378893
21.7310010965891,0.470775302407048,0.0523648203690641,-0.00181097344506043,2,0.161320820378893
21.8311303001585,0.470775302407048,0.0523648203690641,-0.00181097344506043,2,0.161320820378893
21.8675260761436,0.507922608462252,0.0523648203690641,-0.00181097344506043,2,0.161320820378893
21.9039218521286,0.507922608462252,0.0523648203690641,-0.00181097344506043,2,0.161320820378893
22.0859007320537,0.507922608462252,0.0523648203690641,-0.00181097344506043,2,0.161320820378893
22.1163427746085,0.507922608462252,0.0523648203690641,-0.00181097344506043,2,0.161320820378893
22.1467848171633,0.507922608462252,0.0523648203690641,-0.00181097344506043,2,0.161320820378893
22.1723376935715,0.507922608462252,0.0523648203690641,-0.00181097344506043,2,0.161320820378893
22.3001020756128,0.507922608462252,0.0523648203690641,-0.00181097344506043,2,0.161320820378893
22.4117232491237,0.507922608462252,0.0523648203690641,-0.00181097344506043,2,0.161320820378893
22.4493218783041,0.507922608462252,0.0523648203690641,-0.00181097344506043,2,0.161320820378893
22.4869205074845,0.507922608462252,0.0523648203690641,-0.00181097344506043,2,0.161320820378893
22.6749136533865,0.507922608462252,0.0523648203690641,-0.00181097344506043,2,0.161320820378893
22.7139851516219,0.507922608462252,0.0523648203690641,-0.00181097344506043,2,0.161320820378893
22.7530566498573,0.507922608462252,0.0523648203690641,-0.00181097344506043,2,0.161320820378893
22.9484141410344,0.507922608462252,0.0523648203690641,-0.00181097344506043,2,0.161320820378893
23.0220276009317,0.507922608462252,0.0523648203690641,-0.00181097344506043,2,0.161320820378893
23.0956410608291,0.507922608462252,0.0523648203690641,-0.00181097344506043,2,0.161320820378893
23.2408032184282,0.507922608462252,0.0523648203690641,-0.00181097344506043,2,0.161320820378893
23.2932508457332,0.507922608462252,0.0523648203690641,-0.00181097344506043,2,0.161320820378893
23.3456984730383,0.545078603871616,0.0523648203690641,-0.00181097344506043,2,0.161320820378893
23.3923806525048,0.545078603871616,0.0523648203690641,-0.00181097344506043,2,0.161320820378893
23.6257915498373,0.545078603871616,0.0523648203690641,-0.00181097344506043,2,0.161320820378893
23.6718932029966,0.545078603871616,0.0523648203690641,-0.00181097344506043,2,0.161320820378893
23.7179948561558,0.545078603871616,0.0523648203690641,-0.00181097344506043,2,0.161320820378893
23.7563315675785,0.545078603871616,0.0523648203690641,-0.00181097344506043,2,0.161320820378893
23.9480151246922,0.545078603871616,0.0523648203690641,-0.00181097344506043,2,0.161320820378893
24.0347409167805,0.545078603871616,0.0523648203690641,-0.00181097344506043,2,0.161320820378893
24.1214667088688,0.545078603871616,0.0523648203690641,-0.00181097344506043,2,0.161320820378893
24.1946844248917,0.545078603871616,0.0523648203690641,-0.00181097344506043,2,0.161320820378893
24.3517693167853,0.545078603871616,0.0523648203690641,-0.00181097344506043,2,0.161320820378893
24.4103873796485,0.545078603871616,0.0523648203690641,-0.00181097344506043,2,0.161320820378893
24.4690054425116,0.545078603871616,0.0523648203690641,-0.00181097344506043,2,0.161320820378893
24.5285035693991,0.545078603871616,0.0523648203690641,-0.00181097344506043,2,0.161320820378893
24.7497218934176,0.545078603871616,0.0523648203690641,-0.00181097344506043,2,0.161320820378893
24.833021365013,0.582243340809839,0.0523648203690641,-0.00181097344506043,2,0.161320820378893
24.9163208366085,0.582243340809839,0.0523648203690641,-0.00181097344506043,2,0.161320820378893
25,0.582243340809839,0.0523648203690641,-0.00181097344506043,2,0.16613493723401
25.1142404002223,0.582243340809839,0.0807956905063065,-0.00181097344506043,2,0.16613493723401
25.1916698759022,0.582243340809839,0.0807956905063065,-0.00181097344506043,2,0.16613493723401
25.2690993515822,0.582243340809839,0.0807956905063065,-0.00181097344506043,2,0.16613493723401
25.3613813915783,0.582243340809839,0.0807956905063065,-0.00181097344506043,2,0.16613493723401
25.5713367259833,0.582243340809839,0.0807956905063065,-0.00181097344506043,2,0.16613493723401
25.6488569816809,0.582243340809839,0.0807956905063065,-0.00181097344506043,2,0.16613493723401
25.7263772373786,0.582243340809839,0.0807956905063065,-0.00181097344506043,2,0.16613493723401
26.0341902546895,0.582243340809839,0.0807956905063065,-0.00181097344506043,2,0.16613493723401
26.1804337867055,0.582243340809839,0.0807956905063065,-0.00181097344506043,2,0.16613493723401
26.3266773187216,0.61941687150113,0.0807956905063065,-0.00181097344506043,2,0.16613493723401
26.6088488418729,0.61941687150113,0.0807956905063065,-0.00181097344506043,2,0.16613493723401
26.8910203650242,0.61941687150113,0.0807956905063065,-0.00181097344506043,2,0.16613493723401
27.1270067482891,0.61941687150113,0.0807956905063065,-0.00181097344506043,2,0.16613493723401
27.2953448594197,0.61941687150113,0.0807956905063065,-0.00181097344506043,2,0.16613493723401
27.4636829705504,0.61941687150113,0.0807956905063065,-0.00181097344506043,2,0.16613493723401
27.6054199083412,0.61941687150113,0.0807956905063065,-0.00181097344506043,2,0.16613493723401
27.851056714275,0.656599248219891,0.0807956905063065,-0.00181097344506043,2,0.16613493723401
27.9999838839217,0.656599248219891,0.0807956905063065,-0.00181097344506043,2,0.16613493723401
28.1489110535685,0.656599248219891,0.0807956905063065,-0.00181097344506043,2,0.16613493723401
28.2955351457895,0.656599248219891,0.0807956905063065,-0.00181097344506043,2,0.16613493723401
28.5474611384101,0.656599248219891,0.109231325194003,-0.00181097344506043,2,0.16613493723401
28.7408371000412,0.656599248219891,0.109231325194003,-0.00181097344506043,2,0.16613493723401
28.9342130616722,0.656599248219891,0.109231325194003,-0.00181097344506043,2,0.16613493723401
29.2650573171746,0.693790523290886,0.109231325194003,-0.00181097344506043,2,0.16613493723401
29.3956954462476,0.693790523290886,0.109231325194003,-0.00181097344506043,2,0.16613493723401
29.5263335753206,0.693790523290886,0.109231325194003,-0.00181097344506043,2,0.16613493723401
29.6657627004272,0.693790523290886,0.109231325194003,-0.00181097344506043,2,0.16613493723401
30,0.693790523290886,0.109231325194003,-0.00181097344506043,2,0.170902441241887
30.5067557611604,0.693790523290886,0.109231325194003,-0.00181097344506043,2,0.170902441241887
30.8439108947532,0.730990749089642,0.109231325194003,-0.00181097344506043,2,0.170902441241887
31.1810660283459,0.730990749089642,0.109231325194003,-0.00181097344506043,2,0.170902441241887
31.5314573829492,0.730990749089642,0.137671747758134,-0.00181097344506043,2,0.170902441241887
31.8818487375525,0.730990749089642,0.137671747758134,-0.00181097344506043,2,0.170902441241887
32.0721646789989,0.730990749089642,0.137671747758134,-0.00181097344506043,2,0.170902441241887
32.2624806204452,0.768199978043356,0.137671747758134,-0.00181097344506043,2,0.170902441241887
32.5296844445796,0.768199978043356,0.137671747758134,-0.00181097344506043,2,0.170902441241887
32.737459998587,0.768199978043356,0.137671747758134,-0.00181097344506043,2,0.170902441241887
32.9452355525944,0.768199978043356,0.137671747758134,-0.00181097344506043,2,0.170902441241887
33.4464224152955,0.768199978043356,0.137671747758134,-0.00181097344506043,2,0.170902441241887
33.8167176031851,0.80541826263061,0.137671747758134,-0.00181097344506043,2,0.170902441241887
34.1870127910747,0.80541826263061,0.166116981539801,-0.00181097344506043,2,0.170902441241887
34.5459947494832,0.80541826263061,0.166116981539801,-0.00181097344506043,2,0.170902441241887
34.9049767078916,0.80541826263061,0.166116981539801,-0.00181097344506043,2,0.170902441241887
35,0.80541826263061,0.166116981539801,-0.00181097344506043,2,0.175670223049571
35.475116460542,0.842645655382455,0.166116981539801,0.0173963062083544,2,0.175670223049571
36.0095875280279,0.842645655382455,0.166116981539801,0.0173963062083544,2,0.175670223049571
36.5411093981698,0.842645655382455,0.166116981539801,0.0173963062083544,2,0.175670223049571
37.0498188122455,0.87988220888235,0.194567049895909,0.0173963062083544,2,0.175670223049571
37.5348908876402,0.87988220888235,0.194567049895909,0.0173963062083544,2,0.175670223049571
38.0127971446413,0.87988220888235,0.194567049895909,0.0173963062083544,2,0.175670223049571
38.4562111733977,0.917127975767016,0.194567049895909,0.0173963062083544,2,0.175670223049571
38.9647900018512,0.917127975767016,0.194567049895909,0.0173963062083544,2,0.175670223049571
39.5105203000177,0.917127975767016,0.223021976198822,0.0173963062083544,2,0.175670223049571
40,0.954383008726666,0.223021976198822,0.0173963062083544,2,0.178496279615294
40.5099150811142,0.954383008726666,0.223021976198822,0.0366057381943392,2,0.178496279615294
41.045503464502,0.954383008726666,0.223021976198822,0.0366057381943392,2,0.178496279615294
41.5982148599102,0.99164736050534,0.25148178383688,0.0366057381943392,2,0.178496279615294
42.1778165617448,0.99164736050534,0.25148178383688,0.0366057381943392,2,0.178496279615294
42.7574182635794,1.02892108390171,0.25148178383688,0.0366057381943392,2,0.178496279615294
43.3330426271285,1.02892108390171,0.25148178383688,0.0366057381943392,2,0.178496279615294
43.9357520106053,1.02892108390171,0.279946496214109,0.0366057381943392,2,0.178496279615294
44.56958596494,1.06620423176901,0.279946496214109,0.0558173297012559,2,0.178496279615294
45,1.06620423176901,0.279946496214109,0.0558173297012559,2,0.18108597992543
45.637481639433,1.10349685701595,0.279946496214109,0.0558173297012559,2,0.18108597992543
46.1754860246866,1.10349685701595,0.30841613675085,0.0558173297012559,2,0.18108597992543
47.0121741430947,1.10349685701595,0.30841613675085,0.0558173297012559,2,0.18108597992543
47.682250105559,1.14079901260698,0.30841613675085,0.07503108792082,2,0.18108597992543
48.3750196680377,1.14079901260698,0.336890728883191,0.07503108792082,2,0.18108597992543
49.0980906898553,1.17811075156266,0.336890728883191,0.07503108792082,2,0.18108597992543
49.8211617116729,1.17811075156266,0.336890728883191,0.0942470200475896,2,0.18108597992543
50,1.17811075156266,0.365370296063759,0.0942470200475896,2,0.181783658707085
50.4708328605581,1.21543212696014,0.365370296063759,0.0942470200475896,2,0.181783658707085
51.2502275515843,1.21543212696014,0.365370296063759,0.0942470200475896,2,0.181783658707085
51.9448229510271,1.25276319193381,0.365370296063759,0.0942470200475896,2,0.181783658707085
52.8118161480605,1.25276319193381,0.39385486176144,0.113465133279703,2,0.181783658707085
53.6365501818089,1.29010399967541,0.39385486176144,0.113465133279703,2,0.181783658707085
54.4171517891599,1.29010399967541,0.422344449461548,0.113465133279703,2,0.181783658707085
55,1.29010399967541,0.422344449461548,0.132685434818029,2,0.182293327772635
55.7943717903905,1.32745460343466,0.422344449461548,0.132685434818029,2,0.182293327772635
56.5738483275982,1.32745460343466,0.450839082665937,0.132685434818029,2,0.182293327772635
57.523770357984,1.36481505651983,0.450839082665937,0.151907931867129,2,0.182293327772635
58.3659252707816,1.36481505651983,0.479338784893343,0.151907931867129,2,0.182293327772635
59.1482435970002,1.40218541229797,0.479338784893343,0.171132631634578,2,0.182293327772635
60,1.40218541229797,0.507843579679161,0.171132631634578,2,0.182868883769519
60.9208879950681,1.4395657241954,0.507843579679161,0.190359541331077,2,0.182868883769519
61.7685187141083,1.4395657241954,0.536353490575664,0.190359541331077,2,0.182868883769519
62.5665685832133,1.47695604569844,0.536353490575664,0.190359541331077,2,0.182868883769519
63.3646184523183,1.47695604569844,0.536353490575664,0.209588668170966,2,0.182868883769519
64.3761943958398,1.51435643035336,0.564868541152293,0.209588668170966,2,0.182868883769519
65,1.51435643035336,0.564868541152293,0.228820019371483,2,0.183477031954779
65.8041180432862,1.55176693176736,0.593388754995601,0.228820019371483,2,0.183477031954779
66.7624944590432,1.55176693176736,0.593388754995601,0.248053602153504,2,0.183477031954779
67.8138111938117,1.58918760360854,0.621914155709362,0.248053602153504,2,0.183477031954779
68.9265547390087,1.58918760360854,0.650444766914802,0.267289423740976,2,0.183477031954779
69.8951505145741,1.62661849960688,0.650444766914802,0.286527491361369,2,0.183477031954779
70,1.62661849960688,0.650444766914802,0.286527491361369,2,0.182106064371184
70.5242474271294,1.62661849960688,0.650444766914802,0.286527491361369,2,0.182106064371184
71.6582058055276,1.66405967355433,0.678980612250598,0.305767812245335,2,0.182106064371184
72.6712337373389,1.66405967355433,0.707521715373105,0.305767812245335,2,0.182106064371184
73.7237933169883,1.70151117930521,0.707521715373105,0.325010393626997,2,0.182106064371184
74.8169732306053,1.73897307077698,0.736068099956299,0.344255242743827,2,0.182106064371184
75,1.73897307077698,0.736068099956299,0.344255242743827,2,0.182376936779792
75.9151338469734,1.73897307077698,0.736068099956299,0.344255242743827,2,0.182376936779792
77.1537355016771,1.77644540195047,0.764619789692119,0.363502366836713,2,0.182376936779792
78.3392964620624,1.77644540195047,0.793176808290411,0.382751773150005,2,0.182376936779792
79.7166945549525,1.81392822687042,0.821739179479152,0.402003468931468,2,0.182376936779792
80,1.81392822687042,0.821739179479152,0.402003468931468,2,0.180898073644069
81.0467826404274,1.85142159964613,0.821739179479152,0.421257461432219,2,0.180898073644069
82.2049936946453,1.85142159964613,0.85030692700451,0.440513757906956,2,0.180898073644069
83.4869511668605,1.88892557445143,0.878880074630786,0.440513757906956,2,0.180898073644069
85,1.92644020552564,0.907458646141038,0.459772365613674,2,0.181024426140979
86.6121557514096,1.92644020552564,0.907458646141038,0.498296543773733,2,0.181024426140979
88.1775489212156,1.96396554717381,0.936042665336629,0.517562128760687,2,0.181024426140979
90,2.00150165376726,0.964632156037624,0.536830054047414,2,0.179339304392539
91.1398842503658,2.00150165376726,0.993227142082901,0.556100326909757,2,0.179339304392539
92.2797685007316,2.03904857974402,0.993227142082901,0.556100326909757,2,0.179339304392539
93.5882280488872,2.03904857974402,1.02182764733038,0.575372954627085,2,0.179339304392539
95,2.07660637960919,1.05043369565681,0.594647944482233,2,0.177263033128915
96.139090172487,2.07660637960919,1.07904531095795,0.613925303761846,2,0.177263033128915
97.2781803449739,2.11417510793564,1.07904531095795,0.633205039756149,2,0.177263033128915
98.5787405578699,2.11417510793564,1.10766251714932,0.652487159758891,2,0.177263033128915
100,2.15175481936444,1.13628533816518,0.671771671067688,2,0.175063787784459
101.146913367982,2.15175481936444,1.13628533816518,0.691058580983679,2,0.175063787784459
102.293826735964,2.15175481936444,1.1649137979598,0.710347896811697,2,0.175063787784459
103.603525248705,2.18934556860495,1.1649137979598,0.710347896811697,2,0.175063787784459
105,2.18934556860495,1.19354792050683,0.729639625860329,2,0.172757165054129
106.15710978794,2.22694741043597,1.22218772979954,0.748933775441969,2,0.172757165054129
107.31421957588,2.22694741043597,1.22218772979954,0.768230352872536,2,0.172757165054129
108.633753485432,2.26456039970572,1.25083324985144,0.787529365471869,2,0.172757165054129
110,2.26456039970572,1.27948450469546,0.806830820563675,2,0.172279261432279
111.508241651228,2.26456039970572,1.27948450469546,0.826134725475185,2,0.172279261432279
112.827029642104,2.30218459133221,1.30814151838518,0.845441087537608,2,0.172279261432279
114.254409430874,2.30218459133221,1.33680431499391,0.864749914085905,2,0.172279261432279
115,2.33982004030435,1.33680431499391,0.864749914085905,2,0.169932948061036
116.178833257861,2.33982004030435,1.36547291861569,0.884061212459073,2,0.169932948061036
117.357666515722,2.33982004030435,1.36547291861569,0.903374989999634,2,0.169932948061036
118.665546443201,2.37746680168186,1.3941473533647,0.922691254054257,2,0.169932948061036
120,2.37746680168186,1.3941473533647,0.94201001197348,2,0.167124959877423
121.097516003637,2.37746680168186,1.42282764337585,0.94201001197348,2,0.167124959877423
122.195032007273,2.37746680168186,1.42282764337585,0.961331271111533,2,0.167124959877423
123.43577368489,2.41512493059588,1.45151381280465,0.98065503882674,2,0.167124959877423
124.813873199966,2.41512493059588,1.45151381280465,0.999981322481403,2,0.167124959877423
125,2.41512493059588,1.48020588582762,0.999981322481403,2,0.166110415620623
125.930634000172,2.41512493059588,1.48020588582762,1.01931012944164,2,0.166110415620623
127.280706582281,2.4527944822496,1.48020588582762,1.01931012944164,2,0.166110415620623
128.740383670536,2.4527944822496,1.50890388664186,1.03864146707764,2,0.166110415620623
130,2.4527944822496,1.53760783946592,1.0579753427636,2,0.163242666161177
131.107811333202,2.4527944822496,1.53760783946592,1.07731176387762,2,0.163242666161177
132.215622666404,2.49047551191859,1.53760783946592,1.09665073780189,2,0.163242666161177
133.473847626675,2.49047551191859,1.56631776853919,1.09665073780189,2,0.163242666161177
135,2.49047551191859,1.59503369812256,1.11599227192272,2,0.161896591998189
136.571120014108,2.52816807495134,1.59503369812256,1.13533637363031,2,0.161896591998189
137.902608718566,2.52816807495134,1.62375565249829,1.15468305031902,2,0.161896591998189
139.363970073035,2.52816807495134,1.62375565249829,1.17403230938726,2,0.161896591998189
140,2.52816807495134,1.62375565249829,1.17403230938726,2,0.160637667199275
141.032880191621,2.52816807495134,1.65248365597012,1.19338415823762,2,0.160637667199275
142.108883677638,2.56587222676984,1.65248365597012,1.19338415823762,2,0.160637667199275
143.469856358567,2.56587222676984,1.6812177328635,1.21273860427681,2,0.160637667199275
145,2.56587222676984,1.6812177328635,1.23209565491561,2,0.157231671364922
146.396479872724,2.56587222676984,1.70995790752568,1.25145531756897,2,0.157231671364922
147.517486616267,2.56587222676984,1.70995790752568,1.25145531756897,2,0.157231671364922
148.814703903073,2.60358802286993,1.70995790752568,1.27081759965608,2,0.157231671364922
150,2.60358802286993,1.73870420432587,1.29018250860025,2,0.155354766171004
151.49094549241,2.60358802286993,1.73870420432587,1.29018250860025,2,0.155354766171004
152.690098801414,2.60358802286993,1.76745664765514,1.30955005182904,2,0.155354766171004
154.09730484117,2.60358802286993,1.76745664765514,1.32892023677414,2,0.155354766171004
155,2.60358802286993,1.76745664765514,1.32892023677414,2,0.153608136913609
156.489198817733,2.60358802286993,1.79621526192682,1.34829307087165,2,0.153608136913609
157.699702788443,2.64131551882178,1.79621526192682,1.36766856156186,2,0.153608136913609
159.119256258145,2.64131551882178,1.82498007157659,1.36766856156186,2,0.153608136913609
160,2.64131551882178,1.82498007157659,1.38704671628921,2,0.153682375411986
161.576757023906,2.64131551882178,1.82498007157659,1.38704671628921,2,0.153682375411986
162.958406120289,2.64131551882178,1.85375110106241,1.40642754250257,2,0.153682375411986
164.327796003989,2.64131551882178,1.85375110106241,1.42581104765526,2,0.153682375411986
165,2.64131551882178,1.85375110106241,1.42581104765526,2,0.151856927287606
166.230054082783,2.64131551882178,1.85375110106241,1.42581104765526,2,0.151856927287606
167.460108165565,2.64131551882178,1.88252837486476,1.44519723920445,2,0.151856927287606
168.782699931889,2.67905477027057,1.88252837486476,1.46458612461214,2,0.151856927287606
170,2.67905477027057,1.88252837486476,1.46458612461214,2,0.14957489034982
171.208575999939,2.67905477027057,1.9113119174869,1.48397771134455,2,0.14957489034982
172.417151999877,2.67905477027057,1.9113119174869,1.48397771134455,2,0.14957489034982
173.807822061566,2.67905477027057,1.9113119174869,1.50337200687215,2,0.14957489034982
175,2.67905477027057,1.9113119174869,1.50337200687215,2,0.149124427950718
176.403594209604,2.67905477027057,1.94010175345477,1.52276901866992,2,0.149124427950718
177.807188419209,2.67905477027057,1.94010175345477,1.52276901866992,2,0.149124427950718
179.404959258818,2.67905477027057,1.94010175345477,1.54216875421719,2,0.149124427950718
180,2.67905477027057,1.94010175345477,1.54216875421719,2,0.146857550267749
181.140470048988,2.67905477027057,1.96889790731717,1.54216875421719,2,0.146857550267749
182.280940097976,2.67905477027057,1.96889790731717,1.56157122099773,2,0.146857550267749
183.580682508576,2.67905477027057,1.96889790731717,1.56157122099773,2,0.146857550267749
185,2.71680583293664,1.96889790731717,1.58097642649994,2,0.146170411469196
186.642526460649,2.71680583293664,1.99770040364592,1.58097642649994,2,0.146170411469196
188.066157319582,2.71680583293664,1.99770040364592,1.60038437821623,2,0.146170411469196
189.585922575655,2.71680583293664,1.99770040364592,1.60038437821623,2,0.146170411469196
190,2.71680583293664,1.99770040364592,1.60038437821623,2,0.145626521277474
191.752000571612,2.71680583293664,2.0265092670362,1.61979508364408,2,0.145626521277474
193.161129987559,2.71680583293664,2.0265092670362,1.61979508364408,2,0.145626521277474
194.578350622839,2.71680583293664,2.0265092670362,1.63920855028505,2,0.145626521277474
195,2.71680583293664,2.0265092670362,1.63920855028505,2,0.144959381244985
196.697508103248,2.71680583293664,2.0265092670362,1.63920855028505,2,0.144959381244985
198.095820159669,2.71680583293664,2.0265092670362,1.65862478564526,2,0.144959381244985
199.754137938749,2.71680583293664,2.05532452210628,1.65862478564526,2,0.144959381244985
200,2.71680583293664,2.05532452210628,1.65862478564526,2,0.14415678856407
201.229310306256,2.71680583293664,2.05532452210628,1.65862478564526,2,0.14415678856407
202.65115563936,2.71680583293664,2.05532452210628,1.67804379723549,2,0.14415678856407
204.247826713471,2.71680583293664,2.05532452210628,1.67804379723549,2,0.14415678856407
205,2.71680583293664,2.05532452210628,1.67804379723549,2,0.143245044201223
206.864207591183,2.71680583293664,2.08414619349765,1.69746559257106,2,0.143245044201223
208.392868074784,2.71680583293664,2.08414619349765,1.69746559257106,2,0.143245044201223
210,2.71680583293664,2.08414619349765,1.71689017917186,2,0.14224595421622
211.55251325638,2.71680583293664,2.08414619349765,1.71689017917186,2,0.14224595421622
212.981185494006,2.71680583293664,2.08414619349765,1.71689017917186,2,0.14224595421622
214.657271889202,2.71680583293664,2.08414619349765,1.71689017917186,2,0.14224595421622
215,2.71680583293664,2.08414619349765,1.73631756456217,2,0.141172722785635
215.964983671964,2.71680583293664,2.08414619349765,1.73631756456217,2,0.141172722785635
217.228344231884,2.71680583293664,2.11297430587575,1.73631756456217,2,0.141172722785635
218.604402295941,2.71680583293664,2.11297430587575,1.73631756456217,2,0.141172722785635
220,2.71680583293664,2.11297430587575,1.73631756456217,2,0.140032556287501
221.377256474717,2.71680583293664,2.11297430587575,1.75574775627103,2,0.140032556287501
222.754512949433,2.71680583293664,2.11297430587575,1.75574775627103,2,0.140032556287501
224.357762873712,2.71680583293664,2.11297430587575,1.75574775627103,2,0.140032556287501
225,2.71680583293664,2.11297430587575,1.75574775627103,2,0.140804824190499
226.443232750204,2.71680583293664,2.11297430587575,1.77518076183225,2,0.140804824190499
227.886465500407,2.71680583293664,2.11297430587575,1.77518076183225,2,0.140804824190499
229.582234686021,2.71680583293664,2.14180888392929,1.77518076183225,2,0.140804824190499
230,2.71680583293664,2.14180888392929,1.77518076183225,2,0.139784991869525
231.251635974215,2.71680583293664,2.14180888392929,1.77518076183225,2,0.139784991869525
232.722734200195,2.71680583293664,2.14180888392929,1.77518076183225,2,0.139784991869525
234.37669924531,2.71680583293664,2.14180888392929,1.79461658878398,2,0.139784991869525
235,2.71680583293664,2.14180888392929,1.79461658878398,2,0.140381264577857
236.433939580922,2.71680583293664,2.14180888392929,1.79461658878398,2,0.140381264577857
237.867879161845,2.71680583293664,2.14180888392929,1.79461658878398,2,0.140381264577857
239.496123856278,2.71680583293664,2.14180888392929,1.79461658878398,2,0.140381264577857
240,2.71680583293664,2.14180888392929,1.79461658878398,2,0.139188260238093
241.241404193261,2.71680583293664,2.14180888392929,1.79461658878398,2,0.139188260238093
242.482808386521,2.71680583293664,2.14180888392929,1.81405524466919,2,0.139188260238093
243.922492561691,2.71680583293664,2.14180888392929,1.81405524466919,2,0.139188260238093
245,2.71680583293664,2.14180888392929,1.81405524466919,2,0.139653913363422
246.774710866515,2.71680583293664,2.14180888392929,1.81405524466919,2,0.139653913363422
248.24671451825,2.71680583293664,2.14180888392929,1.81405524466919,2,0.139653913363422
250,2.71680583293664,2.14180888392929,1.81405524466919,2,0.13836182574658
251.440377513194,2.71680583293664,2.17064995237098,1.81405524466919,2,0.13836182574658
252.880755026387,2.71680583293664,2.17064995237098,1.83349673703555,2,0.13836182574658
254.566976310588,2.71680583293664,2.17064995237098,1.83349673703555,2,0.13836182574658
255,2.71680583293664,2.17064995237098,1.83349673703555,2,0.138747623470982
257.054037543107,2.71680583293664,2.17064995237098,1.83349673703555,2,0.138747623470982
258.877032530339,2.71680583293664,2.17064995237098,1.83349673703555,2,0.138747623470982
260,2.71680583293664,2.17064995237098,1.83349673703555,2,0.139362419278215
261.391449275204,2.71680583293664,2.17064995237098,1.83349673703555,2,0.139362419278215
262.782898550408,2.71680583293664,2.17064995237098,1.83349673703555,2,0.139362419278215
264.442039693781,2.71680583293664,2.17064995237098,1.83349673703555,2,0.139362419278215
265,2.71680583293664,2.17064995237098,1.83349673703555,2,0.139928333834089
267.263731262135,2.71680583293664,2.17064995237098,1.83349673703555,2,0.139928333834089
269.119471458774,2.71680583293664,2.17064995237098,1.8529410734352,2,0.139928333834089
270,2.71680583293664,2.17064995237098,1.8529410734352,2,0.140426097392705
271.399587047249,2.71680583293664,2.17064995237098,1.8529410734352,2,0.140426097392705
272.799174094497,2.71680583293664,2.17064995237098,1.8529410734352,2,0.140426097392705
274.454116974713,2.71680583293664,2.17064995237098,1.8529410734352,2,0.140426097392705
275,2.71680583293664,2.17064995237098,1.8529410734352,2,0.138901174732131
276.226419008323,2.71680583293664,2.17064995237098,1.8529410734352,2,0.138901174732131
277.452838016646,2.71680583293664,2.17064995237098,1.8529410734352,2,0.138901174732131
278.892154344039,2.71680583293664,2.17064995237098,1.8529410734352,2,0.138901174732131
280,2.71680583293664,2.17064995237098,1.8529410734352,2,0.139082718842652
281.88717651318,2.71680583293664,2.17064995237098,1.8529410734352,2,0.139082718842652
283.937028995375,2.71680583293664,2.17064995237098,1.8529410734352,2,0.139082718842652
285,2.71680583293664,2.17064995237098,1.8529410734352,2,0.139550358028338
286.411536504356,2.71680583293664,2.17064995237098,1.8529410734352,2,0.139550358028338
287.823073008712,2.71680583293664,2.17064995237098,1.8529410734352,2,0.139550358028338
289.486558945255,2.71680583293664,2.17064995237098,1.8529410734352,2,0.139550358028338
290,2.71680583293664,2.17064995237098,1.8529410734352,2,0.140009095524178
292.339630267919,2.71680583293664,2.17064995237098,1.8529410734352,2,0.140009095524178
294.644741793278,2.71680583293664,2.17064995237098,1.8529410734352,2,0.140009095524178
295,2.71680583293664,2.17064995237098,1.8529410734352,2,0.14042271252424
296.419543427107,2.71680583293664,2.17064995237098,1.8529410734352,2,0.14042271252424
297.839086854214,2.71680583293664,2.17064995237098,1.8529410734352,2,0.14042271252424
299.496124270143,2.71680583293664,2.17064995237098,1.8529410734352,2,0.14042271252424
300,2.71680583293664,2.17064995237098,1.8529410734352,2,0.140802904406279
302.332461850943,2.71680583293664,2.17064995237098,1.8529410734352,2,0.140802904406279
304.545536309668,2.71680583293664,2.17064995237098,1.8529410734352,2,0.140802904406279
305,2.71680583293664,2.17064995237098,1.8529410734352,2,0.141163491427422
307.272318451661,2.71680583293664,2.17064995237098,1.8529410734352,2,0.141163491427422
309.62571364672,2.71680583293664,2.17064995237098,1.87238826142533,2,0.141163491427422
310,2.71680583293664,2.17064995237098,1.87238826142533,2,0.141513511198458
311.415898215621,2.71680583293664,2.17064995237098,1.87238826142533,2,0.141513511198458
312.831796431242,2.71680583293664,2.17064995237098,1.87238826142533,2,0.141513511198458
314.489739317384,2.71680583293664,2.17064995237098,1.87238826142533,2,0.141513511198458
315,2.71680583293664,2.17064995237098,1.87238826142533,2,0.141858047680526
317.332233993255,2.71680583293664,2.17064995237098,1.87238826142533,2,0.141858047680526
319.629621924962,2.71680583293664,2.17064995237098,1.87238826142533,2,0.141858047680526
320,2.71680583293664,2.17064995237098,1.87238826142533,2,0.142199791699434
321.851890375191,2.71680583293664,2.17064995237098,1.87238826142533,2,0.142199791699434
325,2.71680583293664,2.17064995237098,1.87238826142533,2,0.142540127221698
326.303572653131,2.71680583293664,2.17064995237098,1.87238826142533,2,0.142540127221698
327.607145306262,2.71680583293664,2.17064995237098,1.87238826142533,2,0.142540127221698
329.252579922598,2.71680583293664,2.17064995237098,1.87238826142533,2,0.142540127221698
330,2.71680583293664,2.17064995237098,1.87238826142533,2,0.142879755887458
332.25600723195,2.71680583293664,2.17064995237098,1.87238826142533,2,0.142879755887458
334.558445505449,2.71680583293664,2.17064995237098,1.87238826142533,2,0.142879755887458
335,2.71680583293664,2.17064995237098,1.87238826142533,2,0.143219030765525
336.39865346978,2.71680583293664,2.17064995237098,1.87238826142533,2,0.143219030765525
337.797306939561,2.71680583293664,2.17064995237098,1.87238826142533,2,0.143219030765525
339.449951564894,2.71680583293664,2.17064995237098,1.87238826142533,2,0.143219030765525
340,2.71680583293664,2.17064995237098,1.87238826142533,2,0.143558128823065
342.314598874821,2.71680583293664,2.17064995237098,1.87238826142533,2,0.143558128823065
344.6086464817,2.71680583293664,2.17064995237098,1.87238826142533,2,0.143558128823065
345,2.71680583293664,2.17064995237098,1.87238826142533,2,0.143897138574696
346.956767591499,2.71680583293664,2.17064995237098,1.87238826142533,2,0.143897138574696
350,2.71680583293664,2.17064995237098,1.87238826142533,2,0.144236104243624
351.310349151804,2.71680583293664,2.17064995237098,1.87238826142533,2,0.144236104243624
352.620698303607,2.71680583293664,2.17064995237098,1.87238826142533,2,0.144236104243624
354.265434821328,2.71680583293664,2.17064995237098,1.87238826142533,2,0.144236104243624
355,2.71680583293664,2.17064995237098,1.87238826142533,2,0.144575047911128
357.258205336265,2.71680583293664,2.17064995237098,1.87238826142533,2,0.144575047911128
359.558951204392,2.71680583293664,2.17064995237098,1.87238826142533,2,0.144575047911128
360,2.71680583293664,2.17064995237098,1.87238826142533,2,0.144913980599152
362.014426551365,2.71680583293664,2.17064995237098,1.87238826142533,2,0.144913980599152
364.549673589358,2.71680583293664,2.19949753593744,1.87238826142533,2,0.144913980599152
365,2.71680583293664,2.19949753593744,1.87238826142533,2,0.14525290780838
366.395917489453,2.71680583293664,2.19949753593744,1.87238826142533,2,0.14525290780838
367.791834978905,2.71680583293664,2.19949753593744,1.87238826142533,2,0.14525290780838
369.44599032905,2.75456876261643,2.19949753593744,1.87238826142533,2,0.14525290780838
370,2.75456876261643,2.19949753593744,1.87238826142533,2,0.145591832283765
372.31624034858,2.75456876261643,2.19949753593744,1.87238826142533,2,0.145591832283765
374.613406228247,2.75456876261643,2.19949753593744,1.87238826142533,2,0.145591832283765
375,2.75456876261643,2.19949753593744,1.87238826142533,2,0.145930755395026
376.932968858764,2.75456876261643,2.19949753593744,1.87238826142533,2,0.145930755395026
379.491943196317,2.75456876261643,2.19949753593744,1.87238826142533,2,0.145930755395026
380,2.75456876261643,2.19949753593744,1.87238826142533,2,0.146269677825627
381.40120106616,2.75456876261643,2.19949753593744,1.87238826142533,2,0.146269677825627
382.80240213232,2.75456876261643,2.19949753593744,1.87238826142533,2,0.146269677825627
384.457912362053,2.75456876261643,2.19949753593744,1.87238826142533,2,0.146269677825627
385,2.75456876261643,2.19949753593744,1.87238826142533,2,0.144631210386754
386.223925023539,2.75456876261643,2.19949753593744,1.87238826142533,2,0.144631210386754
387.447850047077,2.75456876261643,2.19949753593744,1.87238826142533,2,0.144631210386754
388.885815615296,2.75456876261643,2.19949753593744,1.87238826142533,2,0.144631210386754
390,2.75456876261643,2.19949753593744,1.87238826142533,2,0.144725573863212
391.884254954088,2.75456876261643,2.19949753593744,1.87238826142533,2,0.144725573863212
393.933056299553,2.75456876261643,2.19949753593744,1.87238826142533,2,0.144725573863212
395,2.75456876261643,2.19949753593744,1.87238826142533,2,0.145119904275558
397.942742214979,2.75456876261643,2.19949753593744,1.87238826142533,2,0.145119904275558
400,2.75456876261643,2.19949753593744,1.87238826142533,2,0.145512446924405
401.375242227419,2.75456876261643,2.19949753593744,1.87238826142533,2,0.145512446924405
402.750484454837,2.75456876261643,2.19949753593744,1.87238826142533,2,0.145512446924405
404.405918132018,2.75456876261643,2.19949753593744,1.87238826142533,2,0.145512446924405
405,2.75456876261643,2.19949753593744,1.87238826142533,2,0.14586347027784
407.308077081782,2.75456876261643,2.19949753593744,1.87238826142533,2,0.14586347027784
409.610406746326,2.75456876261643,2.19949753593744,1.87238826142533,2,0.14586347027784
410,2.75456876261643,2.19949753593744,1.87238826142533,2,0.146182879229219
411.411384460348,2.75456876261643,2.19949753593744,1.87238826142533,2,0.146182879229219
412.822768920696,2.75456876261643,2.19949753593744,1.89183830856763,2,0.146182879229219
414.479470708014,2.75456876261643,2.19949753593744,1.89183830856763,2,0.146182879229219
415,2.75456876261643,2.19949753593744,1.89183830856763,2,0.146483590517806
417.328243051353,2.75456876261643,2.19949753593744,1.89183830856763,2,0.146483590517806
419.625636609385,2.75456876261643,2.19949753593744,1.89183830856763,2,0.146483590517806
420,2.75456876261643,2.19949753593744,1.89183830856763,2,0.14677418821318
421.871816953073,2.75456876261643,2.19949753593744,1.89183830856763,2,0.14677418821318
425,2.79234361518269,2.19949753593744,1.89183830856763,2,0.147059529246128
428.523546106415,2.79234361518269,2.22835165938909,1.89183830856763,2,0.147059529246128
430,2.79234361518269,2.22835165938909,1.89183830856763,2,0.147342190966542
431.285045225638,2.79234361518269,2.22835165938909,1.89183830856763,2,0.147342190966542
432.570090451276,2.79234361518269,2.22835165938909,1.89183830856763,2,0.147342190966542
434.216797581698,2.79234361518269,2.22835165938909,1.89183830856763,2,0.147342190966542
435,2.79234361518269,2.22835165938909,1.89183830856763,2,0.147623500667867
437.249703900171,2.79234361518269,2.22835165938909,1.89183830856763,2,0.147623500667867
439.557965184851,2.79234361518269,2.22835165938909,1.89183830856763,2,0.147623500667867
440,2.79234361518269,2.22835165938909,1.89183830856763,2,0.147904131698235
442.210174075744,2.79234361518269,2.22835165938909,1.89183830856763,2,0.147904131698235
445,2.79234361518269,2.22835165938909,1.89183830856763,2,0.148184423005928
446.342423437753,2.79234361518269,2.22835165938909,1.89183830856763,2,0.148184423005928
447.684846875506,2.79234361518269,2.22835165938909,1.89183830856763,2,0.148184423005928
449.338185142455,2.79234361518269,2.22835165938909,1.89183830856763,2,0.148184423005928
450,2.79234361518269,2.22835165938909,1.89183830856763,2,0.14648670669792
451.228258837757,2.79234361518269,2.22835165938909,1.89183830856763,2,0.14648670669792
452.456517675515,2.79234361518269,2.22835165938909,1.89183830856763,2,0.14648670669792
453.898373606742,2.79234361518269,2.22835165938909,1.89183830856763,2,0.14648670669792
455,2.79234361518269,2.22835165938909,1.89183830856763,2,0.14652212951191
456.892085257469,2.79234361518269,2.22835165938909,1.89183830856763,2,0.14652212951191
458.945298925269,2.79234361518269,2.22835165938909,1.89183830856763,2,0.14652212951191
460,2.79234361518269,2.22835165938909,1.91129122242847,2,0.146857545015012
463.138332046118,2.79234361518269,2.22835165938909,1.91129122242847,2,0.146857545015012
465,2.79234361518269,2.22835165938909,1.91129122242847,2,0.147191151262005
466.350768908173,2.79234361518269,2.22835165938909,1.91129122242847,2,0.147191151262005
467.701537816346,2.79234361518269,2.22835165938909,1.91129122242847,2,0.147191151262005
469.358411610031,2.79234361518269,2.22835165938909,1.91129122242847,2,0.147191151262005
470,2.79234361518269,2.22835165938909,1.91129122242847,2,0.147483218277594
472.298526929641,2.79234361518269,2.22835165938909,1.91129122242847,2,0.147483218277594
474.607205163929,2.79234361518269,2.22835165938909,1.91129122242847,2,0.147483218277594
475,2.79234361518269,2.22835165938909,1.91129122242847,2,0.147743658472778
476.963974180356,2.79234361518269,2.22835165938909,1.91129122242847,2,0.147743658472778
479.710472350929,2.79234361518269,2.22835165938909,1.91129122242847,2,0.147743658472778
480,2.79234361518269,2.22835165938909,1.91129122242847,2,0.147985394146036
481.447638245357,2.83013044658492,2.25721234751069,1.91129122242847,2,0.147985394146036
484.282145512719,2.83013044658492,2.25721234751069,1.91129122242847,2,0.147985394146036
485,2.83013044658492,2.25721234751069,1.91129122242847,2,0.148217012625818
486.376562401373,2.83013044658492,2.25721234751069,1.91129122242847,2,0.148217012625818
487.753124802747,2.83013044658492,2.25721234751069,1.91129122242847,2,0.148217012625818
489.413056681028,2.83013044658492,2.25721234751069,1.91129122242847,2,0.148217012625818
490,2.83013044658492,2.25721234751069,1.91129122242847,2,0.148443372599075
492.316510627945,2.83013044658492,2.25721234751069,1.91129122242847,2,0.148443372599075
494.624358253991,2.83013044658492,2.25721234751069,1.91129122242847,2,0.148443372599075
495,2.83013044658492,2.25721234751069,1.91129122242847,2,0.148667052326863
496.878208730043,2.83013044658492,2.25721234751069,1.91129122242847,2,0.148667052326863
500,2.83013044658492,2.25721234751069,1.91129122242847,2,0.148889379566629
503.622546278558,2.83013044658492,2.25721234751069,1.93074701057907,2,0.148889379566629
505,2.83013044658492,2.25721234751069,1.93074701057907,2,0.14713274010446
506.338766082057,2.83013044658492,2.25721234751069,1.93074701057907,2,0.14713274010446
507.677532164114,2.83013044658492,2.25721234751069,1.93074701057907,2,0.14713274010446
509.335074288736,2.83013044658492,2.25721234751069,1.93074701057907,2,0.14713274010446
510,2.83013044658492,2.25721234751069,1.93074701057907,2,0.14710937905793
511.380687267169,2.83013044658492,2.25721234751069,1.93074701057907,2,0.14710937905793
512.761374534338,2.83013044658492,2.25721234751069,1.93074701057907,2,0.14710937905793
514.398181087208,2.83013044658492,2.25721234751069,1.93074701057907,2,0.14710937905793
515,2.83013044658492,2.25721234751069,1.93074701057907,2,0.147385951436622
516.429910604882,2.83013044658492,2.25721234751069,1.93074701057907,2,0.147385951436622
517.859821209764,2.83013044658492,2.25721234751069,1.93074701057907,2,0.147385951436622
519.559446634015,2.83013044658492,2.25721234751069,1.93074701057907,2,0.147385951436622
520,2.83013044658492,2.25721234751069,1.93074701057907,2,0.147660650448711
522.202766829926,2.83013044658492,2.25721234751069,1.93074701057907,2,0.147660650448711
524.566467113405,2.83013044658492,2.25721234751069,1.93074701057907,2,0.147660650448711
525,2.83013044658492,2.25721234751069,1.93074701057907,2,0.14789376897562
527.167664432977,2.83013044658492,2.25721234751069,1.93074701057907,2,0.14789376897562
530,2.83013044658492,2.25721234751069,1.93074701057907,2,0.148095237612736
531.348215225394,2.83013044658492,2.25721234751069,1.93074701057907,2,0.148095237612736
532.696430450788,2.83013044658492,2.25721234751069,1.93074701057907,2,0.148095237612736
534.355812947846,2.83013044658492,2.25721234751069,1.93074701057907,2,0.148095237612736
535,2.83013044658492,2.25721234751069,1.93074701057907,2,0.148277989550473
537.244418543218,2.83013044658492,2.25721234751069,1.93074701057907,2,0.148277989550473
539.561107963845,2.83013044658492,2.25721234751069,1.93074701057907,2,0.148277989550473
540,2.83013044658492,2.25721234751069,1.93074701057907,2,0.148450618039789
542.194460180775,2.83013044658492,2.28607962511137,1.93074701057907,2,0.148450618039789
545,2.83013044658492,2.28607962511137,1.93074701057907,2,0.148617984853612
547.809675442036,2.83013044658492,2.28607962511137,1.95020568059562,2,0.148617984853612
550,2.83013044658492,2.28607962511137,1.95020568059562,2,0.148782669827893
552.936873551639,2.83013044658492,2.28607962511137,1.95020568059562,2,0.148782669827893
555,2.83013044658492,2.28607962511137,1.95020568059562,2,0.148946001515311
559.311151114891,2.86792931284998,2.28607962511137,1.95020568059562,2,0.148946001515311
560,2.86792931284998,2.28607962511137,1.95020568059562,2,0.14910865389735
561.351824137456,2.86792931284998,2.28607962511137,1.95020568059562,2,0.14910865389735
562.703648274913,2.86792931284998,2.28607962511137,1.95020568059562,2,0.14910865389735
564.364569776491,2.86792931284998,2.28607962511137,1.95020568059562,2,0.14910865389735
565,2.86792931284998,2.28607962511137,1.95020568059562,2,0.147292226760455
566.232160307011,2.86792931284998,2.28607962511137,1.95020568059562,2,0.147292226760455
567.464320614023,2.86792931284998,2.28607962511137,1.95020568059562,2,0.147292226760455
568.911959064194,2.86792931284998,2.28607962511137,1.95020568059562,2,0.147292226760455
570,2.86792931284998,2.28607962511137,1.95020568059562,2,0.147209643738937
571.902642933804,2.86792931284998,2.28607962511137,1.95020568059562,2,0.147209643738937
573.962636337662,2.86792931284998,2.28607962511137,1.95020568059562,2,0.147209643738937
575,2.86792931284998,2.28607962511137,1.95020568059562,2,0.147427147640224
578.157432682889,2.86792931284998,2.28607962511137,1.95020568059562,2,0.147427147640224
580,2.86792931284998,2.28607962511137,1.95020568059562,2,0.147642820225
583.73982330826,2.86792931284998,2.28607962511137,1.95020568059562,2,0.147642820225
585,2.86792931284998,2.28607962511137,1.95020568059562,2,0.147816924041311
588.442011249685,2.86792931284998,2.28607962511137,1.95020568059562,2,0.147816924041311
590,2.86792931284998,2.28607962511137,1.95020568059562,2,0.147959381328907
592.464054504202,2.86792931284998,2.28607962511137,1.95020568059562,2,0.147959381328907
595,2.86792931284998,2.28607962511137,1.95020568059562,2,0.148083122927579
597.319707505494,2.86792931284998,2.28607962511137,1.95020568059562,2,0.148083122927579
599.639415010988,2.86792931284998,2.28607962511137,1.95020568059562,2,0.148083122927579
600,2.86792931284998,2.28607962511137,1.95020568059562,2,0.148196741403205
601.429049322346,2.86792931284998,2.28607962511137,1.95020568059562,2,0.148196741403205
602.858098644692,2.86792931284998,2.28607962511137,1.96966724005875,2,0.148196741403205
604.528846495769,2.86792931284998,2.28607962511137,1.96966724005875,2,0.148196741403205
605,2.86792931284998,2.28607962511137,1.96966724005875,2,0.148305098317726
607.355767521153,2.86792931284998,2.28607962511137,1.96966724005875,2,0.148305098317726
609.667334191136,2.86792931284998,2.28607962511137,1.96966724005875,2,0.148305098317726
610,2.86792931284998,2.28607962511137,1.96966724005875,2,0.148410773436916
611.66332904432,2.86792931284998,2.28607962511137,1.96966724005875,2,0.148410773436916
614.544993315051,2.86792931284998,2.28607962511137,1.96966724005875,2,0.148410773436916
615,2.86792931284998,2.28607962511137,1.96966724005875,2,0.148515095287852
617.092679108769,2.86792931284998,2.28607962511137,1.96966724005875,2,0.148515095287852
620,2.86792931284998,2.28607962511137,1.96966724005875,2,0.148618737841767
623.378193696652,2.86792931284998,2.28607962511137,1.96966724005875,2,0.148618737841767
625,2.86792931284998,2.28607962511137,1.96966724005875,2,0.148722040359881
629.242195588476,2.86792931284998,2.28607962511137,1.96966724005875,2,0.148722040359881
630,2.86792931284998,2.28607962511137,1.96966724005875,2,0.148825172919365
633.789022057618,2.86792931284998,2.28607962511137,1.96966724005875,2,0.148825172919365
635,2.86792931284998,2.31495351702443,1.96966724005875,2,0.148928220596844
640,2.86792931284998,2.31495351702443,1.96966724005875,2,0.149031225900043
644.13925708771,2.86792931284998,2.31495351702443,1.96966724005875,2,0.149031225900043
645,2.86792931284998,2.31495351702443,1.96966724005875,2,0.149134210054268
646.330615417193,2.86792931284998,2.31495351702443,1.96966724005875,2,0.149134210054268
647.661230834385,2.86792931284998,2.31495351702443,1.96966724005875,2,0.149134210054268
649.32228616953,2.86792931284998,2.31495351702443,1.96966724005875,2,0.149134210054268
650,2.86792931284998,2.31495351702443,1.96966724005875,2,0.149237183654356
652.295648241211,2.86792931284998,2.31495351702443,1.96966724005875,2,0.149237183654356
654.613105812343,2.86792931284998,2.31495351702443,1.96966724005875,2,0.149237183654356
655,2.86792931284998,2.31495351702443,1.96966724005875,2,0.147360959123313
656.240314654231,2.86792931284998,2.31495351702443,1.96966724005875,2,0.147360959123313
657.480629308461,2.86792931284998,2.31495351702443,1.96966724005875,2,0.147360959123313
658.920059793321,2.86792931284998,2.31495351702443,1.96966724005875,2,0.147360959123313
660,2.86792931284998,2.31495351702443,1.96966724005875,2,0.147219143352046
661.892917468318,2.86792931284998,2.31495351702443,1.96966724005875,2,0.147219143352046
663.940756135543,2.86792931284998,2.31495351702443,1.96966724005875,2,0.147219143352046
665,2.86792931284998,2.31495351702443,1.96966724005875,2,0.147377566853108
668.128319076049,2.86792931284998,2.31495351702443,1.96966724005875,2,0.147377566853108
670,2.86792931284998,2.31495351702443,1.96966724005875,2,0.147534200348204
673.166940108448,2.86792931284998,2.31495351702443,1.96966724005875,2,0.147534200348204
675,2.86792931284998,2.31495351702443,1.96966724005875,2,0.147649276377823
678.453985745894,2.86792931284998,2.31495351702443,1.96966724005875,2,0.147649276377823
680,2.86792931284998,2.31495351702443,1.96966724005875,2,0.147732709021378
682.460493824984,2.86792931284998,2.31495351702443,1.96966724005875,2,0.147732709021378
685,2.86792931284998,2.31495351702443,1.96966724005875,2,0.147797426874258
687.451400168037,2.86792931284998,2.31495351702443,1.96966724005875,2,0.147797426874258
690,2.86792931284998,2.31495351702443,1.96966724005875,2,0.147852021872617
692.506918027156,2.86792931284998,2.31495351702443,1.96966724005875,2,0.147852021872617
695,2.86792931284998,2.31495351702443,1.96966724005875,2,0.147901355395661
698.209565737221,2.86792931284998,2.31495351702443,1.96966724005875,2,0.147901355395661
699.999999999993,2.86792931284998,2.31495351702443,1.98913169655407,2,0.147901355395661
700,2.86792931284998,2.31495351702443,1.98913169655407,-3,-0.204324720119474
700.000000000007,2.86792931284998,2.31495351702443,1.98913169655407,-3,-0.204324720119474
700.442642972672,2.86792931284998,2.31495351702443,1.98913169655407,-3,-0.204324720119474
700.885285945337,2.86792931284998,2.31495351702443,1.98913169655407,-3,-0.204324720119474
701.371642520634,2.83013044658492,2.31495351702443,1.98913169655407,-3,-0.204324720119474
701.87911175152,2.83013044658492,2.31495351702443,1.98913169655407,-3,-0.204324720119474
702.411384321397,2.79234361518269,2.31495351702443,1.98913169655407,-3,-0.204324720119474
702.970755814803,2.75456876261643,2.31495351702443,1.98913169655407,-3,-0.204324720119474
703.559988605335,2.71680583293664,2.31495351702443,1.98913169655407,-3,-0.204324720119474
704.182257293789,2.67905477027057,2.31495351702443,1.98913169655407,-3,-0.204324720119474
704.841241277294,2.64131551882178,2.31495351702443,1.98913169655407,-3,-0.204324720119474
705,2.64131551882178,2.31495351702443,1.98913169655407,-3,-0.216219706933541
705.761941300005,2.56587222676984,2.31495351702443,1.98913169655407,-3,-0.216219706933541
706.471303228822,2.52816807495134,2.31495351702443,1.98913169655407,-3,-0.216219706933541
707.237689141699,2.49047551191859,2.31495351702443,1.98913169655407,-3,-0.216219706933541
708.057674860254,2.41512493059588,2.31495351702443,1.98913169655407,-3,-0.216219706933541
708.939611563007,2.33982004030435,2.31495351702443,1.98913169655407,-3,-0.216219706933541
709.892065453025,2.26456039970572,2.31495351702443,1.98913169655407,-3,-0.216219706933541
710,2.26456039970572,2.31495351702443,1.98913169655407,-3,-0.228115373039851
710.539672734874,2.22694741043597,2.28607962511137,1.98913169655407,-3,-0.228115373039851
711.418296661816,2.15175481936444,2.28607962511137,1.98913169655407,-3,-0.228115373039851
712.332250500732,2.11417510793564,2.28607962511137,1.98913169655407,-3,-0.228115373039851
713.325335902737,2.03904857974402,2.28607962511137,1.98913169655407,-3,-0.228115373039851
714.404325501483,1.96396554717381,2.25721234751069,1.98913169655407,-3,-0.228115373039851
715,1.88892557445143,2.25721234751069,1.98913169655407,-3,-0.240011379179827
715.871783793089,1.85142159964613,2.25721234751069,1.98913169655407,-3,-0.240011379179827
716.743567586177,1.77644540195047,2.22835165938909,1.98913169655407,-3,-0.240011379179827
717.70796401973,1.70151117930521,2.22835165938909,1.98913169655407,-3,-0.240011379179827
718.752153841189,1.62661849960688,2.19949753593744,1.98913169655407,-3,-0.240011379179827
720,1.55176693176736,2.17064995237098,1.98913169655407,-3,-0.251907555277434
720.891923188032,1.47695604569844,2.17064995237098,1.98913169655407,-3,-0.251907555277434
721.783846376064,1.40218541229797,2.14180888392929,1.98913169655407,-3,-0.251907555277434
722.659843418659,1.36481505651983,2.14180888392929,1.98913169655407,-3,-0.251907555277434
723.666284986237,1.29010399967541,2.11297430587575,1.98913169655407,-3,-0.251907555277434
724.78836863091,1.17811075156266,2.08414619349765,1.98913169655407,-3,-0.251907555277434
725,1.17811075156266,2.08414619349765,1.98913169655407,-3,-0.263803816256567
725.504284607579,1.14079901260698,2.05532452210628,1.98913169655407,-3,-0.263803816256567
726.426618212644,1.06620423176901,2.05532452210628,1.96966724005875,-3,-0.263803816256567
727.379843391902,1.02892108390171,2.0265092670362,1.96966724005875,-3,-0.263803816256567
728.220782476748,0.954383008726666,1.99770040364592,1.96966724005875,-3,-0.263803816256567
729.223236987128,0.87988220888235,1.96889790731717,1.96966724005875,-3,-0.263803816256567
730,0.842645655382455,1.94010175345477,1.96966724005875,-3,-0.275700119609745
730.933310132761,0.768199978043356,1.94010175345477,1.96966724005875,-3,-0.275700119609745
731.749015381707,0.693790523290886,1.9113119174869,1.95020568059562,-3,-0.275700119609745
732.7512017377,0.61941687150113,1.88252837486476,1.95020568059562,-3,-0.275700119609745
733.663573878054,0.582243340809839,1.85375110106241,1.95020568059562,-3,-0.275700119609745
734.692883237117,0.507922608462252,1.82498007157659,1.93074701057907,-3,-0.275700119609745
735,0.470775302407048,1.79621526192682,1.93074701057907,-3,-0.283638511768003
736.159560002601,0.396506549905496,1.76745664765514,1.93074701057907,-3,-0.283638511768003
737.09048021045,0.322271929944463,1.73870420432587,1.91129122242847,-3,-0.283638511768003
738.033851252188,0.285167289744436,1.70995790752568,1.91129122242847,-3,-0.283638511768003
739.021651319409,0.210983089473586,1.6812177328635,1.89183830856763,-3,-0.283638511768003
740,0.136831984007529,1.65248365597012,1.87238826142533,-3,-0.289111824804529
740.969612051523,0.0627135595436243,1.59503369812256,1.87238826142533,-3,-0.289111824804529
742.01138558079,0.025666473571107,1.56631776853919,1.8529410734352,-3,-0.289111824804529
743.141251320886,-0.0484037037018652,1.53760783946592,1.83349673703555,-3,-0.289111824804529
744.102883788152,-0.122442231367302,1.48020588582762,1.81405524466919,-3,-0.289111824804529
745,-0.196449520774252,1.45151381280465,1.79461658878398,-3,-0.29445573291171
746.136574699008,-0.270425982601409,1.42282764337585,1.77518076183225,-3,-0.29445573291171
747.137931217761,-0.307402781329529,1.3941473533647,1.75574775627103,-3,-0.29445573291171
748.188526978426,-0.381333770375363,1.33680431499391,1.73631756456217,-3,-0.29445573291171
749.267867819731,-0.45523495569222,1.30814151838518,1.71689017917186,-3,-0.29445573291171
750,-0.492174499612929,1.27948450469546,1.69746559257106,-3,-0.296018636258071
751.028198224567,-0.566031744964732,1.22218772979954,1.67804379723549,-3,-0.296018636258071
752.173533321021,-0.639860206540163,1.19354792050683,1.65862478564526,-3,-0.296018636258071
753.188455920875,-0.713660291275346,1.13628533816518,1.63920855028505,-3,-0.296018636258071
754.245516952649,-0.750549819337095,1.10766251714932,1.60038437821623,-3,-0.296018636258071
755,-0.824308100557346,1.07904531095795,1.58097642649994,-3,-0.297182242146037
756.23230279714,-0.898039019780413,1.02182764733038,1.56157122099773,-3,-0.297182242146037
757.298789612741,-0.934894345217856,0.964632156037624,1.52276901866992,-3,-0.297182242146037
758.375736113309,-1.00858498060256,0.936042665336629,1.50337200687215,-3,-0.297182242146037
759.452207714291,-1.08224926542994,0.878880074630786,1.46458612461214,-3,-0.297182242146037
760,-1.11907165255087,0.85030692700451,1.44519723920445,-3,-0.29844124973193
761.323643958138,-1.19269716826528,0.821739179479152,1.42581104765526,-3,-0.29844124973193
762.481649991312,-1.22950039759002,0.764619789692119,1.38704671628921,-3,-0.29844124973193
763.638838587955,-1.30308805077715,0.707521715373105,1.34829307087165,-3,-0.29844124973193
764.853118587791,-1.37665096514223,0.650444766914802,1.30955005182904,-3,-0.29844124973193
765,-1.37665096514223,0.650444766914802,1.30955005182904,-3,-0.295788762135654
765.734407061046,-1.41342327083146,0.621914155709362,1.29018250860025,-3,-0.295788762135654
767.07407255921,-1.48694983010756,0.564868541152293,1.25145531756897,-3,-0.295788762135654
768.447167547363,-1.56045265410677,0.507843579679161,1.19338415823762,-3,-0.295788762135654
770,-1.63393214348741,0.450839082665937,1.15468305031902,-3,-0.294523478670511
771.348480493908,-1.70738869849345,0.39385486176144,1.11599227192272,-3,-0.294523478670511
772.639073462501,-1.78082271896642,0.336890728883191,1.0579753427636,-3,-0.294523478670511
773.953918327772,-1.85423460435914,0.279946496214109,1.01931012944164,-3,-0.294523478670511
775,-1.8909323711261,0.223021976198822,0.98065503882674,-3,-0.291471369798972
776.203622411816,-1.96431180205229,0.166116981539801,0.94201001197348,-3,-0.291471369798972
777.407244823631,-2.00099356584542,0.109231325194003,0.903374989999634,-3,-0.291471369798972
778.789599374168,-2.07434143901389,0.0523648203690641,0.845441087537608,-3,-0.291471369798972
780,-2.14766877127732,0.0239386914719262,0.806830820563675,-3,-0.286047201354343
781.08096770874,-2.18432485886285,-0.0328994357680017,0.768230352872536,-3,-0.286047201354343
782.161935417481,-2.2209759603345,-0.0897188773948869,0.729639625860329,-3,-0.286047201354343
783.392134583564,-2.29426340357162,-0.146519819352022,0.691058580983679,-3,-0.286047201354343
784.760129155561,-2.3675314980751,-0.203302447348108,0.652487159758891,-3,-0.286047201354343
785,-2.3675314980751,-0.203302447348108,0.633205039756149,-3,-0.282119770931721
786.199354222193,-2.40415841356236,-0.260066946861002,0.594647944482233,-3,-0.282119770931721
787.332467284328,-2.4773982288778,-0.288442456335872,0.556100326909757,-3,-0.282119770931721
788.616088442833,-2.51401122780379,-0.345180110398587,0.498296543773733,-3,-0.282119770931721
790,-2.58722365581684,-0.401900098685815,0.459772365613674,-3,-0.278230503378444
791.116166665528,-2.62382318390718,-0.458602605895067,0.421257461432219,-3,-0.278230503378444
792.232333331056,-2.66041832069732,-0.48694736175463,0.382751773150005,-3,-0.278230503378444
793.506412604748,-2.69700911565212,-0.543623993185861,0.325010393626997,-3,-0.278230503378444
795,-2.77017787784615,-0.600283604350693,0.267289423740976,-3,-0.272075302164843
796.003654941556,-2.80675594394671,-0.656926379209835,0.228820019371483,-3,-0.272075302164843
797.007309883112,-2.84332986593574,-0.68524151045699,0.209588668170966,-3,-0.272075302164843
798.143779511788,-2.87989969321205,-0.741859375341789,0.151907931867129,-3,-0.272075302164843
799.399122402994,-2.91646547516268,-0.798460862944296,0.113465133279703,-3,-0.272075302164843
800,-2.95302726116284,-0.798460862944296,0.0942470200475896,-3,-0.267240993687686
801.157815165302,-2.98958510057668,-0.855046156531387,0.0558173297012559,-3,-0.267240993687686
802.244918468388,-3.02613904275739,-0.911615439179911,0.0173963062083544,-3,-0.267240993687686
803.472798719644,-3.06268913704787,-0.939894133562404,-0.0402191044918254,-3,-0.267240993687686
804.840292145871,-3.09923543278086,-0.996439742664052,-0.0786187123905506,-3,-0.267240993687686
805,-3.13577797927951,-0.996439742664052,-0.0978153380972913,-3,-0.260355015627092
805.798539270643,-3.13577797927951,-1.02470670303705,-0.11700985453615,-3,-0.260355015627092
806.846445799746,-3.17231682585776,-1.08122904947868,-0.155392588274594,-3,-0.260355015627092
807.973627943315,-3.20885202182063,-1.10948448113481,-0.193766970903141,-3,-0.260355015627092
809.225259264306,-3.24538361646472,-1.16598397520522,-0.232133059671071,-3,-0.260355015627092
810,-3.28191165907867,-1.19422808314238,-0.270490911780087,-3,-0.254774469411314
811.092464268515,-3.31843619894329,-1.22246846201188,-0.308840584384882,-3,-0.254774469411314
812.184928537029,-3.35495728533226,-1.27893812347924,-0.347182134593652,-3,-0.254774469411314
813.421351241639,-3.35495728533226,-1.30716745151682,-0.385515619468322,-3,-0.254774469411314
814.658208703809,-3.39147496751218,-1.36361521572417,-0.423841096025512,-3,-0.254774469411314
815,-3.42798929474344,-1.36361521572417,-0.443000848990437,-3,-0.24905092130822
816.066354307074,-3.42798929474344,-1.3918336972738,-0.481314419879027,-3,-0.24905092130822
817.132708614147,-3.46450031628018,-1.44825997264167,-0.519620124795495,-3,-0.24905092130822
818.339295834497,-3.50100808137091,-1.47646781178162,-0.557918020600766,-3,-0.24905092130822
819.677898129163,-3.53751263925881,-1.53287300620752,-0.596208164112738,-3,-0.24905092130822
820,-3.53751263925881,-1.53287300620752,-0.615350346502566,-3,-0.242898789659961
820.816443221826,-3.5740140391822,-1.56107040675909,-0.634490612106333,-3,-0.242898789659961
821.880698593136,-3.61051233037483,-1.58926437303165,-0.672765421314011,-3,-0.242898789659961
823.026645268795,-3.61051233037483,-1.64564209317132,-0.711032648426738,-3,-0.242898789659961
824.268809570933,-3.64700756206651,-1.67382589223223,-0.749292350093924,-3,-0.242898789659961
825,-3.68349978348311,-1.70200634740195,-0.787544582924227,-3,-0.236292804362376
826.074603197685,-3.68349978348311,-1.73018348125572,-0.806667916204731,-3,-0.236292804362376
827.149206395369,-3.71998904384736,-1.75835731636033,-0.844909051832815,-3,-0.236292804362376
828.36052740137,-3.756475392379,-1.81469518054791,-0.883142859970292,-3,-0.236292804362376
829.704782461349,-3.756475392379,-1.84285925472318,-0.940479956648289,-3,-0.236292804362376
830,-3.756475392379,-1.84285925472318,-0.940479956648289,-3,-0.229251764809528
831.048762059865,-3.79295887829534,-1.89917779990748,-0.978695693029351,-3,-0.229251764809528
832.09752411973,-3.8294395508114,-1.92733231596094,-0.997800883942489,-3,-0.229251764809528
833.278940134776,-3.8294395508114,-1.9554836910055,-1.0360059464299,-3,-0.229251764809528
834.58637121659,-3.86591745914058,-1.9836319475441,-1.07420396339347,-3,-0.229251764809528
835,-3.86591745914058,-2.01177710807235,-1.09330034739321,-3,-0.223727702080145
835.916306517181,-3.90239265249494,-2.03991919507831,-1.13148790158749,-3,-0.223727702080145
836.852726056729,-3.90239265249494,-2.0680582310431,-1.15057908583884,-3,-0.223727702080145
838.057120939769,-3.93886518008571,-2.09619423844015,-1.18875630377545,-3,-0.223727702080145
839.368211225394,-3.93886518008571,-2.12432723973637,-1.22692670109905,-3,-0.223727702080145
840,-3.93886518008571,-2.15245725739118,-1.24600935957591,-3,-0.218033514946395
841.085738642903,-3.97533509112327,-2.18058431385754,-1.28416963123101,-3,-0.218033514946395
842.171477285806,-3.97533509112327,-2.2087084315815,-1.30324725843133,-3,-0.218033514946395
843.395117107113,-4.01180243481826,-2.23682963300246,-1.34139753061731,-3,-0.218033514946395
844.664865478808,-4.01180243481826,-2.26494794055333,-1.37954120654541,-3,-0.218033514946395
845,-4.04826726038118,-2.26494794055333,-1.37954120654541,-3,-0.21188164893506
845.902275506774,-4.04826726038118,-2.29306337666043,-1.41767834222145,-3,-0.21188164893506
847.008313349407,-4.04826726038118,-2.32117596374394,-1.43674447495789,-3,-0.21188164893506
848.210563629646,-4.08472961702358,-2.34928572421774,-1.47487190519593,-3,-0.21188164893506
849.549828668312,-4.08472961702358,-2.37739268048955,-1.5129929350561,-3,-0.21188164893506
850,-4.08472961702358,-2.40549685496114,-1.53205106731269,-3,-0.207207590067742
851.160383531164,-4.12118955395783,-2.43359827002831,-1.55110762043296,-3,-0.207207590067742
852.294453823222,-4.12118955395783,-2.43359827002831,-1.58921601719095,-3,-0.207207590067742
853.5151685549,-4.15764712039766,-2.46169694808111,-1.60826787478709,-3,-0.207207590067742
854.730896758123,-4.15764712039766,-2.48979291150391,-1.64636694329619,-3,-0.207207590067742
855,-4.15764712039766,-2.51788618267534,-1.64636694329619,-3,-0.200430578828516
856.062024477528,-4.15764712039766,-2.51788618267534,-1.68445986271627,-3,-0.200430578828516
857.124048955055,-4.19410236555893,-2.54597678396874,-1.70350403394428,-3,-0.200430578828516
858.317935246824,-4.19410236555893,-2.57406473775194,-1.74158783427362,-3,-0.200430578828516
859.639913628585,-4.19410236555893,-2.60215006638742,-1.76062747730447,-3,-0.200430578828516
860,-4.19410236555893,-2.60215006638742,-1.77966562486296,-3,-0.194910382710562
861.05404101416,-4.2305553386596,-2.63023279223279,-1.79870228390962,-3,-0.194910382710562
862.093267335739,-4.2305553386596,-2.65831293764029,-1.81773746140323,-3,-0.194910382710562
863.113622595276,-4.2305553386596,-2.68639052495735,-1.83677116430084,-3,-0.194910382710562
864.397468626681,-4.2305553386596,-2.68639052495735,-1.87483417412818,-3,-0.194910382710562
865,-4.2305553386596,-2.71446557652644,-1.89386349496385,-3,-0.191195960230522
866.103565097263,-4.26700608892014,-2.74253811468543,-1.91289136901543,-3,-0.191195960230522
867.27334322496,-4.26700608892014,-2.74253811468543,-1.93191780323161,-3,-0.191195960230522
868.576895667425,-4.26700608892014,-2.77060816176731,-1.96996637994584,-3,-0.191195960230522
869.867555484042,-4.26700608892014,-2.7986757401008,-1.98898853633369,-3,-0.191195960230522
870,-4.26700608892014,-2.7986757401008,-1.98898853633369,-3,-0.185426531042412
870.662222579788,-4.26700608892014,-2.7986757401008,-2.00800928066599,-3,-0.185426531042412
871.724254360697,-4.30345466556429,-2.82674087201002,-2.02702861988388,-3,-0.185426531042412
872.842287952989,-4.30345466556429,-2.85480357981476,-2.04604656092681,-3,-0.185426531042412
874.083318683109,-4.30345466556429,-2.85480357981476,-2.0840782762383,-3,-0.185426531042412
875,-4.30345466556429,-2.88286388583066,-2.10309206437853,-3,-0.180922411703675
876.283727809867,-4.30345466556429,-2.91092181236922,-2.12210448208708,-3,-0.180922411703675
877.351882676436,-4.30345466556429,-2.91092181236922,-2.1411155362959,-3,-0.180922411703675
878.539542182662,-4.30345466556429,-2.93897738173791,-2.16012523393596,-3,-0.180922411703675
879.787808405468,-4.30345466556429,-2.93897738173791,-2.17913358193636,-3,-0.180922411703675
880,-4.30345466556429,-2.96703061624015,-2.17913358193636,-3,-0.178244485266118
881.060957972662,-4.30345466556429,-2.96703061624015,-2.198140587225,-3,-0.178244485266118
882.245938211128,-4.30345466556429,-2.99508153817584,-2.23615059737187,-3,-0.178244485266118
883.557656018472,-4.33990111781912,-2.99508153817584,-2.25515361607904,-3,-0.178244485266118
885,-4.33990111781912,-3.02313016984101,-2.27415531977226,-3,-0.173550560943927
886.34291082386,-4.33990111781912,-3.02313016984101,-2.29315571537268,-3,-0.173550560943927
887.468014016628,-4.33990111781912,-3.05117653352801,-2.31215480980018,-3,-0.173550560943927
888.76520048337,-4.33990111781912,-3.07922065152599,-2.33115260997317,-3,-0.173550560943927
890,-4.33990111781912,-3.07922065152599,-2.35014912280889,-3,-0.170166287152667
891.11091856027,-4.33990111781912,-3.07922065152599,-2.36914435522317,-3,-0.170166287152667
892.221837120541,-4.33990111781912,-3.1072625461203,-2.38813831413086,-3,-0.170166287152667
893.487675035749,-4.33990111781912,-3.1072625461203,-2.40713100644524,-3,-0.170166287152667
895,-4.33990111781912,-3.13530223959339,-2.42612243907865,-3,-0.166734175919103
896.410527260872,-4.33990111781912,-3.13530223959339,-2.44511261894206,-3,-0.166734175919103
897.591897789502,-4.33990111781912,-3.16333975422441,-2.46410155294524,-3,-0.166734175919103
898.851529747767,-4.33990111781912,-3.16333975422441,-2.48308924799687,-3,-0.166734175919103
900,-4.33990111781912,-3.16333975422441,-2.50207571100447,-3,-0.163027462800456
901.126305369831,-4.30345466556429,-3.19137511228928,-2.50207571100447,-3,-0.163027462800456
902.252610739663,-4.30345466556429,-3.19137511228928,-2.52106094887426,-3,-0.163027462800456
903.497401735956,-4.30345466556429,-3.19137511228928,-2.54004496851149,-3,-0.163027462800456
904.859437821721,-4.30345466556429,-3.21940833606118,-2.55902777682019,-3,-0.163027462800456
905,-4.30345466556429,-3.21940833606118,-2.55902777682019,-3,-0.160976331389924
905.702810891396,-4.30345466556429,-3.21940833606118,-2.55902777682019,-3,-0.160976331389924
907.008077785358,-4.30345466556429,-3.21940833606118,-2.57800938070335,-3,-0.160976331389924
908.377219985695,-4.30345466556429,-3.24743944781045,-2.5969897870628,-3,-0.160976331389924
910,-4.30345466556429,-3.24743944781045,-2.5969897870628,-3,-0.158931585371252
911.27369934571,-4.30345466556429,-3.24743944781045,-2.61596900279937,-3,-0.158931585371252
912.547398691419,-4.30345466556429,-3.27546846980425,-2.63494703481274,-3,-0.158931585371252
914.020099690285,-4.30345466556429,-3.27546846980425,-2.63494703481274,-3,-0.158931585371252
915,-4.26700608892014,-3.27546846980425,-2.65392389000169,-3,-0.156628318652181
916.195058365041,-4.26700608892014,-3.27546846980425,-2.67289957526378,-3,-0.156628318652181
917.390116730082,-4.26700608892014,-3.27546846980425,-2.67289957526378,-3,-0.156628318652181
918.585302697291,-4.26700608892014,-3.30349542430781,-2.69187409749571,-3,-0.156628318652181
919.85023795597,-4.26700608892014,-3.30349542430781,-2.69187409749571,-3,-0.156628318652181
920,-4.26700608892014,-3.30349542430781,-2.69187409749571,-3,-0.156005741122742
920.729665349057,-4.26700608892014,-3.30349542430781,-2.69187409749571,-3,-0.156005741122742
921.866467233552,-4.26700608892014,-3.30349542430781,-2.71084746359298,-3,-0.156005741122742
923.351489188586,-4.26700608892014,-3.30349542430781,-2.71084746359298,-3,-0.156005741122742
925,-4.2305553386596,-3.33152033358311,-2.72981968045048,-3,-0.153506685027876
926.501827256421,-4.2305553386596,-3.33152033358311,-2.7487907549617,-3,-0.153506685027876
927.710214330536,-4.2305553386596,-3.33152033358311,-2.7487907549617,-3,-0.153506685027876
929.029857766797,-4.2305553386596,-3.33152033358311,-2.7487907549617,-3,-0.153506685027876
930,-4.2305553386596,-3.33152033358311,-2.7677606940195,-3,-0.152480373884784
931.556504913495,-4.2305553386596,-3.33152033358311,-2.7677606940195,-3,-0.152480373884784
932.956670947623,-4.2305553386596,-3.33152033358311,-2.78672950451545,-3,-0.152480373884784
934.44331153284,-4.19410236555893,-3.33152033358311,-2.78672950451545,-3,-0.152480373884784
935,-4.19410236555893,-3.33152033358311,-2.78672950451545,-3,-0.151556462038351
936.04132384794,-4.19410236555893,-3.33152033358311,-2.78672950451545,-3,-0.151556462038351
937.466822723917,-4.19410236555893,-3.35954321989016,-2.80569719334062,-3,-0.151556462038351
938.972335488018,-4.19410236555893,-3.35954321989016,-2.80569719334062,-3,-0.151556462038351
940,-4.19410236555893,-3.35954321989016,-2.80569719334062,-3,-0.150493039153606
941.669076321174,-4.19410236555893,-3.35954321989016,-2.82466376738483,-3,-0.150493039153606
943.143837408721,-4.15764712039766,-3.35954321989016,-2.82466376738483,-3,-0.150493039153606
944.635402733203,-4.15764712039766,-3.35954321989016,-2.82466376738483,-3,-0.150493039153606
945,-4.15764712039766,-3.35954321989016,-2.82466376738483,-3,-0.149287919940876
946.818366966604,-4.15764712039766,-3.35954321989016,-2.82466376738483,-3,-0.149287919940876
948.286126345537,-4.15764712039766,-3.35954321989016,-2.84362923353711,-3,-0.149287919940876
949.768860129042,-4.15764712039766,-3.35954321989016,-2.84362923353711,-3,-0.149287919940876
950,-4.12118955395783,-3.35954321989016,-2.84362923353711,-3,-0.149892665988047
951.155699354791,-4.12118955395783,-3.35954321989016,-2.84362923353711,-3,-0.149892665988047
952.491451537961,-4.12118955395783,-3.35954321989016,-2.84362923353711,-3,-0.149892665988047
954.144967514618,-4.12118955395783,-3.35954321989016,-2.84362923353711,-3,-0.149892665988047
955,-4.12118955395783,-3.35954321989016,-2.84362923353711,-3,-0.150647695375655
956.762083082468,-4.12118955395783,-3.35954321989016,-2.86259359868569,-3,-0.150647695375655
958.26035135882,-4.12118955395783,-3.35954321989016,-2.86259359868569,-3,-0.150647695375655
960,-4.08472961702358,-3.35954321989016,-2.86259359868569,-3,-0.149354929421616
961.613820036011,-4.08472961702358,-3.35954321989016,-2.86259359868569,-3,-0.149354929421616
963.143744944037,-4.08472961702358,-3.33152033358311,-2.86259359868569,-3,-0.149354929421616
965,-4.08472961702358,-3.33152033358311,-2.86259359868569,-3,-0.149627957013485
967.073020564711,-4.08472961702358,-3.33152033358311,-2.86259359868569,-3,-0.149627957013485
968.761936711319,-4.04826726038118,-3.33152033358311,-2.86259359868569,-3,-0.149627957013485
970,-4.04826726038118,-3.33152033358311,-2.86259359868569,-3,-0.150119219660568
971.473076939557,-4.04826726038118,-3.33152033358311,-2.86259359868569,-3,-0.150119219660568
972.946153879114,-4.04826726038118,-3.33152033358311,-2.86259359868569,-3,-0.150119219660568
974.616889735875,-4.04826726038118,-3.33152033358311,-2.86259359868569,-3,-0.150119219660568
975,-4.04826726038118,-3.33152033358311,-2.86259359868569,-3,-0.150568346062598
976.915551320626,-4.04826726038118,-3.33152033358311,-2.86259359868569,-3,-0.150568346062598
978.691688848771,-4.01180243481826,-3.33152033358311,-2.86259359868569,-3,-0.150568346062598
980,-4.01180243481826,-3.33152033358311,-2.86259359868569,-3,-0.150955936777022
982.070569812179,-4.01180243481826,-3.30349542430781,-2.86259359868569,-3,-0.150955936777022
983.974387459694,-4.01180243481826,-3.30349542430781,-2.86259359868569,-3,-0.150955936777022
985,-4.01180243481826,-3.30349542430781,-2.86259359868569,-3,-0.1532228164819
986.185291347342,-4.01180243481826,-3.30349542430781,-2.86259359868569,-3,-0.1532228164819
987.370582694684,-4.01180243481826,-3.30349542430781,-2.86259359868569,-3,-0.1532228164819
988.750215862683,-4.01180243481826,-3.30349542430781,-2.86259359868569,-3,-0.1532228164819
990,-4.01180243481826,-3.30349542430781,-2.86259359868569,-3,-0.153782746240059
991.778723956731,-4.01180243481826,-3.30349542430781,-2.84362923353711,-3,-0.153782746240059
993.756166660072,-3.97533509112327,-3.30349542430781,-2.84362923353711,-3,-0.153782746240059
995,-3.97533509112327,-3.30349542430781,-2.84362923353711,-3,-0.154038698473283
996.457855864043,-3.97533509112327,-3.27546846980425,-2.84362923353711,-3,-0.154038698473283
997.915711728086,-3.97533509112327,-3.27546846980425,-2.84362923353711,-3,-0.154038698473283
999.656245282319,-3.97533509112327,-3.27546846980425,-2.84362923353711,-3,-0.154038698473283
1000,-3.97533509112327,-3.27546846980425,-2.84362923353711,-3,-0.154289897617585
1001.71877358841,-3.97533509112327,-3.27546846980425,-2.84362923353711,-3,-0.154289897617585
1004.11934128884,-3.97533509112327,-3.27546846980425,-2.84362923353711,-3,-0.154289897617585
1005,-3.97533509112327,-3.27546846980425,-2.82466376738483,-3,-0.156499133093313
1006.25124464729,-3.97533509112327,-3.27546846980425,-2.82466376738483,-3,-0.156499133093313
1007.50248929458,-3.97533509112327,-3.27546846980425,-2.82466376738483,-3,-0.156499133093313
1009.00218856495,-3.97533509112327,-3.27546846980425,-2.82466376738483,-3,-0.156499133093313
1010,-3.97533509112327,-3.24743944781045,-2.82466376738483,-3,-0.15705400600973
1011.43624795209,-3.97533509112327,-3.24743944781045,-2.82466376738483,-3,-0.15705400600973
1012.87249590418,-3.97533509112327,-3.24743944781045,-2.82466376738483,-3,-0.15705400600973
1014.56361445204,-3.97533509112327,-3.24743944781045,-2.82466376738483,-3,-0.15705400600973
1015,-3.97533509112327,-3.24743944781045,-2.82466376738483,-3,-0.157334797707458
1016.96318697725,-3.97533509112327,-3.24743944781045,-2.80569719334062,-3,-0.157334797707458
1019.33331611996,-3.97533509112327,-3.24743944781045,-2.80569719334062,-3,-0.157334797707458
1020,-3.97533509112327,-3.24743944781045,-2.80569719334062,-3,-0.159547873096961
1021.25683824633,-3.93886518008571,-3.24743944781045,-2.80569719334062,-3,-0.159547873096961
1022.51367649266,-3.93886518008571,-3.24743944781045,-2.80569719334062,-3,-0.159547873096961
1024.01226238813,-3.93886518008571,-3.24743944781045,-2.80569719334062,-3,-0.159547873096961
1025,-3.93886518008571,-3.24743944781045,-2.80569719334062,-3,-0.160122645054012
1026.43476312455,-3.93886518008571,-3.24743944781045,-2.80569719334062,-3,-0.160122645054012
1027.86952624909,-3.93886518008571,-3.21940833606118,-2.80569719334062,-3,-0.160122645054012
1029.5587730023,-3.93886518008571,-3.21940833606118,-2.78672950451545,-3,-0.160122645054012
1030,-3.93886518008571,-3.21940833606118,-2.78672950451545,-3,-0.162360475200153
1031.26575476923,-3.93886518008571,-3.21940833606118,-2.78672950451545,-3,-0.162360475200153
1032.53150953846,-3.97533509112327,-3.21940833606118,-2.78672950451545,-3,-0.162360475200153
1034.01670971022,-3.97533509112327,-3.21940833606118,-2.78672950451545,-3,-0.162360475200153
1035,-3.97533509112327,-3.21940833606118,-2.78672950451545,-3,-0.162935806874585
1036.43244947722,-3.97533509112327,-3.21940833606118,-2.78672950451545,-3,-0.162935806874585
1037.86489895444,-3.97533509112327,-3.21940833606118,-2.78672950451545,-3,-0.162935806874585
1039.5501307133,-3.97533509112327,-3.21940833606118,-2.78672950451545,-3,-0.162935806874585
1040,-3.97533509112327,-3.21940833606118,-2.78672950451545,-3,-0.16327047996028
1042.24934643349,-3.97533509112327,-3.21940833606118,-2.7677606940195,-3,-0.16327047996028
1044.34027590282,-3.97533509112327,-3.21940833606118,-2.7677606940195,-3,-0.16327047996028
1045,-3.97533509112327,-3.21940833606118,-2.7677606940195,-3,-0.163643028950417
1046.97341283955,-3.97533509112327,-3.21940833606118,-2.7677606940195,-3,-0.163643028950417
1049.02157414431,-3.97533509112327,-3.21940833606118,-2.7677606940195,-3,-0.163643028950417
1050,-3.97533509112327,-3.21940833606118,-2.7677606940195,-3,-0.165998269829738
1051.17530656131,-3.97533509112327,-3.21940833606118,-2.7677606940195,-3,-0.165998269829738
1052.35061312261,-3.97533509112327,-3.21940833606118,-2.7677606940195,-3,-0.165998269829738
1053.72340350688,-3.97533509112327,-3.21940833606118,-2.7677606940195,-3,-0.165998269829738
1055,-3.97533509112327,-3.21940833606118,-2.7677606940195,-3,-0.166711659699006
1056.76455694263,-3.97533509112327,-3.21940833606118,-2.7677606940195,-3,-0.166711659699006
1058.18821073545,-3.97533509112327,-3.21940833606118,-2.7487907549617,-3,-0.166711659699006
1060,-3.97533509112327,-3.21940833606118,-2.7487907549617,-3,-0.167157545567071
1061.95469420633,-3.97533509112327,-3.21940833606118,-2.7487907549617,-3,-0.167157545567071
1063.97983402657,-3.97533509112327,-3.21940833606118,-2.7487907549617,-3,-0.167157545567071
1065,-4.01180243481826,-3.21940833606118,-2.7487907549617,-3,-0.167617948025174
1067.00062004245,-4.01180243481826,-3.21940833606118,-2.7487907549617,-3,-0.167617948025174
1069.0012400849,-4.01180243481826,-3.21940833606118,-2.7487907549617,-3,-0.167617948025174
1070,-4.01180243481826,-3.21940833606118,-2.7487907549617,-3,-0.168125290502105
1071.45705532702,-4.01180243481826,-3.21940833606118,-2.7487907549617,-3,-0.168125290502105
1072.91411065404,-4.01180243481826,-3.21940833606118,-2.7487907549617,-3,-0.168125290502105
1074.65313039833,-4.01180243481826,-3.21940833606118,-2.7487907549617,-3,-0.168125290502105
1075,-4.01180243481826,-3.21940833606118,-2.7487907549617,-3,-0.168666702537414
1076.73434800833,-4.01180243481826,-3.21940833606118,-2.7487907549617,-3,-0.168666702537414
1078.1992079158,-4.01180243481826,-3.21940833606118,-2.7487907549617,-3,-0.168666702537414
1080,-4.01180243481826,-3.21940833606118,-2.7487907549617,-3,-0.169227970323556
1082.0121036982,-4.01180243481826,-3.21940833606118,-2.7487907549617,-3,-0.169227970323556
1084.04300550632,-4.01180243481826,-3.21940833606118,-2.7487907549617,-3,-0.169227970323556
1085,-4.04826726038118,-3.21940833606118,-2.7487907549617,-3,-0.169799911590801
1086.45893265474,-4.04826726038118,-3.21940833606118,-2.7487907549617,-3,-0.169799911590801
1087.91786530948,-4.04826726038118,-3.21940833606118,-2.7487907549617,-3,-0.169799911590801
1089.65363196042,-4.04826726038118,-3.21940833606118,-2.7487907549617,-3,-0.169799911590801
1090,-4.04826726038118,-3.21940833606118,-2.7487907549617,-3,-0.170377384068393
1091.7318401979,-4.04826726038118,-3.21940833606118,-2.7487907549617,-3,-0.170377384068393
1093.94323926581,-4.04826726038118,-3.21940833606118,-2.7487907549617,-3,-0.170377384068393
1095,-4.04826726038118,-3.21940833606118,-2.7487907549617,-3,-0.170957671556503
1096.44894356232,-4.04826726038118,-3.21940833606118,-2.7487907549617,-3,-0.170957671556503
1097.89788712464,-4.04826726038118,-3.21940833606118,-2.7487907549617,-3,-0.170957671556503
1099.63213795561,-4.04826726038118,-3.21940833606118,-2.7487907549617,-3,-0.170957671556503
1100,-4.04826726038118,-3.21940833606118,-2.7487907549617,-3,-0.17153937842581
1101.83931022197,-4.04826726038118,-3.21940833606118,-2.7487907549617,-3,-0.17153937842581
1103.94539272248,-4.08472961702358,-3.21940833606118,-2.7487907549617,-3,-0.17153937842581
1105,-4.08472961702358,-3.21940833606118,-2.7487907549617,-3,-0.17212179748452
1106.45663308969,-4.08472961702358,-3.21940833606118,-2.7487907549617,-3,-0.17212179748452
1107.91326617939,-4.08472961702358,-3.24743944781045,-2.7487907549617,-3,-0.17212179748452
1109.64778460974,-4.08472961702358,-3.24743944781045,-2.7487907549617,-3,-0.17212179748452
1110,-4.08472961702358,-3.24743944781045,-2.7487907549617,-3,-0.172704572965538
1111.76107695129,-4.08472961702358,-3.24743944781045,-2.7487907549617,-3,-0.172704572965538
1113.2224521639,-4.08472961702358,-3.24743944781045,-2.7487907549617,-3,-0.172704572965538
1115,-4.08472961702358,-3.24743944781045,-2.7487907549617,-3,-0.173287526574609
1117.01549537193,-4.08472961702358,-3.24743944781045,-2.7487907549617,-3,-0.173287526574609
1119.31742875273,-4.12118955395783,-3.24743944781045,-2.7487907549617,-3,-0.173287526574609
1120,-4.12118955395783,-3.24743944781045,-2.7677606940195,-3,-0.173870569140103
1121.43830076604,-4.12118955395783,-3.24743944781045,-2.7677606940195,-3,-0.173870569140103
1122.87660153207,-4.12118955395783,-3.24743944781045,-2.7677606940195,-3,-0.173870569140103
1124.60775013476,-4.12118955395783,-3.24743944781045,-2.7677606940195,-3,-0.173870569140103
1125,-4.12118955395783,-3.24743944781045,-2.7677606940195,-3,-0.17445365611238
1126.96124932621,-4.12118955395783,-3.24743944781045,-2.7677606940195,-3,-0.17445365611238
1129.35600337374,-4.12118955395783,-3.27546846980425,-2.7677606940195,-3,-0.17445365611238
1130,-4.12118955395783,-3.27546846980425,-2.7677606940195,-3,-0.173115341681779
1131.43090079748,-4.12118955395783,-3.27546846980425,-2.7677606940195,-3,-0.173115341681779
1132.86180159497,-4.12118955395783,-3.27546846980425,-2.7677606940195,-3,-0.173115341681779
1134.59711146593,-4.12118955395783,-3.27546846980425,-2.7677606940195,-3,-0.173115341681779
1135,-4.15764712039766,-3.27546846980425,-2.7677606940195,-3,-0.173460825158362
1137.01444267033,-4.15764712039766,-3.27546846980425,-2.7677606940195,-3,-0.173460825158362
1139.35656501079,-4.15764712039766,-3.27546846980425,-2.7677606940195,-3,-0.173460825158362
1140,-4.15764712039766,-3.27546846980425,-2.7677606940195,-3,-0.174097791221743
1141.42264740531,-4.15764712039766,-3.27546846980425,-2.78672950451545,-3,-0.174097791221743
1142.84529481062,-4.15764712039766,-3.27546846980425,-2.78672950451545,-3,-0.174097791221743
1144.57957534891,-4.15764712039766,-3.27546846980425,-2.78672950451545,-3,-0.174097791221743
1145,-4.15764712039766,-3.27546846980425,-2.78672950451545,-3,-0.174733022915505
1146.44338917344,-4.15764712039766,-3.27546846980425,-2.78672950451545,-3,-0.174733022915505
1147.88677834687,-4.15764712039766,-3.27546846980425,-2.78672950451545,-3,-0.174733022915505
1149.59349318027,-4.15764712039766,-3.30349542430781,-2.78672950451545,-3,-0.174733022915505
1150,-4.15764712039766,-3.30349542430781,-2.78672950451545,-3,-0.173406631505863
1151.29136443516,-4.15764712039766,-3.30349542430781,-2.78672950451545,-3,-0.173406631505863
1152.58272887032,-4.15764712039766,-3.30349542430781,-2.78672950451545,-3,-0.173406631505863
1154.09139169384,-4.19410236555893,-3.30349542430781,-2.78672950451545,-3,-0.173406631505863
1155,-4.19410236555893,-3.30349542430781,-2.78672950451545,-3,-0.173733182489622
1156.52169331732,-4.19410236555893,-3.30349542430781,-2.78672950451545,-3,-0.173733182489622
1158.04338663464,-4.19410236555893,-3.30349542430781,-2.80569719334062,-3,-0.173733182489622
1160,-4.19410236555893,-3.30349542430781,-2.80569719334062,-3,-0.174333020694696
1162.06768204686,-4.19410236555893,-3.30349542430781,-2.80569719334062,-3,-0.174333020694696
1164.5718565463,-4.19410236555893,-3.30349542430781,-2.80569719334062,-3,-0.174333020694696
1165,-4.19410236555893,-3.30349542430781,-2.80569719334062,-3,-0.174921294730354
1166.46253774096,-4.19410236555893,-3.33152033358311,-2.80569719334062,-3,-0.174921294730354
1167.92507548192,-4.19410236555893,-3.33152033358311,-2.80569719334062,-3,-0.174921294730354
1169.65885204252,-4.19410236555893,-3.33152033358311,-2.80569719334062,-3,-0.174921294730354
1170,-4.19410236555893,-3.33152033358311,-2.80569719334062,-3,-0.173542981217682
1171.70573978742,-4.19410236555893,-3.33152033358311,-2.82466376738483,-3,-0.173542981217682
1173.21825212517,-4.19410236555893,-3.33152033358311,-2.82466376738483,-3,-0.173542981217682
1175,-4.2305553386596,-3.33152033358311,-2.82466376738483,-3,-0.173814884074965
1177.08093848068,-4.2305553386596,-3.33152033358311,-2.82466376738483,-3,-0.173814884074965
1179.54171956543,-4.2305553386596,-3.33152033358311,-2.82466376738483,-3,-0.173814884074965
1180,-4.2305553386596,-3.33152033358311,-2.82466376738483,-3,-0.174358739936024
1182.29140217285,-4.2305553386596,-3.33152033358311,-2.82466376738483,-3,-0.174358739936024
1185,-4.2305553386596,-3.33152033358311,-2.82466376738483,-3,-0.174890372865899
1186.40202657023,-4.2305553386596,-3.35954321989016,-2.84362923353711,-3,-0.174890372865899
1187.80405314046,-4.2305553386596,-3.35954321989016,-2.84362923353711,-3,-0.174890372865899
1189.53330465954,-4.2305553386596,-3.35954321989016,-2.84362923353711,-3,-0.174890372865899
1190,-4.2305553386596,-3.35954321989016,-2.84362923353711,-3,-0.173455231609002
1191.27717140853,-4.2305553386596,-3.35954321989016,-2.84362923353711,-3,-0.173455231609002
1192.55434281707,-4.2305553386596,-3.35954321989016,-2.84362923353711,-3,-0.173455231609002
1194.06054884909,-4.2305553386596,-3.35954321989016,-2.84362923353711,-3,-0.173455231609002
1195,-4.2305553386596,-3.35954321989016,-2.84362923353711,-3,-0.173670021292032
1196.5223996073,-4.2305553386596,-3.35954321989016,-2.84362923353711,-3,-0.173670021292032
1198.0447992146,-4.2305553386596,-3.35954321989016,-2.84362923353711,-3,-0.173670021292032
1200,-4.2305553386596,-3.35954321989016,-2.84362923353711,-3,-0.174156661726284
1202.06834927532,-4.26700608892014,-3.35954321989016,-2.86259359868569,-3,-0.174156661726284
1204.57288935676,-4.26700608892014,-3.35954321989016,-2.86259359868569,-3,-0.174156661726284
1205,-4.26700608892014,-3.35954321989016,-2.86259359868569,-3,-0.174631038983103
1206.46277643147,-4.26700608892014,-3.38756410548638,-2.86259359868569,-3,-0.174631038983103
1207.92555286294,-4.26700608892014,-3.38756410548638,-2.86259359868569,-3,-0.174631038983103
1209.65933804429,-4.26700608892014,-3.38756410548638,-2.86259359868569,-3,-0.174631038983103
1210,-4.26700608892014,-3.38756410548638,-2.86259359868569,-3,-0.173138763528287
1211.30547435882,-4.26700608892014,-3.38756410548638,-2.86259359868569,-3,-0.173138763528287
1212.61094871765,-4.26700608892014,-3.38756410548638,-2.86259359868569,-3,-0.173138763528287
1214.11992640396,-4.26700608892014,-3.38756410548638,-2.86259359868569,-3,-0.173138763528287
1215,-4.26700608892014,-3.38756410548638,-2.86259359868569,-3,-0.173296289693985
1217.03119890399,-4.26700608892014,-3.38756410548638,-2.88155686971783,-3,-0.173296289693985
1219.15883680065,-4.26700608892014,-3.38756410548638,-2.88155686971783,-3,-0.173296289693985
1220,-4.26700608892014,-3.38756410548638,-2.88155686971783,-3,-0.173725641890026
1221.4354867732,-4.26700608892014,-3.38756410548638,-2.88155686971783,-3,-0.173725641890026
1222.8709735464,-4.26700608892014,-3.38756410548638,-2.88155686971783,-3,-0.173725641890026
1224.6088203835,-4.26700608892014,-3.38756410548638,-2.88155686971783,-3,-0.173725641890026
1225,-4.26700608892014,-3.38756410548638,-2.88155686971783,-3,-0.174142729250906
1226.95589808252,-4.26700608892014,-3.38756410548638,-2.88155686971783,-3,-0.174142729250906
1229.39219440763,-4.26700608892014,-3.38756410548638,-2.88155686971783,-3,-0.174142729250906
1230,-4.26700608892014,-3.38756410548638,-2.88155686971783,-3,-0.172593303077929
1231.42336418631,-4.26700608892014,-3.41558301262711,-2.88155686971783,-3,-0.172593303077929
1232.84672837261,-4.26700608892014,-3.41558301262711,-2.88155686971783,-3,-0.172593303077929
1234.58103827363,-4.26700608892014,-3.41558301262711,-2.90051905351993,-3,-0.172593303077929
1235,-4.26700608892014,-3.41558301262711,-2.90051905351993,-3,-0.172693560130306
1237.09480863185,-4.26700608892014,-3.41558301262711,-2.90051905351993,-3,-0.172693560130306
1239.50069500834,-4.26700608892014,-3.41558301262711,-2.90051905351993,-3,-0.172693560130306
1240,-4.26700608892014,-3.41558301262711,-2.90051905351993,-3,-0.173065623505443
1241.9323978753,-4.26700608892014,-3.41558301262711,-2.90051905351993,-3,-0.173065623505443
1244.52455421593,-4.30345466556429,-3.41558301262711,-2.90051905351993,-3,-0.173065623505443
1245,-4.30345466556429,-3.41558301262711,-2.90051905351993,-3,-0.17342542277179
1247.37722892036,-4.30345466556429,-3.41558301262711,-2.90051905351993,-3,-0.17342542277179
1250,-4.30345466556429,-3.41558301262711,-2.90051905351993,-3,-0.17373943430212
1251.38430707613,-4.30345466556429,-3.41558301262711,-2.90051905351993,-3,-0.17373943430212
1252.76861415227,-4.30345466556429,-3.41558301262711,-2.90051905351993,-3,-0.17373943430212
1254.49629843029,-4.30345466556429,-3.41558301262711,-2.91948015697761,-3,-0.17373943430212
1255,-4.30345466556429,-3.41558301262711,-2.91948015697761,-3,-0.172099371846838
1256.27308794925,-4.30345466556429,-3.41558301262711,-2.91948015697761,-3,-0.172099371846838
1257.5461758985,-4.30345466556429,-3.41558301262711,-2.91948015697761,-3,-0.172099371846838
1259.05245807169,-4.30345466556429,-3.41558301262711,-2.91948015697761,-3,-0.172099371846838
1260,-4.30345466556429,-3.41558301262711,-2.91948015697761,-3,-0.172122800094473
1262.0129615985,-4.30345466556429,-3.41558301262711,-2.91948015697761,-3,-0.172122800094473
1264.14250288166,-4.30345466556429,-3.44359996356548,-2.91948015697761,-3,-0.172122800094473
1265,-4.30345466556429,-3.44359996356548,-2.91948015697761,-3,-0.172427051625638
1267.48833747797,-4.30345466556429,-3.44359996356548,-2.91948015697761,-3,-0.172427051625638
1270,-4.30345466556429,-3.44359996356548,-2.91948015697761,-3,-0.172724108876847
1271.4122417092,-4.30345466556429,-3.44359996356548,-2.91948015697761,-3,-0.172724108876847
1272.8244834184,-4.30345466556429,-3.44359996356548,-2.91948015697761,-3,-0.172724108876847
1274.55616263741,-4.30345466556429,-3.44359996356548,-2.91948015697761,-3,-0.172724108876847
1275,-4.30345466556429,-3.44359996356548,-2.91948015697761,-3,-0.172978061139323
1277.21918681297,-4.30345466556429,-3.44359996356548,-2.91948015697761,-3,-0.172978061139323
1279.6284816214,-4.30345466556429,-3.44359996356548,-2.9384401869757,-3,-0.172978061139323
1280,-4.30345466556429,-3.44359996356548,-2.9384401869757,-3,-0.173199906063795
1281.85759189302,-4.30345466556429,-3.44359996356548,-2.9384401869757,-3,-0.173199906063795
1284.32743761098,-4.30345466556429,-3.44359996356548,-2.9384401869757,-3,-0.173199906063795
1285,-4.30345466556429,-3.44359996356548,-2.9384401869757,-3,-0.171482434476684
1286.2342668996,-4.30345466556429,-3.44359996356548,-2.9384401869757,-3,-0.171482434476684
1287.46853379919,-4.30345466556429,-3.44359996356548,-2.9384401869757,-3,-0.171482434476684
1288.95912789593,-4.30345466556429,-3.44359996356548,-2.9384401869757,-3,-0.171482434476684
1290,-4.30345466556429,-3.44359996356548,-2.9384401869757,-3,-0.171437724181407
1291.97146601324,-4.30345466556429,-3.44359996356548,-2.9384401869757,-3,-0.171437724181407
1294.08707098385,-4.30345466556429,-3.44359996356548,-2.9384401869757,-3,-0.171437724181407
1295,-4.30345466556429,-3.44359996356548,-2.9384401869757,-3,-0.171679062190807
1296.43307185536,-4.30345466556429,-3.44359996356548,-2.9384401869757,-3,-0.171679062190807
1297.86614371071,-4.30345466556429,-3.44359996356548,-2.9384401869757,-3,-0.171679062190807
1299.6050420175,-4.30345466556429,-3.44359996356548,-2.9384401869757,-3,-0.171679062190807
1300,-4.30345466556429,-3.44359996356548,-2.9384401869757,-3,-0.171915973785641
1301.97478991251,-4.30345466556429,-3.44359996356548,-2.9384401869757,-3,-0.171915973785641
1304.41137971644,-4.30345466556429,-3.44359996356548,-2.9384401869757,-3,-0.171915973785641
1305,-4.30345466556429,-3.44359996356548,-2.9384401869757,-3,-0.172111204583626
1307.94310141778,-4.30345466556429,-3.44359996356548,-2.9384401869757,-3,-0.172111204583626
1310,-4.30345466556429,-3.44359996356548,-2.9384401869757,-3,-0.172275050233702
1312.61753730067,-4.30345466556429,-3.44359996356548,-2.9384401869757,-3,-0.172275050233702
1315,-4.30345466556429,-3.44359996356548,-2.9384401869757,-3,-0.172420395720606
1317.49147663111,-4.30345466556429,-3.44359996356548,-2.95739915039809,-3,-0.172420395720606
1320,-4.30345466556429,-3.44359996356548,-2.95739915039809,-3,-0.172555748452871
1321.43287644911,-4.30345466556429,-3.44359996356548,-2.95739915039809,-3,-0.172555748452871
1322.86575289822,-4.30345466556429,-3.44359996356548,-2.95739915039809,-3,-0.172555748452871
1324.59932864586,-4.30345466556429,-3.44359996356548,-2.95739915039809,-3,-0.172555748452871
1325,-4.30345466556429,-3.44359996356548,-2.95739915039809,-3,-0.172685910796832
1327.00335677069,-4.30345466556429,-3.44359996356548,-2.95739915039809,-3,-0.172685910796832
1329.43010543654,-4.30345466556429,-3.44359996356548,-2.95739915039809,-3,-0.172685910796832
1330,-4.30345466556429,-3.44359996356548,-2.95739915039809,-3,-0.17281342850079
1332.8494728173,-4.30345466556429,-3.44359996356548,-2.95739915039809,-3,-0.17281342850079
1335,-4.30345466556429,-3.47161498055266,-2.95739915039809,-3,-0.172939611916328
1338.18669102584,-4.30345466556429,-3.47161498055266,-2.95739915039809,-3,-0.172939611916328
1340,-4.30345466556429,-3.47161498055266,-2.95739915039809,-3,-0.173065125623318
1343.20086599728,-4.30345466556429,-3.47161498055266,-2.95739915039809,-3,-0.173065125623318
1345,-4.30345466556429,-3.47161498055266,-2.95739915039809,-3,-0.173190304110531
1349.03659867295,-4.30345466556429,-3.47161498055266,-2.95739915039809,-3,-0.173190304110531
1350,-4.30345466556429,-3.47161498055266,-2.95739915039809,-3,-0.173315315050651
1353.46022905216,-4.30345466556429,-3.47161498055266,-2.95739915039809,-3,-0.173315315050651
1355,-4.30345466556429,-3.47161498055266,-2.95739915039809,-3,-0.171519921981726
1356.19342488287,-4.30345466556429,-3.47161498055266,-2.95739915039809,-3,-0.171519921981726
1357.38684976573,-4.30345466556429,-3.47161498055266,-2.95739915039809,-3,-0.171519921981726
1358.87351353417,-4.30345466556429,-3.47161498055266,-2.95739915039809,-3,-0.171519921981726
1360,-4.30345466556429,-3.47161498055266,-2.95739915039809,-3,-0.171407307199566
1361.94834528463,-4.30345466556429,-3.47161498055266,-2.95739915039809,-3,-0.171407307199566
1364.06553398695,-4.30345466556429,-3.47161498055266,-2.95739915039809,-3,-0.171407307199566
1365,-4.30345466556429,-3.47161498055266,-2.95739915039809,-3,-0.171585981278019
1366.41455198324,-4.30345466556429,-3.47161498055266,-2.95739915039809,-3,-0.171585981278019
1367.82910396649,-4.30345466556429,-3.47161498055266,-2.95739915039809,-3,-0.171585981278019
1369.56594768109,-4.30345466556429,-3.47161498055266,-2.95739915039809,-3,-0.171585981278019
1370,-4.30345466556429,-3.47161498055266,-2.95739915039809,-3,-0.171762908826273
1372.17026159455,-4.30345466556429,-3.47161498055266,-2.95739915039809,-3,-0.171762908826273
1374.59044505545,-4.30345466556429,-3.47161498055266,-2.95739915039809,-3,-0.171762908826273
1375,-4.30345466556429,-3.47161498055266,-2.95739915039809,-3,-0.171899510191176
1377.04777472274,-4.30345466556429,-3.47161498055266,-2.95739915039809,-3,-0.171899510191176
1380,-4.30345466556429,-3.47161498055266,-2.95739915039809,-3,-0.172005406993033
1382.55628879152,-4.30345466556429,-3.47161498055266,-2.95739915039809,-3,-0.172005406993033
1385,-4.30345466556429,-3.47161498055266,-2.95739915039809,-3,-0.172093144475504
1387.66569988577,-4.30345466556429,-3.47161498055266,-2.95739915039809,-3,-0.172093144475504
1390,-4.30345466556429,-3.47161498055266,-2.95739915039809,-3,-0.172171059609487
1393.16600945751,-4.30345466556429,-3.47161498055266,-2.95739915039809,-3,-0.172171059609487
1395,-4.30345466556429,-3.47161498055266,-2.95739915039809,-3,-0.17224386947237
1398.8067881591,-4.30345466556429,-3.47161498055266,-2.95739915039809,-3,-0.17224386947237
1400,-4.30345466556429,-3.47161498055266,-2.95739915039809,-3,-0.172314077190078
