Temps (s),Echelon (V),DeltaV (V),Tension_0 (V),Temp_0 (°C),Tension_1 (V),Temp_1 (°C),Tension_2 (V),Temp_2 (°C),Courant (V)
1.695939064025879,0.0,0.0,2.542,24.568,2.527,24.82,2.532,24.899,0.0
2.302751064300537,0.0,0.0,2.542,24.568,2.527,24.82,2.532,24.899,0.02
2.9092931747436523,0.0,0.0,2.542,24.568,2.522,24.909,2.532,24.899,0.01
3.5158169269561768,0.0,0.0,2.542,24.568,2.522,24.909,2.532,24.899,0.01
4.122431039810181,0.0,0.0,2.542,24.568,2.527,24.82,2.532,24.899,0.0
4.729300022125244,0.0,0.0,2.542,24.568,2.522,24.909,2.532,24.899,0.005
5.3359880447387695,0.0,0.0,2.546,24.48,2.522,24.909,2.532,24.899,0.01
5.942616939544678,0.357,0.406,2.522,24.925,2.502,25.266,2.507,25.345,1.706
6.549562931060791,0.347,0.42,2.522,24.925,2.502,25.266,2.507,25.345,1.706
7.156212091445923,0.352,0.415,2.522,24.925,2.502,25.266,2.507,25.345,1.716
7.762565851211548,0.342,0.43,2.522,24.925,2.502,25.266,2.498,25.524,1.696
8.369572877883911,0.357,0.415,2.522,24.925,2.502,25.266,2.493,25.613,1.701
8.975899934768677,0.357,0.42,2.522,24.925,2.502,25.266,2.483,25.793,1.691
9.582637071609497,0.376,0.406,2.522,24.925,2.502,25.266,2.473,25.972,1.701
10.18935513496399,0.357,0.43,2.522,24.925,2.502,25.266,2.463,26.151,1.696
10.796100854873657,0.357,0.43,2.517,25.014,2.502,25.266,2.458,26.241,1.691
11.402862787246704,0.362,0.43,2.522,24.925,2.502,25.266,2.449,26.421,1.696
12.00951600074768,0.362,0.43,2.522,24.925,2.502,25.266,2.444,26.511,1.686
12.616123914718628,0.362,0.43,2.522,24.925,2.502,25.266,2.434,26.691,1.696
13.22288203239441,0.357,0.43,2.522,24.925,2.502,25.266,2.429,26.781,1.686
13.829583883285522,0.362,0.43,2.522,24.925,2.498,25.355,2.419,26.961,1.691
14.436305046081543,0.367,0.42,2.522,24.925,2.498,25.355,2.414,27.052,1.686
15.04303503036499,0.362,0.425,2.522,24.925,2.498,25.355,2.41,27.142,1.686
15.64968991279602,0.357,0.435,2.522,24.925,2.498,25.355,2.405,27.233,1.681
16.25631594657898,0.362,0.43,2.527,24.836,2.493,25.445,2.395,27.414,1.681
16.863005876541138,0.352,0.44,2.522,24.925,2.493,25.445,2.39,27.504,1.681
17.46972894668579,0.362,0.43,2.522,24.925,2.493,25.445,2.385,27.595,1.686
18.07639193534851,0.362,0.43,2.522,24.925,2.493,25.445,2.385,27.595,1.681
18.68314290046692,0.362,0.425,2.522,24.925,2.488,25.534,2.375,27.776,1.691
19.289723873138428,0.357,0.435,2.527,24.836,2.488,25.534,2.37,27.867,1.686
19.896549940109253,0.362,0.435,2.522,24.925,2.488,25.534,2.366,27.958,1.686
20.50326704978943,0.357,0.435,2.522,24.925,2.483,25.624,2.366,27.958,1.681
21.10988712310791,0.357,0.435,2.522,24.925,2.483,25.624,2.361,28.049,1.672
21.716607093811035,0.357,0.435,2.522,24.925,2.478,25.713,2.356,28.14,1.681
22.32318902015686,0.357,0.44,2.522,24.925,2.478,25.713,2.351,28.231,1.672
22.93001389503479,0.352,0.445,2.522,24.925,2.478,25.713,2.346,28.323,1.672
23.536718130111694,0.357,0.435,2.522,24.925,2.478,25.713,2.341,28.414,1.667
24.143383026123047,0.357,0.425,2.522,24.925,2.473,25.803,2.341,28.414,1.686
24.75011396408081,0.357,0.44,2.522,24.925,2.473,25.803,2.331,28.597,1.681
25.35676908493042,0.352,0.44,2.522,24.925,2.468,25.892,2.331,28.597,1.672
25.9635751247406,0.357,0.44,2.522,24.925,2.468,25.892,2.326,28.688,1.672
26.570201873779297,0.357,0.43,2.522,24.925,2.468,25.892,2.326,28.688,1.672
27.176869869232178,0.352,0.445,2.522,24.925,2.463,25.982,2.322,28.78,1.672
27.783545970916748,0.352,0.445,2.517,25.014,2.463,25.982,2.317,28.871,1.681
28.390300035476685,0.352,0.445,2.517,25.014,2.463,25.982,2.312,28.963,1.676
28.996673107147217,0.352,0.445,2.517,25.014,2.458,26.072,2.312,28.963,1.672
29.60364294052124,0.347,0.455,2.517,25.014,2.458,26.072,2.312,28.963,1.667
30.210169076919556,0.352,0.445,2.517,25.014,2.454,26.161,2.302,29.147,1.676
30.81702494621277,0.352,0.445,2.517,25.014,2.454,26.161,2.302,29.147,1.667
31.42374610900879,0.347,0.45,2.512,25.103,2.454,26.161,2.297,29.239,1.672
32.0303430557251,0.352,0.445,2.512,25.103,2.449,26.251,2.292,29.331,1.667
32.6371488571167,0.347,0.455,2.512,25.103,2.449,26.251,2.292,29.331,1.672
33.24365592002869,0.347,0.455,2.512,25.103,2.449,26.251,2.292,29.331,1.676
33.85051488876343,0.347,0.45,2.512,25.103,2.444,26.341,2.287,29.423,1.662
34.457146883010864,0.347,0.45,2.507,25.192,2.444,26.341,2.283,29.515,1.667
35.0639271736145,0.357,0.44,2.507,25.192,2.439,26.431,2.283,29.515,1.662
35.670639991760254,0.352,0.44,2.507,25.192,2.434,26.521,2.278,29.607,1.667
36.27693700790405,0.352,0.435,2.507,25.192,2.434,26.521,2.278,29.607,1.672
36.88380193710327,0.352,0.445,2.507,25.192,2.434,26.521,2.273,29.7,1.672
37.49045991897583,0.352,0.445,2.507,25.192,2.434,26.521,2.273,29.7,1.667
38.09722304344177,0.347,0.45,2.502,25.282,2.429,26.611,2.268,29.792,1.667
38.70390796661377,0.352,0.45,2.502,25.282,2.429,26.611,2.268,29.792,1.672
39.31062197685242,0.352,0.445,2.502,25.282,2.429,26.611,2.263,29.885,1.667
39.917335987091064,0.352,0.435,2.502,25.282,2.424,26.701,2.263,29.885,1.672
40.52412796020508,0.352,0.445,2.502,25.282,2.424,26.701,2.258,29.977,1.662
41.13104319572449,0.347,0.45,2.498,25.371,2.419,26.791,2.258,29.977,1.672
41.73772192001343,0.352,0.445,2.498,25.371,2.419,26.791,2.253,30.07,1.657
42.34422779083252,0.352,0.445,2.498,25.371,2.419,26.791,2.253,30.07,1.662
42.95076107978821,0.352,0.435,2.493,25.46,2.414,26.882,2.253,30.07,1.667
43.55753493309021,0.347,0.445,2.493,25.46,2.414,26.882,2.248,30.163,1.657
44.16416001319885,0.352,0.45,2.493,25.46,2.414,26.882,2.248,30.163,1.667
44.77085995674133,0.347,0.45,2.493,25.46,2.41,26.972,2.243,30.255,1.667
45.37747883796692,0.342,0.455,2.488,25.55,2.41,26.972,2.239,30.348,1.662
45.98431706428528,0.352,0.44,2.488,25.55,2.41,26.972,2.239,30.348,1.667
46.590847969055176,0.347,0.455,2.488,25.55,2.405,27.062,2.239,30.348,1.662
47.197603940963745,0.347,0.445,2.488,25.55,2.405,27.062,2.234,30.441,1.667
47.80429005622864,0.347,0.45,2.483,25.639,2.4,27.153,2.234,30.441,1.657
48.41104698181152,0.337,0.464,2.483,25.639,2.4,27.153,2.234,30.441,1.662
49.01754093170166,0.347,0.45,2.483,25.639,2.4,27.153,2.229,30.534,1.662
49.62426805496216,0.347,0.445,2.483,25.639,2.395,27.243,2.229,30.534,1.662
50.23113989830017,0.347,0.45,2.478,25.729,2.395,27.243,2.224,30.628,1.662
50.8376669883728,0.347,0.455,2.478,25.729,2.395,27.243,2.224,30.628,1.657
51.444302797317505,0.342,0.455,2.478,25.729,2.39,27.334,2.224,30.628,1.667
52.0512421131134,0.342,0.455,2.473,25.818,2.39,27.334,2.219,30.721,1.662
52.657689809799194,0.347,0.455,2.473,25.818,2.39,27.334,2.219,30.721,1.667
53.26435899734497,0.342,0.459,2.468,25.908,2.385,27.424,2.214,30.814,1.642
53.871026039123535,0.342,0.455,2.468,25.908,2.385,27.424,2.214,30.814,1.667
54.47774004936218,0.342,0.44,2.468,25.908,2.38,27.515,2.214,30.814,1.667
55.084526777267456,0.342,0.445,2.468,25.908,2.38,27.515,2.209,30.908,1.657
55.69120383262634,0.342,0.455,2.468,25.908,2.38,27.515,2.209,30.908,1.662
56.2979679107666,0.347,0.45,2.463,25.998,2.38,27.515,2.209,30.908,1.657
56.90454983711243,0.337,0.464,2.463,25.998,2.375,27.605,2.204,31.001,1.657
57.51120901107788,0.342,0.455,2.463,25.998,2.375,27.605,2.204,31.001,1.662
58.11789011955261,0.342,0.455,2.458,26.087,2.375,27.605,2.204,31.001,1.662
58.72456407546997,0.342,0.455,2.458,26.087,2.37,27.696,2.199,31.095,1.657
59.33124399185181,0.342,0.455,2.458,26.087,2.37,27.696,2.199,31.095,1.652
59.93799614906311,0.342,0.455,2.458,26.087,2.37,27.696,2.199,31.095,1.657
60.54458999633789,0.342,0.459,2.454,26.177,2.366,27.787,2.195,31.189,1.667
61.151468992233276,0.342,0.455,2.454,26.177,2.366,27.787,2.195,31.189,1.657
61.75806212425232,0.342,0.45,2.454,26.177,2.361,27.878,2.195,31.189,1.657
62.36497211456299,0.342,0.45,2.454,26.177,2.361,27.878,2.19,31.283,1.657
62.97137093544006,0.342,0.459,2.449,26.267,2.361,27.878,2.19,31.283,1.652
63.57816290855408,0.342,0.455,2.449,26.267,2.361,27.878,2.185,31.377,1.657
64.18482995033264,0.342,0.445,2.449,26.267,2.361,27.878,2.185,31.377,1.652
64.7916579246521,0.337,0.459,2.444,26.357,2.356,27.969,2.185,31.377,1.657
65.39830493927002,0.337,0.459,2.444,26.357,2.356,27.969,2.185,31.377,1.662
66.00494384765625,0.342,0.455,2.444,26.357,2.351,28.06,2.185,31.377,1.657
66.61155009269714,0.342,0.459,2.444,26.357,2.351,28.06,2.18,31.471,1.657
67.21836018562317,0.342,0.455,2.439,26.447,2.351,28.06,2.18,31.471,1.657
67.82502508163452,0.337,0.459,2.439,26.447,2.351,28.06,2.18,31.471,1.657
68.43187403678894,0.342,0.464,2.439,26.447,2.346,28.151,2.18,31.471,1.652
69.03834509849548,0.342,0.44,2.434,26.537,2.341,28.242,2.175,31.565,1.647
69.64516401290894,0.342,0.455,2.434,26.537,2.341,28.242,2.175,31.565,1.657
70.25175499916077,0.342,0.45,2.434,26.537,2.341,28.242,2.175,31.565,1.652
70.85842299461365,0.337,0.464,2.429,26.627,2.341,28.242,2.17,31.659,1.652
71.46524095535278,0.332,0.469,2.429,26.627,2.341,28.242,2.17,31.659,1.652
72.07181119918823,0.337,0.455,2.429,26.627,2.336,28.334,2.17,31.659,1.647
72.67854690551758,0.342,0.459,2.429,26.627,2.336,28.334,2.165,31.753,1.652
73.28526496887207,0.337,0.455,2.424,26.717,2.331,28.425,2.165,31.753,1.652
73.89179182052612,0.337,0.459,2.424,26.717,2.331,28.425,2.16,31.848,1.647
74.49862599372864,0.342,0.455,2.424,26.717,2.331,28.425,2.16,31.848,1.652
75.10529208183289,0.337,0.45,2.419,26.807,2.326,28.516,2.16,31.848,1.652
75.71211695671082,0.337,0.459,2.419,26.807,2.326,28.516,2.16,31.848,1.652
76.3186628818512,0.337,0.464,2.414,26.897,2.326,28.516,2.16,31.848,1.647
76.92547106742859,0.337,0.464,2.419,26.807,2.326,28.516,2.155,31.942,1.652
77.53206706047058,0.342,0.455,2.414,26.897,2.322,28.608,2.155,31.942,1.647
78.13878607749939,0.337,0.459,2.414,26.897,2.322,28.608,2.155,31.942,1.637
78.74550199508667,0.342,0.459,2.414,26.897,2.317,28.699,2.155,31.942,1.652
79.35214900970459,0.337,0.459,2.41,26.988,2.317,28.699,2.151,32.037,1.642
79.95882606506348,0.337,0.455,2.41,26.988,2.317,28.699,2.151,32.037,1.647
80.56553196907043,0.337,0.45,2.41,26.988,2.312,28.791,2.151,32.037,1.657
81.17217206954956,0.337,0.455,2.405,27.078,2.312,28.791,2.151,32.037,1.642
81.77886199951172,0.337,0.459,2.405,27.078,2.312,28.791,2.146,32.132,1.652
82.38552188873291,0.337,0.459,2.405,27.078,2.307,28.883,2.146,32.132,1.647
82.99247097969055,0.332,0.464,2.4,27.168,2.312,28.791,2.146,32.132,1.637
83.59900093078613,0.337,0.459,2.405,27.078,2.307,28.883,2.146,32.132,1.642
84.20587706565857,0.337,0.45,2.4,27.168,2.307,28.883,2.141,32.227,1.652
84.81262493133545,0.337,0.459,2.4,27.168,2.302,28.974,2.141,32.227,1.652
85.41917014122009,0.337,0.459,2.4,27.168,2.302,28.974,2.141,32.227,1.647
86.02591800689697,0.332,0.464,2.395,27.259,2.302,28.974,2.141,32.227,1.652
86.63256812095642,0.337,0.459,2.395,27.259,2.302,28.974,2.141,32.227,1.647
87.23929500579834,0.337,0.459,2.395,27.259,2.302,28.974,2.141,32.227,1.657
87.8459939956665,0.337,0.455,2.395,27.259,2.297,29.066,2.136,32.322,1.642
88.45279312133789,0.337,0.464,2.39,27.349,2.297,29.066,2.136,32.322,1.647
89.059011220932,0.332,0.464,2.39,27.349,2.297,29.066,2.136,32.322,1.642
89.66593480110168,0.327,0.469,2.385,27.44,2.292,29.158,2.131,32.417,1.647
90.27256917953491,0.332,0.464,2.385,27.44,2.292,29.158,2.131,32.417,1.637
90.87934803962708,0.332,0.455,2.385,27.44,2.292,29.158,2.131,32.417,1.647
91.4859619140625,0.332,0.464,2.385,27.44,2.292,29.158,2.131,32.417,1.637
92.09268999099731,0.327,0.469,2.385,27.44,2.292,29.158,2.131,32.417,1.637
92.69946098327637,0.332,0.459,2.385,27.44,2.287,29.25,2.131,32.417,1.642
93.30605697631836,0.332,0.464,2.38,27.531,2.287,29.25,2.131,32.417,1.642
93.91281795501709,0.332,0.464,2.38,27.531,2.287,29.25,2.126,32.512,1.647
94.51952314376831,0.332,0.464,2.38,27.531,2.287,29.25,2.126,32.512,1.647
95.12619090080261,0.332,0.455,2.38,27.531,2.283,29.342,2.126,32.512,1.652
95.73269987106323,0.332,0.459,2.375,27.621,2.283,29.342,2.126,32.512,1.642
96.33940005302429,0.332,0.464,2.375,27.621,2.283,29.342,2.126,32.512,1.642
96.94613313674927,0.332,0.464,2.375,27.621,2.278,29.435,2.126,32.512,1.642
97.55285501480103,0.332,0.459,2.37,27.712,2.278,29.435,2.121,32.607,1.647
98.15946197509766,0.323,0.479,2.37,27.712,2.278,29.435,2.121,32.607,1.642
98.76621603965759,0.337,0.459,2.37,27.712,2.278,29.435,2.121,32.607,1.642
99.37287998199463,0.332,0.455,2.37,27.712,2.273,29.527,2.116,32.703,1.642
99.97962594032288,0.332,0.464,2.37,27.712,2.273,29.527,2.116,32.703,1.642
100.5864109992981,0.323,0.469,2.366,27.803,2.273,29.527,2.116,32.703,1.632
101.19310998916626,0.327,0.464,2.366,27.803,2.273,29.527,2.116,32.703,1.637
101.7996838092804,0.323,0.474,2.366,27.803,2.268,29.619,2.111,32.798,1.642
102.40638995170593,0.332,0.45,2.361,27.894,2.268,29.619,2.111,32.798,1.642
103.01310014724731,0.323,0.474,2.361,27.894,2.268,29.619,2.111,32.798,1.637
103.619863986969,0.332,0.455,2.361,27.894,2.268,29.619,2.111,32.798,1.652
104.22653102874756,0.323,0.474,2.361,27.894,2.263,29.711,2.111,32.798,1.642
104.8331971168518,0.332,0.464,2.361,27.894,2.263,29.711,2.107,32.894,1.637
105.43972611427307,0.332,0.464,2.356,27.985,2.263,29.711,2.107,32.894,1.637
106.04667091369629,0.327,0.469,2.356,27.985,2.263,29.711,2.107,32.894,1.637
106.65341806411743,0.327,0.459,2.356,27.985,2.258,29.804,2.102,32.989,1.642
107.2600839138031,0.327,0.469,2.351,28.076,2.258,29.804,2.102,32.989,1.642
107.86674523353577,0.332,0.459,2.351,28.076,2.258,29.804,2.102,32.989,1.642
108.47327589988708,0.332,0.469,2.351,28.076,2.258,29.804,2.102,32.989,1.642
109.07980489730835,0.327,0.469,2.351,28.076,2.258,29.804,2.102,32.989,1.637
109.68671703338623,0.327,0.474,2.351,28.076,2.253,29.897,2.102,32.989,1.637
110.29332089424133,0.327,0.469,2.346,28.167,2.253,29.897,2.097,33.085,1.637
110.90014100074768,0.323,0.474,2.346,28.167,2.253,29.897,2.097,33.085,1.642
111.50680613517761,0.332,0.459,2.346,28.167,2.248,29.989,2.097,33.085,1.642
112.11340498924255,0.327,0.459,2.346,28.167,2.248,29.989,2.097,33.085,1.637
112.72005891799927,0.327,0.474,2.341,28.258,2.248,29.989,2.092,33.181,1.642
113.32663297653198,0.323,0.474,2.341,28.258,2.248,29.989,2.092,33.181,1.632
113.9336199760437,0.332,0.455,2.341,28.258,2.248,29.989,2.092,33.181,1.637
114.54022789001465,0.327,0.469,2.341,28.258,2.248,29.989,2.087,33.277,1.632
115.14670276641846,0.327,0.464,2.336,28.349,2.243,30.082,2.092,33.181,1.642
115.75364518165588,0.327,0.469,2.336,28.349,2.243,30.082,2.087,33.277,1.632
116.36016798019409,0.327,0.469,2.336,28.349,2.243,30.082,2.087,33.277,1.642
116.96684384346008,0.323,0.469,2.336,28.349,2.243,30.082,2.087,33.277,1.642
117.5737509727478,0.327,0.469,2.336,28.349,2.239,30.175,2.087,33.277,1.632
118.18006992340088,0.327,0.459,2.331,28.441,2.239,30.175,2.082,33.374,1.642
118.78685903549194,0.327,0.469,2.331,28.441,2.239,30.175,2.082,33.374,1.647
119.393728017807,0.327,0.474,2.331,28.441,2.239,30.175,2.082,33.374,1.632
120.00032496452332,0.318,0.479,2.331,28.441,2.239,30.175,2.082,33.374,1.637
120.60712885856628,0.327,0.469,2.331,28.441,2.239,30.175,2.082,33.374,1.642
121.21396994590759,0.327,0.464,2.331,28.441,2.239,30.175,2.082,33.374,1.647
121.82034206390381,0.327,0.464,2.326,28.532,2.234,30.268,2.077,33.47,1.632
122.42723417282104,0.323,0.474,2.326,28.532,2.234,30.268,2.077,33.47,1.637
123.03369307518005,0.323,0.474,2.326,28.532,2.234,30.268,2.077,33.47,1.642
123.64044284820557,0.323,0.474,2.326,28.532,2.234,30.268,2.077,33.47,1.642
124.2470018863678,0.323,0.474,2.326,28.532,2.234,30.268,2.077,33.47,1.637
124.85389113426208,0.323,0.474,2.322,28.624,2.229,30.361,2.072,33.566,1.632
125.46080303192139,0.323,0.474,2.322,28.624,2.229,30.361,2.072,33.566,1.632
126.06716179847717,0.323,0.474,2.322,28.624,2.229,30.361,2.072,33.566,1.637
126.67392110824585,0.323,0.469,2.322,28.624,2.229,30.361,2.072,33.566,1.632
127.28079605102539,0.327,0.469,2.322,28.624,2.224,30.454,2.072,33.566,1.647
127.88723301887512,0.327,0.464,2.317,28.715,2.224,30.454,2.072,33.566,1.632
128.49389791488647,0.327,0.469,2.317,28.715,2.224,30.454,2.072,33.566,1.632
129.10055804252625,0.327,0.464,2.317,28.715,2.224,30.454,2.067,33.663,1.632
129.71094608306885,0.323,0.474,2.317,28.715,2.224,30.454,2.067,33.663,1.642
130.31421399116516,0.327,0.469,2.317,28.715,2.224,30.454,2.067,33.663,1.642
130.9207479953766,0.323,0.474,2.312,28.807,2.219,30.547,2.067,33.663,1.628
131.52748107910156,0.313,0.479,2.312,28.807,2.219,30.547,2.067,33.663,1.637
132.1340799331665,0.327,0.469,2.312,28.807,2.219,30.547,2.063,33.759,1.642
132.74080801010132,0.323,0.474,2.312,28.807,2.219,30.547,2.067,33.663,1.637
133.34755897521973,0.323,0.479,2.312,28.807,2.219,30.547,2.067,33.663,1.637
133.95416498184204,0.323,0.474,2.307,28.899,2.214,30.64,2.063,33.759,1.632
134.56089401245117,0.323,0.474,2.307,28.899,2.214,30.64,2.063,33.759,1.632
135.16763710975647,0.323,0.474,2.307,28.899,2.214,30.64,2.063,33.759,1.632
135.7742338180542,0.327,0.469,2.307,28.899,2.214,30.64,2.063,33.759,1.642
136.38095498085022,0.318,0.474,2.302,28.99,2.209,30.734,2.058,33.856,1.628
136.98767399787903,0.323,0.469,2.302,28.99,2.209,30.734,2.058,33.856,1.632
137.59443306922913,0.327,0.464,2.302,28.99,2.209,30.734,2.058,33.856,1.637
138.20112013816833,0.323,0.464,2.302,28.99,2.209,30.734,2.058,33.856,1.642
138.8080608844757,0.323,0.464,2.302,28.99,2.204,30.827,2.058,33.856,1.632
139.41451597213745,0.323,0.474,2.297,29.082,2.204,30.827,2.058,33.856,1.632
140.02116680145264,0.313,0.479,2.297,29.082,2.204,30.827,2.053,33.953,1.628
140.62788677215576,0.323,0.474,2.297,29.082,2.204,30.827,2.058,33.856,1.632
141.23459005355835,0.323,0.474,2.297,29.082,2.204,30.827,2.053,33.953,1.632
141.84119820594788,0.323,0.469,2.297,29.082,2.199,30.921,2.058,33.856,1.628
142.44790506362915,0.323,0.464,2.292,29.174,2.199,30.921,2.053,33.953,1.632
143.05454802513123,0.318,0.474,2.292,29.174,2.199,30.921,2.053,33.953,1.637
143.661288022995,0.323,0.469,2.292,29.174,2.195,31.014,2.053,33.953,1.642
144.26789784431458,0.318,0.479,2.292,29.174,2.199,30.921,2.053,33.953,1.632
144.87463092803955,0.323,0.474,2.292,29.174,2.195,31.014,2.048,34.05,1.637
145.4814329147339,0.323,0.474,2.287,29.266,2.195,31.014,2.053,33.953,1.637
146.08796000480652,0.323,0.459,2.287,29.266,2.195,31.014,2.053,33.953,1.623
146.6947340965271,0.313,0.484,2.283,29.358,2.195,31.014,2.048,34.05,1.637
147.3014190196991,0.323,0.469,2.283,29.358,2.19,31.108,2.048,34.05,1.637
147.9081048965454,0.323,0.469,2.283,29.358,2.19,31.108,2.048,34.05,1.632
148.51478099822998,0.313,0.484,2.283,29.358,2.19,31.108,2.048,34.05,1.632
149.12136507034302,0.323,0.464,2.283,29.358,2.19,31.108,2.048,34.05,1.637
149.72811198234558,0.313,0.479,2.283,29.358,2.19,31.108,2.048,34.05,1.632
150.3348832130432,0.323,0.474,2.278,29.45,2.185,31.202,2.048,34.05,1.637
150.94160199165344,0.323,0.474,2.278,29.45,2.185,31.202,2.048,34.05,1.628
151.54832315444946,0.318,0.479,2.278,29.45,2.185,31.202,2.043,34.147,1.632
152.15495991706848,0.318,0.474,2.278,29.45,2.185,31.202,2.043,34.147,1.637
152.7616798877716,0.323,0.474,2.273,29.543,2.185,31.202,2.043,34.147,1.637
153.36834406852722,0.318,0.479,2.273,29.543,2.185,31.202,2.043,34.147,1.632
153.97504591941833,0.323,0.459,2.273,29.543,2.185,31.202,2.043,34.147,1.637
154.58170700073242,0.318,0.474,2.273,29.543,2.18,31.296,2.043,34.147,1.628
155.18842816352844,0.323,0.464,2.273,29.543,2.18,31.296,2.043,34.147,1.637
155.79511713981628,0.318,0.474,2.273,29.543,2.18,31.296,2.038,34.245,1.628
156.40182399749756,0.318,0.479,2.268,29.635,2.18,31.296,2.038,34.245,1.628
157.00852799415588,0.323,0.464,2.273,29.543,2.18,31.296,2.038,34.245,1.628
157.6152789592743,0.318,0.474,2.268,29.635,2.175,31.39,2.038,34.245,1.632
158.22193908691406,0.323,0.474,2.268,29.635,2.175,31.39,2.038,34.245,1.628
158.8286919593811,0.318,0.474,2.268,29.635,2.175,31.39,2.038,34.245,1.632
159.43539094924927,0.313,0.474,2.268,29.635,2.175,31.39,2.033,34.342,1.632
160.04187607765198,0.318,0.474,2.263,29.727,2.175,31.39,2.033,34.342,1.632
160.6485641002655,0.318,0.479,2.263,29.727,2.17,31.484,2.033,34.342,1.632
161.25525307655334,0.323,0.474,2.263,29.727,2.175,31.39,2.033,34.342,1.632
161.86200499534607,0.323,0.469,2.263,29.727,2.17,31.484,2.033,34.342,1.628
162.4686999320984,0.318,0.479,2.263,29.727,2.17,31.484,2.033,34.342,1.632
163.07538414001465,0.313,0.484,2.258,29.82,2.17,31.484,2.033,34.342,1.637
163.682284116745,0.323,0.474,2.258,29.82,2.17,31.484,2.033,34.342,1.628
164.28899788856506,0.323,0.469,2.258,29.82,2.165,31.578,2.033,34.342,1.632
164.89576196670532,0.318,0.474,2.258,29.82,2.165,31.578,2.028,34.44,1.632
165.5022931098938,0.313,0.484,2.253,29.913,2.165,31.578,2.028,34.44,1.628
166.10896492004395,0.313,0.484,2.253,29.913,2.165,31.578,2.028,34.44,1.628
166.71557712554932,0.313,0.479,2.253,29.913,2.165,31.578,2.028,34.44,1.632
167.32224202156067,0.318,0.474,2.258,29.82,2.165,31.578,2.028,34.44,1.637
167.92888593673706,0.318,0.479,2.258,29.82,2.165,31.578,2.028,34.44,1.637
168.53567790985107,0.318,0.474,2.258,29.82,2.165,31.578,2.028,34.44,1.628
169.14223909378052,0.318,0.464,2.253,29.913,2.16,31.673,2.023,34.537,1.637
169.7490270137787,0.318,0.464,2.253,29.913,2.16,31.673,2.023,34.537,1.632
170.35572504997253,0.318,0.474,2.253,29.913,2.16,31.673,2.023,34.537,1.628
170.96241092681885,0.318,0.474,2.253,29.913,2.16,31.673,2.023,34.537,1.628
171.56919980049133,0.318,0.474,2.253,29.913,2.16,31.673,2.023,34.537,1.628
172.1758210659027,0.313,0.474,2.253,29.913,2.16,31.673,2.019,34.635,1.632
172.78250908851624,0.318,0.479,2.253,29.913,2.16,31.673,2.019,34.635,1.637
173.38913893699646,0.318,0.479,2.253,29.913,2.16,31.673,2.019,34.635,1.637
173.99583792686462,0.318,0.479,2.248,30.005,2.155,31.767,2.019,34.635,1.632
174.60254383087158,0.318,0.479,2.248,30.005,2.155,31.767,2.019,34.635,1.628
175.20921182632446,0.313,0.484,2.248,30.005,2.155,31.767,2.019,34.635,1.628
175.81593918800354,0.318,0.474,2.248,30.005,2.155,31.767,2.019,34.635,1.628
176.42262983322144,0.313,0.479,2.248,30.005,2.155,31.767,2.019,34.635,1.628
177.0292510986328,0.313,0.484,2.248,30.005,2.155,31.767,2.019,34.635,1.628
177.63603401184082,0.323,0.469,2.248,30.005,2.151,31.862,2.014,34.733,1.632
178.24274682998657,0.313,0.479,2.243,30.098,2.155,31.767,2.014,34.733,1.637
178.84939193725586,0.308,0.484,2.248,30.005,2.155,31.767,2.014,34.733,1.628
179.45607495307922,0.318,0.469,2.248,30.005,2.151,31.862,2.014,34.733,1.628
180.0627269744873,0.318,0.479,2.243,30.098,2.151,31.862,2.014,34.733,1.623
180.6694619655609,0.313,0.474,2.243,30.098,2.151,31.862,2.014,34.733,1.618
181.27615118026733,0.318,0.469,2.243,30.098,2.151,31.862,2.014,34.733,1.632
181.88287806510925,0.318,0.479,2.243,30.098,2.151,31.862,2.009,34.831,1.632
182.4895601272583,0.313,0.479,2.243,30.098,2.151,31.862,2.009,34.831,1.628
183.09626078605652,0.318,0.474,2.243,30.098,2.151,31.862,2.009,34.831,1.632
183.7029321193695,0.318,0.474,2.243,30.098,2.146,31.957,2.009,34.831,1.623
184.30954504013062,0.318,0.479,2.239,30.191,2.146,31.957,2.009,34.831,1.623
184.91643595695496,0.318,0.464,2.243,30.098,2.146,31.957,2.009,34.831,1.628
185.52298593521118,0.313,0.479,2.239,30.191,2.146,31.957,2.009,34.831,1.623
186.12966084480286,0.313,0.479,2.239,30.191,2.146,31.957,2.009,34.831,1.632
186.73645901679993,0.318,0.474,2.239,30.191,2.146,31.957,2.004,34.929,1.628
187.34297800064087,0.318,0.479,2.239,30.191,2.146,31.957,2.004,34.929,1.623
187.94967103004456,0.313,0.479,2.239,30.191,2.146,31.957,2.004,34.929,1.628
188.5565629005432,0.318,0.474,2.239,30.191,2.146,31.957,2.004,34.929,1.632
189.1629409790039,0.318,0.479,2.239,30.191,2.146,31.957,2.004,34.929,1.628
189.7697720527649,0.318,0.469,2.234,30.284,2.141,32.051,2.004,34.929,1.613
190.37650990486145,0.313,0.479,2.234,30.284,2.141,32.051,2.004,34.929,1.632
190.98335599899292,0.313,0.469,2.234,30.284,2.141,32.051,2.004,34.929,1.628
191.58993101119995,0.318,0.479,2.234,30.284,2.141,32.051,2.004,34.929,1.623
192.19665098190308,0.313,0.469,2.229,30.377,2.141,32.051,1.999,35.028,1.632
192.80338406562805,0.308,0.484,2.229,30.377,2.141,32.051,1.999,35.028,1.628
193.4100501537323,0.318,0.479,2.229,30.377,2.136,32.146,1.999,35.028,1.623
194.01672291755676,0.313,0.484,2.229,30.377,2.136,32.146,1.999,35.028,1.618
194.6232578754425,0.313,0.479,2.229,30.377,2.136,32.146,1.999,35.028,1.623
195.23014879226685,0.318,0.469,2.229,30.377,2.136,32.146,1.999,35.028,1.632
195.83695101737976,0.313,0.479,2.224,30.47,2.136,32.146,1.999,35.028,1.618
196.4435429573059,0.313,0.484,2.224,30.47,2.131,32.241,1.999,35.028,1.628
197.05014085769653,0.313,0.479,2.224,30.47,2.131,32.241,1.999,35.028,1.637
197.65695905685425,0.308,0.484,2.224,30.47,2.131,32.241,1.999,35.028,1.628
198.26338577270508,0.313,0.469,2.224,30.47,2.131,32.241,1.999,35.028,1.623
198.87020182609558,0.313,0.479,2.224,30.47,2.131,32.241,1.999,35.028,1.628
199.47688817977905,0.313,0.484,2.219,30.563,2.131,32.241,1.999,35.028,1.628
200.08370518684387,0.313,0.469,2.219,30.563,2.131,32.241,1.999,35.028,1.632
200.6903018951416,0.313,0.479,2.219,30.563,2.131,32.241,1.999,35.028,1.618
201.29705500602722,0.313,0.469,2.219,30.563,2.126,32.336,1.994,35.126,1.623
201.90373396873474,0.313,0.484,2.214,30.656,2.126,32.336,1.994,35.126,1.628
202.5104010105133,0.313,0.474,2.214,30.656,2.126,32.336,1.994,35.126,1.637
203.11710286140442,0.313,0.474,2.214,30.656,2.126,32.336,1.994,35.126,1.623
203.72372889518738,0.313,0.479,2.214,30.656,2.126,32.336,1.994,35.126,1.628
204.33062601089478,0.313,0.479,2.214,30.656,2.126,32.336,1.994,35.126,1.637
204.93718791007996,0.313,0.474,2.214,30.656,2.126,32.336,1.989,35.225,1.628
205.5437879562378,0.313,0.479,2.214,30.656,2.126,32.336,1.989,35.225,1.623
206.150475025177,0.313,0.479,2.214,30.656,2.126,32.336,1.989,35.225,1.618
206.75705289840698,0.313,0.479,2.214,30.656,2.121,32.431,1.989,35.225,1.628
207.3639109134674,0.313,0.474,2.214,30.656,2.121,32.431,1.989,35.225,1.628
207.97059893608093,0.303,0.484,2.209,30.75,2.121,32.431,1.989,35.225,1.623
208.57726216316223,0.313,0.474,2.209,30.75,2.121,32.431,1.989,35.225,1.623
209.1838080883026,0.313,0.479,2.209,30.75,2.121,32.431,1.989,35.225,1.618
209.79064297676086,0.303,0.489,2.209,30.75,2.121,32.431,1.984,35.323,1.618
210.3973650932312,0.318,0.464,2.209,30.75,2.121,32.431,1.989,35.225,1.628
211.00408101081848,0.313,0.484,2.209,30.75,2.116,32.527,1.984,35.323,1.623
211.61075687408447,0.313,0.474,2.204,30.843,2.116,32.527,1.989,35.225,1.628
212.21745491027832,0.313,0.474,2.204,30.843,2.116,32.527,1.989,35.225,1.623
212.82410407066345,0.308,0.474,2.204,30.843,2.116,32.527,1.989,35.225,1.618
213.4309241771698,0.313,0.464,2.204,30.843,2.116,32.527,1.984,35.323,1.608
214.03752994537354,0.313,0.474,2.204,30.843,2.116,32.527,1.984,35.323,1.608
214.6441831588745,0.313,0.469,2.204,30.843,2.116,32.527,1.984,35.323,1.598
215.25090098381042,0.308,0.474,2.204,30.843,2.116,32.527,1.984,35.323,1.574
215.85748100280762,0.293,0.469,2.204,30.843,2.116,32.527,1.984,35.323,1.623
216.46424198150635,0.313,0.474,2.204,30.843,2.116,32.527,1.984,35.323,1.623
217.07094597816467,0.303,0.489,2.204,30.843,2.116,32.527,1.984,35.323,1.628
217.67871379852295,0.308,0.484,2.199,30.937,2.116,32.527,1.984,35.323,1.623
218.2843301296234,0.313,0.484,2.199,30.937,2.111,32.622,1.984,35.323,1.618
218.89100122451782,0.313,0.479,2.199,30.937,2.111,32.622,1.984,35.323,1.618
219.49773502349854,0.313,0.474,2.199,30.937,2.116,32.527,1.984,35.323,1.623
220.1044318675995,0.313,0.479,2.204,30.843,2.111,32.622,1.984,35.323,1.623
220.7111701965332,0.313,0.469,2.204,30.843,2.116,32.527,1.984,35.323,1.623
221.31779408454895,0.313,0.484,2.204,30.843,2.116,32.527,1.984,35.323,1.628
221.92448902130127,0.313,0.479,2.204,30.843,2.116,32.527,1.984,35.323,1.623
222.53121304512024,0.313,0.479,2.204,30.843,2.111,32.622,1.984,35.323,1.613
223.13787603378296,0.313,0.474,2.204,30.843,2.111,32.622,1.984,35.323,1.637
223.74447393417358,0.313,0.479,2.204,30.843,2.116,32.527,1.984,35.323,1.623
224.35121703147888,0.308,0.484,2.199,30.937,2.111,32.622,1.984,35.323,1.623
224.95787501335144,0.313,0.474,2.204,30.843,2.111,32.622,1.984,35.323,1.628
225.5646059513092,0.313,0.474,2.199,30.937,2.116,32.527,1.984,35.323,1.632
226.17136907577515,0.313,0.474,2.199,30.937,2.116,32.527,1.984,35.323,1.613
226.77799820899963,0.313,0.479,2.199,30.937,2.111,32.622,1.979,35.422,1.613
227.3846960067749,0.313,0.479,2.204,30.843,2.111,32.622,1.984,35.323,1.623
227.9915120601654,0.313,0.474,2.199,30.937,2.111,32.622,1.979,35.422,1.618
228.59818387031555,0.313,0.479,2.199,30.937,2.111,32.622,1.979,35.422,1.613
229.20480489730835,0.303,0.489,2.199,30.937,2.111,32.622,1.979,35.422,1.618
229.81148290634155,0.303,0.489,2.199,30.937,2.111,32.622,1.979,35.422,1.623
230.41820001602173,0.303,0.489,2.199,30.937,2.111,32.622,1.979,35.422,1.618
231.0248908996582,0.303,0.489,2.199,30.937,2.111,32.622,1.979,35.422,1.613
231.63161993026733,0.308,0.489,2.199,30.937,2.111,32.622,1.979,35.422,1.618
232.23834705352783,0.313,0.479,2.199,30.937,2.111,32.622,1.975,35.521,1.618
232.8449399471283,0.313,0.474,2.195,31.031,2.111,32.622,1.975,35.521,1.628
233.4516658782959,0.313,0.474,2.199,30.937,2.111,32.622,1.975,35.521,1.623
234.05835390090942,0.313,0.479,2.199,30.937,2.111,32.622,1.97,35.62,1.618
234.66496300697327,0.313,0.474,2.195,31.031,2.111,32.622,1.97,35.62,1.628
235.27174711227417,0.313,0.469,2.195,31.031,2.111,32.622,1.97,35.62,1.623
235.87842416763306,0.308,0.474,2.195,31.031,2.107,32.718,1.97,35.62,1.623
236.48511219024658,0.313,0.479,2.195,31.031,2.107,32.718,1.97,35.62,1.623
237.09178400039673,0.313,0.479,2.195,31.031,2.107,32.718,1.97,35.62,1.628
237.6985158920288,0.313,0.469,2.195,31.031,2.107,32.718,1.97,35.62,1.623
238.30512499809265,0.313,0.479,2.195,31.031,2.107,32.718,1.97,35.62,1.623
238.91184902191162,0.303,0.489,2.195,31.031,2.107,32.718,1.97,35.62,1.618
239.5185148715973,0.308,0.489,2.19,31.124,2.107,32.718,1.97,35.62,1.618
240.12524485588074,0.313,0.479,2.19,31.124,2.107,32.718,1.97,35.62,1.613
240.73194813728333,0.313,0.479,2.19,31.124,2.102,32.813,1.97,35.62,1.623
241.33848094940186,0.303,0.489,2.19,31.124,2.102,32.813,1.97,35.62,1.623
241.94531679153442,0.313,0.469,2.19,31.124,2.102,32.813,1.965,35.72,1.628
242.551983833313,0.313,0.474,2.19,31.124,2.097,32.909,1.965,35.72,1.618
243.1587028503418,0.313,0.479,2.19,31.124,2.102,32.813,1.965,35.72,1.623
243.76539015769958,0.313,0.474,2.185,31.218,2.097,32.909,1.965,35.72,1.628
244.37206196784973,0.313,0.469,2.19,31.124,2.097,32.909,1.965,35.72,1.628
244.97876691818237,0.313,0.479,2.185,31.218,2.097,32.909,1.965,35.72,1.618
245.5854790210724,0.313,0.479,2.185,31.218,2.097,32.909,1.965,35.72,1.628
246.19216799736023,0.303,0.489,2.185,31.218,2.097,32.909,1.965,35.72,1.618
246.79891681671143,0.308,0.489,2.185,31.218,2.092,33.005,1.965,35.72,1.623
247.40553188323975,0.308,0.489,2.185,31.218,2.092,33.005,1.965,35.72,1.618
248.0122709274292,0.308,0.484,2.185,31.218,2.092,33.005,1.965,35.72,1.618
248.61902499198914,0.313,0.479,2.185,31.218,2.092,33.005,1.96,35.819,1.628
249.2255790233612,0.313,0.474,2.185,31.218,2.092,33.005,1.96,35.819,1.623
249.83232498168945,0.313,0.479,2.185,31.218,2.092,33.005,1.965,35.72,1.618
250.43902397155762,0.313,0.479,2.185,31.218,2.092,33.005,1.96,35.819,1.618
251.04567098617554,0.298,0.494,2.18,31.312,2.092,33.005,1.96,35.819,1.618
251.65239596366882,0.303,0.494,2.185,31.218,2.092,33.005,1.96,35.819,1.618
252.25904488563538,0.308,0.484,2.18,31.312,2.092,33.005,1.96,35.819,1.618
252.8658800125122,0.308,0.484,2.18,31.312,2.092,33.005,1.955,35.919,1.613
253.47251892089844,0.313,0.479,2.18,31.312,2.092,33.005,1.96,35.819,1.628
254.0791838169098,0.313,0.474,2.18,31.312,2.092,33.005,1.96,35.819,1.618
254.68583822250366,0.308,0.474,2.18,31.312,2.092,33.005,1.96,35.819,1.618
255.2925100326538,0.313,0.479,2.18,31.312,2.092,33.005,1.96,35.819,1.618
255.89924502372742,0.303,0.494,2.18,31.312,2.092,33.005,1.955,35.919,1.613
256.5059459209442,0.313,0.479,2.18,31.312,2.092,33.005,1.955,35.919,1.623
257.1126079559326,0.313,0.474,2.18,31.312,2.092,33.005,1.955,35.919,1.618
257.71937584877014,0.308,0.484,2.18,31.312,2.087,33.101,1.955,35.919,1.618
258.3260250091553,0.303,0.489,2.18,31.312,2.087,33.101,1.955,35.919,1.623
258.9327449798584,0.313,0.479,2.18,31.312,2.087,33.101,1.955,35.919,1.618
259.5394320487976,0.308,0.484,2.18,31.312,2.087,33.101,1.955,35.919,1.618
260.1460471153259,0.308,0.489,2.18,31.312,2.087,33.101,1.955,35.919,1.628
260.7527050971985,0.313,0.474,2.18,31.312,2.087,33.101,1.955,35.919,1.618
261.359500169754,0.303,0.479,2.18,31.312,2.087,33.101,1.955,35.919,1.618
261.9661798477173,0.303,0.489,2.175,31.406,2.087,33.101,1.955,35.919,1.613
262.57290601730347,0.313,0.479,2.18,31.312,2.087,33.101,1.955,35.919,1.618
263.17953419685364,0.308,0.479,2.175,31.406,2.087,33.101,1.95,36.019,1.618
263.7861909866333,0.308,0.484,2.18,31.312,2.087,33.101,1.955,35.919,1.613
264.3928179740906,0.313,0.479,2.175,31.406,2.087,33.101,1.95,36.019,1.608
265.0059988498688,0.308,0.484,2.175,31.406,2.087,33.101,1.95,36.019,1.618
265.6061818599701,0.303,0.489,2.175,31.406,2.087,33.101,1.95,36.019,1.613
266.21309900283813,0.303,0.494,2.175,31.406,2.082,33.197,1.95,36.019,1.613
266.8196361064911,0.313,0.479,2.175,31.406,2.082,33.197,1.95,36.019,1.618
267.42631697654724,0.313,0.474,2.175,31.406,2.082,33.197,1.95,36.019,1.623
268.03308606147766,0.308,0.474,2.175,31.406,2.082,33.197,1.95,36.019,1.618
268.6398470401764,0.308,0.484,2.175,31.406,2.082,33.197,1.95,36.019,1.608
269.2464380264282,0.313,0.479,2.175,31.406,2.082,33.197,1.95,36.019,1.623
269.85651302337646,0.308,0.474,2.175,31.406,2.082,33.197,1.945,36.118,1.623
270.45977306365967,0.303,0.479,2.17,31.5,2.082,33.197,1.95,36.019,1.618
271.06656098365784,0.308,0.484,2.17,31.5,2.077,33.293,1.95,36.019,1.618
271.6733009815216,0.308,0.479,2.17,31.5,2.082,33.197,1.95,36.019,1.618
272.27987790107727,0.308,0.479,2.17,31.5,2.077,33.293,1.945,36.118,1.618
272.8866398334503,0.308,0.479,2.17,31.5,2.082,33.197,1.95,36.019,1.623
273.49333691596985,0.308,0.484,2.17,31.5,2.077,33.293,1.95,36.019,1.618
274.1001250743866,0.308,0.484,2.17,31.5,2.077,33.293,1.945,36.118,1.613
274.70672488212585,0.308,0.474,2.17,31.5,2.077,33.293,1.95,36.019,1.618
275.3134729862213,0.303,0.484,2.17,31.5,2.077,33.293,1.945,36.118,1.623
275.92020988464355,0.313,0.469,2.17,31.5,2.077,33.293,1.945,36.118,1.623
276.52688789367676,0.303,0.489,2.17,31.5,2.077,33.293,1.945,36.118,1.623
277.1337208747864,0.303,0.489,2.17,31.5,2.077,33.293,1.945,36.118,1.613
277.7403688430786,0.308,0.479,2.17,31.5,2.077,33.293,1.945,36.118,1.608
278.3468379974365,0.308,0.479,2.165,31.595,2.077,33.293,1.945,36.118,1.618
278.9536578655243,0.308,0.474,2.165,31.595,2.077,33.293,1.945,36.118,1.613
279.56031012535095,0.298,0.499,2.165,31.595,2.077,33.293,1.945,36.118,1.623
280.16692781448364,0.308,0.469,2.17,31.5,2.077,33.293,1.945,36.118,1.613
280.77371096611023,0.303,0.484,2.165,31.595,2.077,33.293,1.945,36.118,1.618
281.38035106658936,0.308,0.479,2.165,31.595,2.077,33.293,1.945,36.118,1.618
281.9871518611908,0.313,0.479,2.165,31.595,2.077,33.293,1.94,36.218,1.618
282.5939040184021,0.298,0.494,2.165,31.595,2.077,33.293,1.94,36.218,1.618
283.20030903816223,0.303,0.484,2.165,31.595,2.072,33.39,1.94,36.218,1.623
283.8070809841156,0.313,0.469,2.165,31.595,2.077,33.293,1.94,36.218,1.613
284.41383504867554,0.308,0.484,2.165,31.595,2.077,33.293,1.94,36.218,1.618
285.02064204216003,0.303,0.489,2.165,31.595,2.077,33.293,1.94,36.218,1.623
285.62715005874634,0.308,0.479,2.165,31.595,2.072,33.39,1.94,36.218,1.613
286.23381996154785,0.313,0.474,2.165,31.595,2.072,33.39,1.94,36.218,1.618
286.8405828475952,0.298,0.494,2.165,31.595,2.072,33.39,1.94,36.218,1.623
287.4472749233246,0.303,0.479,2.165,31.595,2.072,33.39,1.94,36.218,1.618
288.0539450645447,0.308,0.484,2.165,31.595,2.072,33.39,1.94,36.218,1.618
288.66069197654724,0.298,0.499,2.165,31.595,2.072,33.39,1.94,36.218,1.613
289.2672200202942,0.313,0.479,2.165,31.595,2.072,33.39,1.94,36.218,1.618
289.87402081489563,0.308,0.484,2.165,31.595,2.072,33.39,1.94,36.218,1.613
290.4809248447418,0.303,0.494,2.16,31.689,2.072,33.39,1.94,36.218,1.613
291.0874409675598,0.303,0.489,2.165,31.595,2.072,33.39,1.94,36.218,1.623
291.69405698776245,0.308,0.484,2.165,31.595,2.072,33.39,1.935,36.319,1.623
292.30075192451477,0.303,0.479,2.16,31.689,2.067,33.486,1.935,36.319,1.618
292.9076087474823,0.308,0.479,2.16,31.689,2.072,33.39,1.94,36.218,1.613
293.5142741203308,0.308,0.479,2.16,31.689,2.067,33.486,1.935,36.319,1.608
294.12088203430176,0.308,0.479,2.16,31.689,2.067,33.486,1.935,36.319,1.608
294.7273299694061,0.308,0.484,2.16,31.689,2.067,33.486,1.935,36.319,1.613
295.33428502082825,0.303,0.484,2.16,31.689,2.067,33.486,1.935,36.319,1.579
295.9410629272461,0.288,0.464,2.16,31.689,2.072,33.39,1.935,36.319,1.608
296.54763293266296,0.303,0.484,2.16,31.689,2.067,33.486,1.935,36.319,1.613
297.1543700695038,0.303,0.484,2.155,31.783,2.067,33.486,1.935,36.319,1.608
297.76102781295776,0.303,0.489,2.155,31.783,2.067,33.486,1.935,36.319,1.613
298.3676450252533,0.313,0.479,2.16,31.689,2.067,33.486,1.935,36.319,1.623
298.9743890762329,0.303,0.479,2.155,31.783,2.067,33.486,1.935,36.319,1.613
299.5811069011688,0.308,0.479,2.155,31.783,2.067,33.486,1.935,36.319,1.608
300.1879379749298,0.303,0.484,2.155,31.783,2.063,33.583,1.931,36.419,1.613
300.7946219444275,0.298,0.494,2.155,31.783,2.067,33.486,1.935,36.319,1.618
301.40118193626404,0.308,0.484,2.155,31.783,2.063,33.583,1.935,36.319,1.618
302.00798296928406,0.303,0.484,2.155,31.783,2.063,33.583,1.935,36.319,1.608
302.61446619033813,0.298,0.484,2.155,31.783,2.063,33.583,1.935,36.319,1.608
303.2214629650116,0.303,0.479,2.155,31.783,2.063,33.583,1.935,36.319,1.623
303.82796120643616,0.308,0.484,2.155,31.783,2.063,33.583,1.931,36.419,1.613
304.4345281124115,0.308,0.484,2.155,31.783,2.063,33.583,1.935,36.319,1.623
305.04146695137024,0.308,0.474,2.155,31.783,2.063,33.583,1.935,36.319,1.618
305.64808797836304,0.303,0.489,2.151,31.878,2.063,33.583,1.931,36.419,1.608
306.2546670436859,0.303,0.484,2.155,31.783,2.063,33.583,1.935,36.319,1.613
306.86155796051025,0.303,0.484,2.151,31.878,2.063,33.583,1.931,36.419,1.613
307.46823716163635,0.303,0.489,2.155,31.783,2.063,33.583,1.931,36.419,1.613
308.0747539997101,0.308,0.479,2.151,31.878,2.063,33.583,1.931,36.419,1.608
308.68143486976624,0.303,0.489,2.151,31.878,2.063,33.583,1.931,36.419,1.623
309.2880358695984,0.313,0.479,2.151,31.878,2.063,33.583,1.931,36.419,1.618
309.8949999809265,0.298,0.494,2.151,31.878,2.063,33.583,1.931,36.419,1.613
310.5015318393707,0.308,0.474,2.151,31.878,2.063,33.583,1.931,36.419,1.618
311.1082239151001,0.308,0.479,2.151,31.878,2.058,33.679,1.926,36.519,1.608
311.7151198387146,0.298,0.494,2.151,31.878,2.063,33.583,1.931,36.419,1.623
312.32168102264404,0.303,0.484,2.151,31.878,2.063,33.583,1.931,36.419,1.623
312.9284517765045,0.308,0.479,2.151,31.878,2.058,33.679,1.926,36.519,1.613
313.535019159317,0.303,0.484,2.151,31.878,2.058,33.679,1.926,36.519,1.603
314.1418309211731,0.298,0.479,2.151,31.878,2.058,33.679,1.926,36.519,1.623
314.74858713150024,0.303,0.489,2.151,31.878,2.058,33.679,1.926,36.519,1.623
315.3549530506134,0.303,0.484,2.151,31.878,2.058,33.679,1.926,36.519,1.613
315.96185398101807,0.313,0.469,2.151,31.878,2.058,33.679,1.926,36.519,1.623
316.5685889720917,0.308,0.479,2.151,31.878,2.058,33.679,1.926,36.519,1.623
317.1752939224243,0.308,0.479,2.151,31.878,2.058,33.679,1.926,36.519,1.618
317.7820370197296,0.308,0.484,2.151,31.878,2.058,33.679,1.926,36.519,1.618
318.38849115371704,0.303,0.489,2.151,31.878,2.058,33.679,1.926,36.519,1.623
318.9953410625458,0.308,0.479,2.151,31.878,2.053,33.776,1.926,36.519,1.618
319.60213685035706,0.303,0.489,2.151,31.878,2.058,33.679,1.926,36.519,1.618
320.2088589668274,0.303,0.489,2.146,31.973,2.058,33.679,1.926,36.519,1.613
320.8154628276825,0.308,0.484,2.146,31.973,2.053,33.776,1.926,36.519,1.623
321.4223461151123,0.313,0.469,2.146,31.973,2.053,33.776,1.926,36.519,1.623
322.0288369655609,0.303,0.489,2.146,31.973,2.053,33.776,1.926,36.519,1.613
322.6357078552246,0.303,0.489,2.146,31.973,2.053,33.776,1.926,36.519,1.608
323.2422778606415,0.313,0.479,2.146,31.973,2.053,33.776,1.926,36.519,1.613
323.8489348888397,0.308,0.474,2.146,31.973,2.048,33.873,1.926,36.519,1.618
324.4555468559265,0.303,0.484,2.146,31.973,2.053,33.776,1.926,36.519,1.613
325.0623390674591,0.303,0.489,2.146,31.973,2.053,33.776,1.921,36.62,1.608
325.6689941883087,0.303,0.489,2.141,32.067,2.048,33.873,1.926,36.519,1.608
326.27563405036926,0.303,0.484,2.141,32.067,2.048,33.873,1.926,36.519,1.613
326.8823549747467,0.303,0.479,2.141,32.067,2.048,33.873,1.926,36.519,1.608
327.48916506767273,0.303,0.489,2.141,32.067,2.048,33.873,1.926,36.519,1.608
328.0957350730896,0.303,0.489,2.141,32.067,2.048,33.873,1.926,36.519,1.613
328.7023937702179,0.303,0.484,2.141,32.067,2.048,33.873,1.926,36.519,1.613
329.3090491294861,0.298,0.484,2.141,32.067,2.043,33.97,1.926,36.519,1.603
329.91577196121216,0.303,0.469,2.141,32.067,2.048,33.873,1.926,36.519,1.608
330.52247190475464,0.308,0.484,2.141,32.067,2.043,33.97,1.926,36.519,1.608
331.12914299964905,0.303,0.489,2.136,32.162,2.043,33.97,1.921,36.62,1.613
331.73586893081665,0.298,0.494,2.136,32.162,2.043,33.97,1.921,36.62,1.603
332.342570066452,0.293,0.494,2.136,32.162,2.043,33.97,1.921,36.62,1.603
332.9492428302765,0.303,0.484,2.136,32.162,2.043,33.97,1.921,36.62,1.613
333.55592608451843,0.303,0.489,2.136,32.162,2.043,33.97,1.921,36.62,1.613
334.16261196136475,0.303,0.479,2.136,32.162,2.043,33.97,1.921,36.62,1.618
334.76929092407227,0.303,0.489,2.136,32.162,2.043,33.97,1.921,36.62,1.608
335.3759889602661,0.308,0.484,2.136,32.162,2.043,33.97,1.921,36.62,1.613
335.9826879501343,0.298,0.489,2.136,32.162,2.043,33.97,1.921,36.62,1.618
336.589497089386,0.303,0.489,2.136,32.162,2.043,33.97,1.921,36.62,1.608
337.1961648464203,0.303,0.489,2.131,32.257,2.043,33.97,1.921,36.62,1.623
337.8028738498688,0.303,0.484,2.131,32.257,2.043,33.97,1.921,36.62,1.613
338.4094111919403,0.303,0.479,2.136,32.162,2.038,34.067,1.921,36.62,1.628
339.0161669254303,0.303,0.484,2.131,32.257,2.038,34.067,1.921,36.62,1.613
339.62288999557495,0.303,0.474,2.136,32.162,2.043,33.97,1.921,36.62,1.603
340.22953391075134,0.303,0.484,2.131,32.257,2.038,34.067,1.921,36.62,1.603
340.8361921310425,0.303,0.484,2.131,32.257,2.038,34.067,1.921,36.62,1.608
341.4429278373718,0.298,0.489,2.131,32.257,2.038,34.067,1.921,36.62,1.579
342.04960584640503,0.283,0.474,2.131,32.257,2.038,34.067,1.921,36.62,1.608
342.6564528942108,0.303,0.489,2.131,32.257,2.038,34.067,1.921,36.62,1.608
343.2629928588867,0.303,0.474,2.131,32.257,2.038,34.067,1.921,36.62,1.603
343.86968994140625,0.303,0.479,2.131,32.257,2.038,34.067,1.921,36.62,1.608
344.4763488769531,0.293,0.499,2.131,32.257,2.038,34.067,1.921,36.62,1.613
345.08292984962463,0.303,0.484,2.131,32.257,2.038,34.067,1.921,36.62,1.608
345.68971610069275,0.308,0.484,2.131,32.257,2.038,34.067,1.921,36.62,1.623
346.30357098579407,0.308,0.484,2.131,32.257,2.038,34.067,1.921,36.62,1.618
346.90326619148254,0.308,0.484,2.131,32.257,2.038,34.067,1.921,36.62,1.613
347.5097849369049,0.298,0.494,2.126,32.352,2.038,34.067,1.921,36.62,1.613
348.11656498908997,0.303,0.489,2.126,32.352,2.038,34.067,1.921,36.62,1.618
348.72311091423035,0.308,0.479,2.126,32.352,2.038,34.067,1.916,36.721,1.608
349.3298408985138,0.303,0.489,2.131,32.257,2.038,34.067,1.921,36.62,1.603
349.9367868900299,0.298,0.469,2.131,32.257,2.038,34.067,1.916,36.721,1.603
350.5433700084686,0.303,0.489,2.131,32.257,2.038,34.067,1.921,36.62,1.623
351.15003085136414,0.303,0.489,2.131,32.257,2.043,33.97,1.921,36.62,1.613
351.7568030357361,0.303,0.489,2.131,32.257,2.043,33.97,1.921,36.62,1.613
352.36335706710815,0.303,0.489,2.131,32.257,2.038,34.067,1.916,36.721,1.613
352.96999192237854,0.303,0.494,2.131,32.257,2.038,34.067,1.916,36.721,1.623
353.57681107521057,0.303,0.489,2.131,32.257,2.043,33.97,1.916,36.721,1.618
354.18348598480225,0.303,0.489,2.131,32.257,2.038,34.067,1.921,36.62,1.613
354.7900779247284,0.303,0.479,2.131,32.257,2.038,34.067,1.916,36.721,1.608
355.3968048095703,0.303,0.489,2.131,32.257,2.038,34.067,1.916,36.721,1.618
356.00349497795105,0.298,0.494,2.131,32.257,2.038,34.067,1.916,36.721,1.613
356.6102089881897,0.303,0.484,2.131,32.257,2.038,34.067,1.916,36.721,1.608
357.216961145401,0.303,0.484,2.131,32.257,2.038,34.067,1.916,36.721,1.618
357.82361102104187,0.303,0.489,2.126,32.352,2.038,34.067,1.916,36.721,1.618
358.43023896217346,0.303,0.489,2.131,32.257,2.038,34.067,1.916,36.721,1.608
359.03697299957275,0.303,0.484,2.126,32.352,2.038,34.067,1.916,36.721,1.613
359.6436150074005,0.303,0.489,2.126,32.352,2.038,34.067,1.916,36.721,1.628
360.25036692619324,0.303,0.489,2.126,32.352,2.038,34.067,1.916,36.721,1.623
360.8569800853729,0.298,0.489,2.131,32.257,2.038,34.067,1.916,36.721,1.613
361.46365118026733,0.298,0.499,2.131,32.257,2.038,34.067,1.911,36.822,1.608
362.0704209804535,0.298,0.499,2.131,32.257,2.038,34.067,1.911,36.822,1.613
362.6771249771118,0.308,0.484,2.131,32.257,2.038,34.067,1.916,36.721,1.618
363.28380489349365,0.303,0.484,2.131,32.257,2.038,34.067,1.911,36.822,1.618
363.89049100875854,0.293,0.499,2.131,32.257,2.038,34.067,1.916,36.721,1.613
364.4971458911896,0.303,0.484,2.131,32.257,2.038,34.067,1.911,36.822,1.618
365.1039607524872,0.303,0.489,2.131,32.257,2.038,34.067,1.916,36.721,1.618
365.71067905426025,0.303,0.484,2.131,32.257,2.038,34.067,1.911,36.822,1.613
366.3172838687897,0.303,0.494,2.131,32.257,2.038,34.067,1.911,36.822,1.608
366.9262750148773,0.308,0.484,2.126,32.352,2.038,34.067,1.911,36.822,1.623
367.5307068824768,0.308,0.479,2.126,32.352,2.038,34.067,1.911,36.822,1.613
368.13737201690674,0.298,0.494,2.126,32.352,2.038,34.067,1.911,36.822,1.618
368.744069814682,0.303,0.489,2.126,32.352,2.038,34.067,1.911,36.822,1.608
369.35069489479065,0.303,0.484,2.126,32.352,2.038,34.067,1.911,36.822,1.623
369.9574279785156,0.303,0.489,2.126,32.352,2.038,34.067,1.911,36.822,1.613
370.5640971660614,0.303,0.489,2.126,32.352,2.038,34.067,1.911,36.822,1.613
371.1707730293274,0.303,0.489,2.126,32.352,2.038,34.067,1.911,36.822,1.623
371.7775571346283,0.303,0.494,2.126,32.352,2.038,34.067,1.911,36.822,1.613
372.3842339515686,0.303,0.489,2.126,32.352,2.038,34.067,1.911,36.822,1.623
372.99083495140076,0.303,0.484,2.126,32.352,2.038,34.067,1.911,36.822,1.608
373.59760308265686,0.303,0.479,2.126,32.352,2.038,34.067,1.911,36.822,1.623
374.20428800582886,0.308,0.489,2.126,32.352,2.038,34.067,1.911,36.822,1.613
374.81093406677246,0.303,0.489,2.126,32.352,2.038,34.067,1.911,36.822,1.608
375.4176518917084,0.308,0.484,2.126,32.352,2.038,34.067,1.911,36.822,1.608
376.02432799339294,0.303,0.479,2.126,32.352,2.033,34.165,1.911,36.822,1.613
376.63091111183167,0.303,0.489,2.126,32.352,2.033,34.165,1.911,36.822,1.618
377.2377200126648,0.293,0.503,2.126,32.352,2.033,34.165,1.911,36.822,1.613
377.8444800376892,0.303,0.489,2.126,32.352,2.033,34.165,1.906,36.923,1.623
378.4511649608612,0.303,0.489,2.126,32.352,2.033,34.165,1.911,36.822,1.613
379.05783891677856,0.298,0.494,2.126,32.352,2.033,34.165,1.911,36.822,1.618
379.66476011276245,0.303,0.479,2.126,32.352,2.033,34.165,1.911,36.822,1.613
380.27129912376404,0.303,0.494,2.126,32.352,2.033,34.165,1.911,36.822,1.618
380.87789487838745,0.303,0.489,2.126,32.352,2.033,34.165,1.911,36.822,1.613
381.48466205596924,0.303,0.479,2.126,32.352,2.033,34.165,1.911,36.822,1.613
382.09144401550293,0.303,0.489,2.121,32.448,2.033,34.165,1.906,36.923,1.608
382.6981439590454,0.303,0.494,2.126,32.352,2.033,34.165,1.911,36.822,1.598
383.3047950267792,0.308,0.484,2.126,32.352,2.033,34.165,1.906,36.923,1.608
383.91151118278503,0.298,0.499,2.126,32.352,2.033,34.165,1.911,36.822,1.623
384.5182509422302,0.303,0.494,2.126,32.352,2.033,34.165,1.911,36.822,1.613
385.124942779541,0.308,0.484,2.126,32.352,2.033,34.165,1.911,36.822,1.618
385.7315330505371,0.303,0.484,2.126,32.352,2.033,34.165,1.911,36.822,1.618
386.3381850719452,0.298,0.494,2.121,32.448,2.033,34.165,1.911,36.822,1.608
386.94494700431824,0.298,0.484,2.126,32.352,2.033,34.165,1.911,36.822,1.613
387.5519609451294,0.308,0.484,2.121,32.448,2.033,34.165,1.911,36.822,1.618
388.1584279537201,0.303,0.489,2.121,32.448,2.033,34.165,1.911,36.822,1.618
388.765105009079,0.298,0.494,2.121,32.448,2.033,34.165,1.911,36.822,1.613
389.37194299697876,0.303,0.494,2.121,32.448,2.033,34.165,1.911,36.822,1.618
389.97835183143616,0.303,0.479,2.121,32.448,2.033,34.165,1.911,36.822,1.623
390.5850989818573,0.303,0.489,2.121,32.448,2.033,34.165,1.911,36.822,1.613
391.19176411628723,0.303,0.479,2.121,32.448,2.033,34.165,1.911,36.822,1.618
391.798458814621,0.303,0.484,2.121,32.448,2.033,34.165,1.911,36.822,1.613
392.40517711639404,0.303,0.494,2.116,32.543,2.033,34.165,1.911,36.822,1.613
393.0119140148163,0.303,0.489,2.116,32.543,2.033,34.165,1.911,36.822,1.613
393.6185028553009,0.298,0.499,2.116,32.543,2.033,34.165,1.911,36.822,1.618
394.2251567840576,0.303,0.484,2.116,32.543,2.033,34.165,1.911,36.822,1.608
394.831906080246,0.308,0.489,2.116,32.543,2.033,34.165,1.911,36.822,1.623
395.43861293792725,0.308,0.484,2.116,32.543,2.033,34.165,1.911,36.822,1.623
396.04506397247314,0.303,0.484,2.116,32.543,2.028,34.262,1.911,36.822,1.623
396.6519920825958,0.308,0.489,2.116,32.543,2.033,34.165,1.916,36.721,1.623
397.2586278915405,0.308,0.479,2.111,32.638,2.028,34.262,1.911,36.822,1.623
397.8652880191803,0.303,0.489,2.111,32.638,2.028,34.262,1.911,36.822,1.613
398.4720630645752,0.303,0.494,2.111,32.638,2.028,34.262,1.911,36.822,1.618
399.07871317863464,0.303,0.489,2.111,32.638,2.023,34.36,1.911,36.822,1.623
399.6854090690613,0.308,0.489,2.111,32.638,2.023,34.36,1.911,36.822,1.623
400.29210805892944,0.308,0.484,2.111,32.638,2.023,34.36,1.911,36.822,1.608
400.89881801605225,0.303,0.489,2.111,32.638,2.028,34.262,1.911,36.822,1.623
401.5056450366974,0.303,0.489,2.111,32.638,2.028,34.262,1.906,36.923,1.613
402.1121699810028,0.303,0.494,2.111,32.638,2.028,34.262,1.911,36.822,1.623
402.71887016296387,0.308,0.484,2.107,32.734,2.028,34.262,1.911,36.822,1.623
403.3255338668823,0.303,0.489,2.111,32.638,2.028,34.262,1.906,36.923,1.623
403.9322199821472,0.303,0.494,2.111,32.638,2.023,34.36,1.911,36.822,1.628
404.5387239456177,0.298,0.499,2.111,32.638,2.023,34.36,1.911,36.822,1.608
405.14556097984314,0.298,0.499,2.111,32.638,2.023,34.36,1.911,36.822,1.623
405.7523190975189,0.303,0.489,2.111,32.638,2.023,34.36,1.911,36.822,1.618
406.3590359687805,0.308,0.474,2.111,32.638,2.023,34.36,1.911,36.822,1.613
406.9657459259033,0.298,0.494,2.111,32.638,2.023,34.36,1.906,36.923,1.623
407.57225799560547,0.303,0.489,2.111,32.638,2.023,34.36,1.906,36.923,1.618
408.1789610385895,0.308,0.489,2.107,32.734,2.023,34.36,1.906,36.923,1.613
408.78577423095703,0.298,0.499,2.111,32.638,2.023,34.36,1.906,36.923,1.613
409.3923110961914,0.303,0.494,2.111,32.638,2.023,34.36,1.906,36.923,1.613
409.99913716316223,0.308,0.479,2.111,32.638,2.023,34.36,1.911,36.822,1.613
410.6058850288391,0.308,0.474,2.111,32.638,2.023,34.36,1.906,36.923,1.613
411.21247482299805,0.303,0.494,2.111,32.638,2.023,34.36,1.906,36.923,1.623
411.81912994384766,0.308,0.489,2.111,32.638,2.023,34.36,1.906,36.923,1.628
412.4258279800415,0.303,0.489,2.111,32.638,2.023,34.36,1.906,36.923,1.618
413.0325200557709,0.298,0.499,2.107,32.734,2.023,34.36,1.906,36.923,1.618
413.63921785354614,0.298,0.499,2.111,32.638,2.023,34.36,1.906,36.923,1.613
414.24593687057495,0.303,0.494,2.111,32.638,2.023,34.36,1.906,36.923,1.623
414.8526039123535,0.308,0.484,2.111,32.638,2.023,34.36,1.906,36.923,1.628
415.459361076355,0.303,0.489,2.107,32.734,2.023,34.36,1.906,36.923,1.613
416.0659830570221,0.303,0.479,2.107,32.734,2.019,34.457,1.901,37.024,1.608
416.6726269721985,0.303,0.494,2.107,32.734,2.019,34.457,1.901,37.024,1.613
417.2793610095978,0.308,0.479,2.107,32.734,2.019,34.457,1.901,37.024,1.623
417.8860750198364,0.313,0.484,2.107,32.734,2.019,34.457,1.901,37.024,1.623
418.4928021430969,0.303,0.479,2.102,32.83,2.019,34.457,1.901,37.024,1.618
419.09943985939026,0.298,0.494,2.102,32.83,2.019,34.457,1.901,37.024,1.613
419.706120967865,0.303,0.489,2.102,32.83,2.019,34.457,1.901,37.024,1.613
420.31278896331787,0.303,0.484,2.102,32.83,2.019,34.457,1.901,37.024,1.618
420.9195830821991,0.308,0.489,2.102,32.83,2.019,34.457,1.901,37.024,1.628
421.52601408958435,0.303,0.484,2.107,32.734,2.019,34.457,1.901,37.024,1.613
422.13285088539124,0.303,0.489,2.107,32.734,2.019,34.457,1.901,37.024,1.628
422.73960876464844,0.303,0.484,2.107,32.734,2.019,34.457,1.901,37.024,1.628
423.3469030857086,0.308,0.484,2.107,32.734,2.019,34.457,1.901,37.024,1.623
423.9529631137848,0.308,0.484,2.107,32.734,2.019,34.457,1.901,37.024,1.618
424.55979084968567,0.313,0.479,2.107,32.734,2.023,34.36,1.901,37.024,1.618
425.16657400131226,0.303,0.489,2.107,32.734,2.023,34.36,1.901,37.024,1.618
425.7731029987335,0.303,0.479,2.107,32.734,2.019,34.457,1.901,37.024,1.623
426.37979006767273,0.303,0.479,2.107,32.734,2.019,34.457,1.901,37.024,1.618
426.9866418838501,0.303,0.479,2.111,32.638,2.023,34.36,1.901,37.024,1.628
427.5937747955322,0.308,0.484,2.107,32.734,2.023,34.36,1.901,37.024,1.623
428.19995284080505,0.303,0.494,2.107,32.734,2.023,34.36,1.901,37.024,1.613
428.8065490722656,0.298,0.499,2.111,32.638,2.023,34.36,1.901,37.024,1.623
429.4131121635437,0.298,0.499,2.107,32.734,2.023,34.36,1.901,37.024,1.613
430.0200319290161,0.303,0.489,2.107,32.734,2.023,34.36,1.901,37.024,1.628
430.627158164978,0.308,0.484,2.111,32.638,2.019,34.457,1.901,37.024,1.613
431.23328495025635,0.303,0.489,2.111,32.638,2.023,34.36,1.901,37.024,1.618
431.8399450778961,0.303,0.494,2.107,32.734,2.023,34.36,1.901,37.024,1.623
432.44643688201904,0.303,0.494,2.107,32.734,2.023,34.36,1.901,37.024,1.623
433.0532307624817,0.298,0.499,2.107,32.734,2.023,34.36,1.896,37.125,1.613
433.66030287742615,0.298,0.494,2.111,32.638,2.023,34.36,1.901,37.024,1.613
434.26686906814575,0.303,0.494,2.107,32.734,2.019,34.457,1.901,37.024,1.623
434.873596906662,0.308,0.479,2.111,32.638,2.019,34.457,1.901,37.024,1.613
435.4801731109619,0.303,0.484,2.111,32.638,2.023,34.36,1.896,37.125,1.613
436.0867850780487,0.303,0.479,2.111,32.638,2.023,34.36,1.896,37.125,1.618
436.69357109069824,0.308,0.489,2.111,32.638,2.019,34.457,1.896,37.125,1.613
437.30039715766907,0.303,0.489,2.111,32.638,2.023,34.36,1.896,37.125,1.623
437.9068601131439,0.303,0.494,2.111,32.638,2.019,34.457,1.896,37.125,1.618
438.5135450363159,0.308,0.484,2.111,32.638,2.019,34.457,1.896,37.125,1.623
439.12022709846497,0.303,0.494,2.111,32.638,2.023,34.36,1.901,37.024,1.623
439.72674798965454,0.303,0.489,2.111,32.638,2.023,34.36,1.896,37.125,1.623
440.33361411094666,0.303,0.489,2.111,32.638,2.019,34.457,1.896,37.125,1.623
440.9404091835022,0.303,0.494,2.111,32.638,2.023,34.36,1.896,37.125,1.613
441.54693722724915,0.303,0.489,2.107,32.734,2.023,34.36,1.896,37.125,1.613
442.15366411209106,0.293,0.499,2.107,32.734,2.019,34.457,1.896,37.125,1.608
442.7602450847626,0.303,0.489,2.111,32.638,2.023,34.36,1.896,37.125,1.598
443.3670988082886,0.308,0.479,2.111,32.638,2.019,34.457,1.901,37.024,1.603
443.9737648963928,0.303,0.484,2.107,32.734,2.019,34.457,1.896,37.125,1.588
444.58047103881836,0.298,0.484,2.107,32.734,2.019,34.457,1.896,37.125,1.593
445.1873710155487,0.293,0.484,2.107,32.734,2.019,34.457,1.896,37.125,1.588
445.79388093948364,0.293,0.484,2.107,32.734,2.023,34.36,1.896,37.125,1.588
446.40060806274414,0.293,0.489,2.107,32.734,2.023,34.36,1.896,37.125,1.574
447.0073039531708,0.293,0.484,2.107,32.734,2.019,34.457,1.896,37.125,1.603
447.6139221191406,0.303,0.479,2.107,32.734,2.019,34.457,1.896,37.125,1.603
448.220666885376,0.303,0.489,2.107,32.734,2.019,34.457,1.896,37.125,1.613
448.8274359703064,0.303,0.489,2.107,32.734,2.019,34.457,1.896,37.125,1.613
449.43380904197693,0.303,0.484,2.107,32.734,2.019,34.457,1.896,37.125,1.608
450.0406789779663,0.303,0.484,2.107,32.734,2.019,34.457,1.896,37.125,1.618
450.64736104011536,0.303,0.484,2.107,32.734,2.014,34.555,1.896,37.125,1.618
451.25413608551025,0.303,0.489,2.102,32.83,2.019,34.457,1.896,37.125,1.623
451.8607099056244,0.303,0.489,2.102,32.83,2.019,34.457,1.896,37.125,1.618
452.4673721790314,0.303,0.489,2.102,32.83,2.014,34.555,1.896,37.125,1.608
453.0742189884186,0.303,0.484,2.107,32.734,2.019,34.457,1.896,37.125,1.593
453.68073081970215,0.303,0.479,2.107,32.734,2.014,34.555,1.896,37.125,1.588
454.2873840332031,0.298,0.484,2.107,32.734,2.014,34.555,1.891,37.227,1.593
454.89408111572266,0.293,0.494,2.102,32.83,2.014,34.555,1.896,37.125,1.593
455.50079894065857,0.298,0.489,2.107,32.734,2.014,34.555,1.896,37.125,1.598
456.1076638698578,0.298,0.484,2.107,32.734,2.014,34.555,1.896,37.125,1.593
456.7142379283905,0.293,0.489,2.102,32.83,2.014,34.555,1.896,37.125,1.608
457.3208930492401,0.298,0.484,2.107,32.734,2.014,34.555,1.896,37.125,1.613
457.9275789260864,0.303,0.494,2.102,32.83,2.014,34.555,1.896,37.125,1.623
458.5343041419983,0.303,0.489,2.102,32.83,2.014,34.555,1.896,37.125,1.608
459.14094495773315,0.293,0.499,2.102,32.83,2.014,34.555,1.896,37.125,1.613
459.7479031085968,0.303,0.489,2.102,32.83,2.014,34.555,1.896,37.125,1.603
460.3545229434967,0.293,0.499,2.102,32.83,2.014,34.555,1.896,37.125,1.603
460.96121406555176,0.293,0.499,2.097,32.925,2.014,34.555,1.896,37.125,1.613
461.5679659843445,0.293,0.494,2.102,32.83,2.014,34.555,1.896,37.125,1.598
462.17452597618103,0.298,0.494,2.097,32.925,2.014,34.555,1.896,37.125,1.608
462.78131103515625,0.303,0.479,2.097,32.925,2.009,34.653,1.896,37.125,1.593
463.3878548145294,0.298,0.479,2.097,32.925,2.009,34.653,1.896,37.125,1.579
463.9946389198303,0.293,0.484,2.097,32.925,2.009,34.653,1.901,37.024,1.584
464.60165882110596,0.298,0.474,2.097,32.925,2.009,34.653,1.896,37.125,1.603
465.20780181884766,0.298,0.494,2.097,32.925,2.009,34.653,1.896,37.125,1.608
465.8145809173584,0.293,0.499,2.097,32.925,2.009,34.653,1.896,37.125,1.608
466.4213387966156,0.303,0.479,2.097,32.925,2.009,34.653,1.896,37.125,1.618
467.02804613113403,0.303,0.494,2.097,32.925,2.009,34.653,1.896,37.125,1.618
467.63460898399353,0.298,0.499,2.097,32.925,2.009,34.653,1.896,37.125,1.608
468.24137592315674,0.303,0.484,2.092,33.021,2.009,34.653,1.896,37.125,1.603
468.848032951355,0.298,0.489,2.097,32.925,2.009,34.653,1.896,37.125,1.603
469.454726934433,0.298,0.494,2.097,32.925,2.009,34.653,1.896,37.125,1.588
470.0615859031677,0.288,0.494,2.097,32.925,2.009,34.653,1.896,37.125,1.584
470.6682550907135,0.298,0.484,2.097,32.925,2.009,34.653,1.896,37.125,1.588
471.2747859954834,0.298,0.479,2.097,32.925,2.009,34.653,1.896,37.125,1.584
471.8814239501953,0.298,0.484,2.097,32.925,2.009,34.653,1.896,37.125,1.598
472.488116979599,0.293,0.489,2.097,32.925,2.009,34.653,1.896,37.125,1.584
473.0954599380493,0.293,0.489,2.097,32.925,2.009,34.653,1.896,37.125,1.593
473.7015480995178,0.298,0.469,2.097,32.925,2.009,34.653,1.896,37.125,1.593
474.3082389831543,0.298,0.484,2.097,32.925,2.009,34.653,1.896,37.125,1.593
474.9149708747864,0.298,0.484,2.097,32.925,2.009,34.653,1.896,37.125,1.584
475.5216341018677,0.298,0.474,2.097,32.925,2.009,34.653,1.896,37.125,1.593
476.1283600330353,0.293,0.489,2.097,32.925,2.009,34.653,1.896,37.125,1.593
476.7350311279297,0.298,0.484,2.097,32.925,2.009,34.653,1.896,37.125,1.593
477.3415729999542,0.293,0.489,2.097,32.925,2.009,34.653,1.896,37.125,1.588
477.9483621120453,0.298,0.484,2.097,32.925,2.014,34.555,1.896,37.125,1.588
478.555104970932,0.298,0.484,2.102,32.83,2.014,34.555,1.896,37.125,1.588
479.1617422103882,0.293,0.489,2.097,32.925,2.014,34.555,1.896,37.125,1.574
479.76839995384216,0.293,0.474,2.097,32.925,2.014,34.555,1.896,37.125,1.593
480.3751571178436,0.293,0.484,2.102,32.83,2.014,34.555,1.896,37.125,1.584
480.981791973114,0.293,0.489,2.097,32.925,2.014,34.555,1.896,37.125,1.588
481.5884909629822,0.293,0.484,2.102,32.83,2.014,34.555,1.896,37.125,1.588
482.19515085220337,0.298,0.484,2.097,32.925,2.014,34.555,1.896,37.125,1.593
482.80200695991516,0.298,0.474,2.097,32.925,2.014,34.555,1.896,37.125,1.584
483.4085819721222,0.298,0.484,2.097,32.925,2.009,34.653,1.896,37.125,1.574
484.0154800415039,0.293,0.484,2.097,32.925,2.009,34.653,1.896,37.125,1.579
484.62192487716675,0.293,0.484,2.097,32.925,2.009,34.653,1.896,37.125,1.579
485.2286238670349,0.293,0.479,2.097,32.925,2.009,34.653,1.896,37.125,1.579
485.8353900909424,0.288,0.489,2.097,32.925,2.009,34.653,1.896,37.125,1.579
486.4421389102936,0.288,0.474,2.097,32.925,2.009,34.653,1.896,37.125,1.549
487.0488588809967,0.283,0.474,2.092,33.021,2.009,34.653,1.896,37.125,1.53
487.65557312965393,0.279,0.469,2.097,32.925,2.009,34.653,1.896,37.125,1.505
488.26219487190247,0.269,0.469,2.097,32.925,2.009,34.653,1.896,37.125,1.491
488.86893606185913,0.259,0.455,2.097,32.925,2.009,34.653,1.896,37.125,1.471
489.4755299091339,0.254,0.43,2.097,32.925,2.009,34.653,1.896,37.125,1.603
490.0821828842163,0.298,0.484,2.092,33.021,2.009,34.653,1.896,37.125,1.613
490.68886494636536,0.303,0.489,2.092,33.021,2.009,34.653,1.896,37.125,1.613
491.2957019805908,0.303,0.484,2.092,33.021,2.004,34.751,1.896,37.125,1.618
491.9024751186371,0.303,0.489,2.092,33.021,2.004,34.751,1.896,37.125,1.618
492.50914216041565,0.303,0.494,2.092,33.021,2.004,34.751,1.896,37.125,1.618
493.11578488349915,0.303,0.494,2.087,33.117,2.004,34.751,1.896,37.125,1.613
493.7225091457367,0.303,0.489,2.092,33.021,2.004,34.751,1.896,37.125,1.613
494.3291039466858,0.308,0.489,2.087,33.117,2.004,34.751,1.896,37.125,1.613
494.9358320236206,0.303,0.489,2.087,33.117,2.004,34.751,1.896,37.125,1.613
495.54250597953796,0.303,0.494,2.087,33.117,2.004,34.751,1.896,37.125,1.608
496.1492359638214,0.298,0.499,2.087,33.117,2.004,34.751,1.896,37.125,1.618
496.75595712661743,0.308,0.489,2.087,33.117,2.004,34.751,1.896,37.125,1.608
497.3626129627228,0.298,0.494,2.087,33.117,2.004,34.751,1.896,37.125,1.623
497.96936202049255,0.303,0.489,2.087,33.117,2.004,34.751,1.896,37.125,1.618
498.57599806785583,0.303,0.494,2.087,33.117,2.004,34.751,1.891,37.227,1.613
499.18263602256775,0.303,0.489,2.087,33.117,2.004,34.751,1.891,37.227,1.608
499.7893431186676,0.303,0.489,2.087,33.117,2.004,34.751,1.891,37.227,1.623
500.3960199356079,0.308,0.489,2.087,33.117,2.004,34.751,1.891,37.227,1.608
501.00278782844543,0.303,0.479,2.087,33.117,2.004,34.751,1.891,37.227,1.613
501.60940504074097,0.298,0.499,2.087,33.117,2.004,34.751,1.891,37.227,1.618
502.2161228656769,0.298,0.499,2.087,33.117,2.004,34.751,1.891,37.227,1.623
502.82269501686096,0.303,0.494,2.092,33.021,2.004,34.751,1.891,37.227,1.608
503.42948603630066,0.303,0.479,2.092,33.021,2.004,34.751,1.891,37.227,1.618
504.03638982772827,0.303,0.494,2.092,33.021,2.004,34.751,1.891,37.227,1.623
504.6429121494293,0.303,0.494,2.092,33.021,2.004,34.751,1.891,37.227,1.628
505.24963212013245,0.303,0.494,2.092,33.021,2.004,34.751,1.891,37.227,1.618
505.8562948703766,0.303,0.489,2.092,33.021,2.009,34.653,1.891,37.227,1.608
506.46291399002075,0.303,0.489,2.092,33.021,2.004,34.751,1.891,37.227,1.613
507.0697238445282,0.298,0.499,2.092,33.021,2.004,34.751,1.891,37.227,1.613
507.67644596099854,0.303,0.489,2.092,33.021,2.004,34.751,1.891,37.227,1.613
508.28325295448303,0.303,0.489,2.092,33.021,2.004,34.751,1.891,37.227,1.623
508.8897249698639,0.303,0.489,2.092,33.021,2.004,34.751,1.887,37.329,1.618
509.49641609191895,0.303,0.489,2.092,33.021,2.004,34.751,1.891,37.227,1.623
510.103107213974,0.308,0.489,2.092,33.021,2.004,34.751,1.887,37.329,1.623
510.70985293388367,0.303,0.489,2.092,33.021,2.004,34.751,1.887,37.329,1.623
511.3165340423584,0.303,0.494,2.092,33.021,2.004,34.751,1.887,37.329,1.608
511.9231607913971,0.293,0.503,2.092,33.021,2.004,34.751,1.887,37.329,1.618
512.5297899246216,0.303,0.489,2.097,32.925,2.004,34.751,1.887,37.329,1.618
513.1366391181946,0.303,0.494,2.097,32.925,2.004,34.751,1.887,37.329,1.623
513.7432789802551,0.303,0.494,2.097,32.925,2.004,34.751,1.887,37.329,1.623
514.3499290943146,0.303,0.489,2.097,32.925,2.004,34.751,1.887,37.329,1.618
514.9565880298615,0.303,0.479,2.097,32.925,2.004,34.751,1.887,37.329,1.618
515.5632719993591,0.303,0.489,2.097,32.925,2.004,34.751,1.887,37.329,1.613
516.1700191497803,0.303,0.489,2.092,33.021,2.004,34.751,1.887,37.329,1.603
516.7767059803009,0.298,0.494,2.097,32.925,2.004,34.751,1.887,37.329,1.593
517.383306980133,0.293,0.489,2.097,32.925,2.009,34.653,1.887,37.329,1.549
517.9899709224701,0.283,0.494,2.092,33.021,2.004,34.751,1.887,37.329,1.603
518.5967299938202,0.303,0.489,2.097,32.925,2.004,34.751,1.887,37.329,1.618
519.2033879756927,0.303,0.494,2.097,32.925,2.004,34.751,1.887,37.329,1.608
519.8100690841675,0.303,0.494,2.097,32.925,2.004,34.751,1.887,37.329,1.608
520.416848897934,0.303,0.484,2.097,32.925,2.004,34.751,1.887,37.329,1.613
521.0235869884491,0.303,0.494,2.097,32.925,2.004,34.751,1.887,37.329,1.613
521.6303849220276,0.303,0.494,2.097,32.925,2.004,34.751,1.887,37.329,1.618
522.2369711399078,0.303,0.494,2.092,33.021,2.004,34.751,1.887,37.329,1.623
522.8437020778656,0.298,0.494,2.097,32.925,2.004,34.751,1.887,37.329,1.618
523.4502890110016,0.303,0.489,2.097,32.925,2.004,34.751,1.887,37.329,1.623
524.0569868087769,0.308,0.484,2.097,32.925,2.004,34.751,1.887,37.329,1.613
524.6635708808899,0.303,0.489,2.097,32.925,2.004,34.751,1.887,37.329,1.618
525.2705888748169,0.303,0.489,2.097,32.925,2.004,34.751,1.887,37.329,1.628
525.8772428035736,0.303,0.484,2.097,32.925,2.004,34.751,1.887,37.329,1.618
526.4838950634003,0.303,0.489,2.097,32.925,2.004,34.751,1.887,37.329,1.623
527.0906929969788,0.303,0.499,2.097,32.925,2.004,34.751,1.887,37.329,1.618
527.6972529888153,0.298,0.494,2.092,33.021,2.004,34.751,1.887,37.329,1.608
528.3039050102234,0.303,0.494,2.092,33.021,2.004,34.751,1.887,37.329,1.613
528.9105100631714,0.298,0.499,2.092,33.021,2.004,34.751,1.887,37.329,1.623
529.5172119140625,0.303,0.494,2.092,33.021,2.004,34.751,1.887,37.329,1.632
530.1239712238312,0.303,0.489,2.092,33.021,2.004,34.751,1.887,37.329,1.613
530.730681180954,0.303,0.479,2.092,33.021,2.004,34.751,1.887,37.329,1.608
531.3372030258179,0.303,0.494,2.092,33.021,2.004,34.751,1.887,37.329,1.628
531.9440388679504,0.303,0.499,2.092,33.021,2.004,34.751,1.887,37.329,1.613
532.5507180690765,0.303,0.494,2.092,33.021,2.004,34.751,1.887,37.329,1.613
533.1575491428375,0.298,0.499,2.092,33.021,2.004,34.751,1.887,37.329,1.628
533.7640550136566,0.298,0.499,2.092,33.021,2.004,34.751,1.887,37.329,1.608
534.3707299232483,0.298,0.499,2.092,33.021,2.004,34.751,1.887,37.329,1.618
534.9776170253754,0.293,0.499,2.092,33.021,2.004,34.751,1.882,37.431,1.618
535.5842089653015,0.293,0.499,2.092,33.021,2.004,34.751,1.882,37.431,1.618
536.190817117691,0.298,0.494,2.092,33.021,2.004,34.751,1.887,37.329,1.623
536.7975640296936,0.303,0.489,2.092,33.021,2.004,34.751,1.887,37.329,1.608
537.4043760299683,0.303,0.484,2.092,33.021,2.004,34.751,1.882,37.431,1.613
538.0110800266266,0.303,0.479,2.092,33.021,2.004,34.751,1.887,37.329,1.618
538.6176609992981,0.303,0.489,2.097,32.925,2.004,34.751,1.887,37.329,1.613
539.2242569923401,0.303,0.489,2.092,33.021,2.004,34.751,1.887,37.329,1.613
539.8310558795929,0.303,0.494,2.092,33.021,2.009,34.653,1.882,37.431,1.618
540.4378471374512,0.303,0.494,2.097,32.925,2.009,34.653,1.882,37.431,1.618
541.0442609786987,0.303,0.489,2.092,33.021,2.004,34.751,1.882,37.431,1.618
541.6511518955231,0.298,0.499,2.092,33.021,2.004,34.751,1.887,37.329,1.613
542.2597150802612,0.298,0.494,2.097,32.925,2.004,34.751,1.882,37.431,1.628
542.8645861148834,0.303,0.484,2.092,33.021,2.004,34.751,1.887,37.329,1.613
543.4711308479309,0.303,0.489,2.092,33.021,2.004,34.751,1.882,37.431,1.618
544.0778708457947,0.303,0.489,2.092,33.021,2.004,34.751,1.882,37.431,1.618
544.6846129894257,0.293,0.499,2.097,32.925,2.004,34.751,1.882,37.431,1.618
545.2915189266205,0.298,0.499,2.092,33.021,2.004,34.751,1.882,37.431,1.618
545.8981320858002,0.298,0.494,2.097,32.925,2.004,34.751,1.882,37.431,1.618
546.5046000480652,0.303,0.484,2.097,32.925,2.004,34.751,1.882,37.431,1.623
547.111398935318,0.298,0.494,2.097,32.925,2.004,34.751,1.882,37.431,1.608
547.7180399894714,0.298,0.494,2.092,33.021,2.004,34.751,1.882,37.431,1.613
548.3246018886566,0.298,0.489,2.097,32.925,2.004,34.751,1.882,37.431,1.613
548.9315021038055,0.303,0.489,2.097,32.925,2.004,34.751,1.882,37.431,1.608
549.5381479263306,0.303,0.489,2.097,32.925,2.004,34.751,1.882,37.431,1.613
550.144917011261,0.293,0.508,2.097,32.925,2.004,34.751,1.882,37.431,1.618
550.7516849040985,0.303,0.489,2.097,32.925,2.004,34.751,1.882,37.431,1.608
551.3582699298859,0.303,0.489,2.097,32.925,2.004,34.751,1.882,37.431,1.623
551.9649670124054,0.303,0.494,2.097,32.925,2.004,34.751,1.882,37.431,1.618
552.5715708732605,0.303,0.489,2.092,33.021,2.004,34.751,1.882,37.431,1.608
553.1783509254456,0.303,0.489,2.092,33.021,2.004,34.751,1.882,37.431,1.618
553.7851378917694,0.303,0.494,2.092,33.021,1.999,34.849,1.882,37.431,1.623
554.3917582035065,0.303,0.494,2.092,33.021,1.999,34.849,1.882,37.431,1.623
555.0013709068298,0.303,0.494,2.092,33.021,2.004,34.751,1.882,37.431,1.613
555.6049311161041,0.293,0.503,2.092,33.021,1.999,34.849,1.882,37.431,1.608
556.2117838859558,0.298,0.489,2.092,33.021,1.999,34.849,1.882,37.431,1.613
556.8184771537781,0.303,0.494,2.092,33.021,2.004,34.751,1.882,37.431,1.613
557.4251689910889,0.303,0.484,2.092,33.021,1.999,34.849,1.882,37.431,1.608
558.0319218635559,0.293,0.499,2.092,33.021,2.004,34.751,1.882,37.431,1.623
558.6386330127716,0.303,0.489,2.092,33.021,2.004,34.751,1.887,37.329,1.613
559.2452402114868,0.303,0.489,2.092,33.021,1.999,34.849,1.882,37.431,1.613
559.8520030975342,0.298,0.499,2.092,33.021,2.004,34.751,1.882,37.431,1.608
560.4586789608002,0.303,0.479,2.092,33.021,1.999,34.849,1.882,37.431,1.603
561.0652408599854,0.303,0.489,2.092,33.021,1.999,34.849,1.882,37.431,1.613
561.672033071518,0.303,0.489,2.092,33.021,1.999,34.849,1.882,37.431,1.618
562.2787508964539,0.298,0.499,2.092,33.021,1.999,34.849,1.882,37.431,1.618
562.8853659629822,0.303,0.499,2.092,33.021,1.999,34.849,1.882,37.431,1.603
563.4919791221619,0.303,0.494,2.092,33.021,1.999,34.849,1.882,37.431,1.613
564.098818063736,0.303,0.484,2.092,33.021,1.999,34.849,1.882,37.431,1.598
564.7055261135101,0.303,0.479,2.092,33.021,1.999,34.849,1.882,37.431,1.603
565.3119270801544,0.303,0.484,2.087,33.117,1.999,34.849,1.882,37.431,1.613
565.9187819957733,0.303,0.489,2.087,33.117,1.999,34.849,1.882,37.431,1.608
566.5256431102753,0.303,0.489,2.087,33.117,1.999,34.849,1.882,37.431,1.608
567.1323089599609,0.303,0.494,2.087,33.117,1.999,34.849,1.882,37.431,1.608
567.7389810085297,0.303,0.489,2.087,33.117,1.999,34.849,1.882,37.431,1.603
568.3457741737366,0.298,0.499,2.087,33.117,1.999,34.849,1.882,37.431,1.613
568.952376127243,0.303,0.489,2.087,33.117,1.999,34.849,1.882,37.431,1.613
569.5589580535889,0.303,0.484,2.092,33.021,1.999,34.849,1.882,37.431,1.613
570.1656441688538,0.303,0.489,2.092,33.021,1.999,34.849,1.887,37.329,1.613
570.7723860740662,0.303,0.489,2.087,33.117,1.999,34.849,1.887,37.329,1.603
571.3790011405945,0.298,0.494,2.087,33.117,1.994,34.948,1.882,37.431,1.598
571.9857821464539,0.303,0.489,2.092,33.021,1.999,34.849,1.882,37.431,1.608
572.5924379825592,0.303,0.494,2.087,33.117,1.999,34.849,1.887,37.329,1.613
573.1991550922394,0.303,0.489,2.087,33.117,1.999,34.849,1.887,37.329,1.603
573.8058271408081,0.293,0.499,2.087,33.117,1.999,34.849,1.887,37.329,1.603
574.4129109382629,0.298,0.494,2.087,33.117,1.999,34.849,1.887,37.329,1.598
575.0194799900055,0.298,0.479,2.087,33.117,1.994,34.948,1.887,37.329,1.608
575.626128911972,0.298,0.484,2.087,33.117,1.999,34.849,1.887,37.329,1.613
576.2327370643616,0.298,0.494,2.087,33.117,1.999,34.849,1.887,37.329,1.608
576.839457988739,0.303,0.494,2.087,33.117,1.999,34.849,1.887,37.329,1.603
577.4461400508881,0.298,0.489,2.087,33.117,1.994,34.948,1.887,37.329,1.608
578.052857875824,0.303,0.489,2.092,33.021,1.999,34.849,1.887,37.329,1.613
578.6594848632812,0.298,0.489,2.087,33.117,1.999,34.849,1.887,37.329,1.613
579.2662479877472,0.298,0.499,2.087,33.117,1.994,34.948,1.887,37.329,1.608
579.8728859424591,0.303,0.494,2.087,33.117,1.999,34.849,1.887,37.329,1.618
580.4793379306793,0.303,0.494,2.087,33.117,1.999,34.849,1.887,37.329,1.623
581.0861871242523,0.303,0.479,2.087,33.117,1.994,34.948,1.882,37.431,1.623
581.6928579807281,0.303,0.489,2.087,33.117,1.999,34.849,1.887,37.329,1.613
582.2996411323547,0.303,0.489,2.087,33.117,1.999,34.849,1.882,37.431,1.618
582.9061901569366,0.293,0.499,2.087,33.117,1.999,34.849,1.882,37.431,1.618
583.51296210289,0.303,0.494,2.087,33.117,1.999,34.849,1.882,37.431,1.613
584.1196911334991,0.303,0.494,2.092,33.021,1.999,34.849,1.887,37.329,1.618
584.7262969017029,0.308,0.489,2.087,33.117,1.999,34.849,1.887,37.329,1.618
585.3330330848694,0.303,0.494,2.087,33.117,1.999,34.849,1.887,37.329,1.623
585.9396629333496,0.303,0.494,2.092,33.021,1.999,34.849,1.887,37.329,1.618
586.5464849472046,0.303,0.494,2.087,33.117,1.994,34.948,1.887,37.329,1.618
587.1531598567963,0.303,0.489,2.087,33.117,1.994,34.948,1.887,37.329,1.623
587.7598447799683,0.303,0.494,2.087,33.117,1.999,34.849,1.887,37.329,1.623
588.3665270805359,0.303,0.494,2.087,33.117,1.999,34.849,1.887,37.329,1.613
588.973140001297,0.293,0.499,2.087,33.117,1.994,34.948,1.882,37.431,1.618
589.5797851085663,0.308,0.489,2.087,33.117,1.999,34.849,1.882,37.431,1.618
590.1865038871765,0.303,0.479,2.087,33.117,1.994,34.948,1.882,37.431,1.623
590.7933349609375,0.303,0.494,2.087,33.117,1.994,34.948,1.882,37.431,1.628
591.3999919891357,0.303,0.494,2.087,33.117,1.999,34.849,1.882,37.431,1.618
592.0065820217133,0.293,0.503,2.082,33.213,1.994,34.948,1.882,37.431,1.623
592.6132590770721,0.303,0.489,2.087,33.117,1.994,34.948,1.882,37.431,1.623
593.220027923584,0.303,0.489,2.087,33.117,1.994,34.948,1.882,37.431,1.623
593.8266670703888,0.303,0.489,2.082,33.213,1.994,34.948,1.882,37.431,1.613
594.4334290027618,0.303,0.489,2.082,33.213,1.994,34.948,1.882,37.431,1.623
595.040314912796,0.303,0.484,2.082,33.213,1.994,34.948,1.882,37.431,1.628
595.6469609737396,0.303,0.494,2.082,33.213,1.994,34.948,1.882,37.431,1.613
596.2535560131073,0.303,0.489,2.082,33.213,1.994,34.948,1.882,37.431,1.618
596.8603079319,0.303,0.494,2.082,33.213,1.994,34.948,1.882,37.431,1.618
597.4669940471649,0.298,0.499,2.082,33.213,1.994,34.948,1.882,37.431,1.618
598.0737411975861,0.303,0.494,2.082,33.213,1.994,34.948,1.882,37.431,1.613
598.6803629398346,0.303,0.494,2.082,33.213,1.994,34.948,1.882,37.431,1.613
599.2870559692383,0.303,0.494,2.082,33.213,1.994,34.948,1.882,37.431,1.608
599.8937258720398,0.298,0.494,2.077,33.309,1.994,34.948,1.882,37.431,1.613
600.5004489421844,0.298,0.494,2.082,33.213,1.994,34.948,1.882,37.431,1.618
601.1071429252625,0.293,0.503,2.082,33.213,1.994,34.948,1.882,37.431,1.608
601.7138230800629,0.303,0.489,2.077,33.309,1.994,34.948,1.882,37.431,1.618
602.320522069931,0.293,0.503,2.082,33.213,1.994,34.948,1.882,37.431,1.623
602.9271440505981,0.303,0.494,2.082,33.213,1.994,34.948,1.882,37.431,1.613
603.5338270664215,0.303,0.489,2.082,33.213,1.994,34.948,1.882,37.431,1.613
604.1406679153442,0.308,0.489,2.082,33.213,1.994,34.948,1.882,37.431,1.613
604.7472059726715,0.303,0.489,2.082,33.213,1.994,34.948,1.882,37.431,1.613
605.35382604599,0.303,0.499,2.082,33.213,1.994,34.948,1.882,37.431,1.613
605.9605860710144,0.298,0.499,2.082,33.213,1.994,34.948,1.882,37.431,1.613
606.5670759677887,0.303,0.494,2.082,33.213,1.994,34.948,1.887,37.329,1.613
607.1740620136261,0.303,0.494,2.082,33.213,1.994,34.948,1.882,37.431,1.613
607.7806851863861,0.298,0.499,2.082,33.213,1.994,34.948,1.882,37.431,1.623
608.3874039649963,0.298,0.494,2.082,33.213,1.994,34.948,1.882,37.431,1.618
608.9940738677979,0.303,0.489,2.087,33.117,1.994,34.948,1.882,37.431,1.613
609.6007399559021,0.298,0.499,2.082,33.213,1.994,34.948,1.882,37.431,1.623
610.2074160575867,0.298,0.499,2.082,33.213,1.994,34.948,1.882,37.431,1.613
610.8140931129456,0.298,0.494,2.087,33.117,1.994,34.948,1.882,37.431,1.613
611.4209427833557,0.303,0.489,2.087,33.117,1.994,34.948,1.882,37.431,1.608
612.027498960495,0.303,0.484,2.087,33.117,1.994,34.948,1.882,37.431,1.613
612.634222984314,0.303,0.494,2.082,33.213,1.994,34.948,1.882,37.431,1.608
613.2410340309143,0.303,0.489,2.087,33.117,1.994,34.948,1.882,37.431,1.613
613.8476269245148,0.303,0.494,2.087,33.117,1.994,34.948,1.882,37.431,1.608
614.4542751312256,0.303,0.494,2.087,33.117,1.989,35.046,1.882,37.431,1.623
615.0609600543976,0.303,0.499,2.082,33.213,1.994,34.948,1.882,37.431,1.618
615.6676590442657,0.303,0.494,2.082,33.213,1.994,34.948,1.882,37.431,1.623
616.274425983429,0.303,0.494,2.082,33.213,1.994,34.948,1.882,37.431,1.618
616.880989074707,0.303,0.494,2.082,33.213,1.989,35.046,1.882,37.431,1.618
617.4877278804779,0.303,0.489,2.082,33.213,1.989,35.046,1.882,37.431,1.623
618.0943880081177,0.303,0.494,2.082,33.213,1.989,35.046,1.882,37.431,1.613
618.7011761665344,0.303,0.494,2.082,33.213,1.994,34.948,1.882,37.431,1.623
619.3077628612518,0.303,0.494,2.077,33.309,1.989,35.046,1.882,37.431,1.608
619.9145810604095,0.303,0.489,2.077,33.309,1.994,34.948,1.882,37.431,1.613
620.5210161209106,0.303,0.489,2.077,33.309,1.989,35.046,1.882,37.431,1.613
621.1278619766235,0.303,0.494,2.077,33.309,1.989,35.046,1.882,37.431,1.613
621.734622001648,0.303,0.494,2.077,33.309,1.989,35.046,1.882,37.431,1.613
622.3412179946899,0.303,0.489,2.077,33.309,1.989,35.046,1.882,37.431,1.618
622.947911977768,0.303,0.489,2.077,33.309,1.989,35.046,1.882,37.431,1.623
623.5546650886536,0.303,0.494,2.072,33.406,1.989,35.046,1.882,37.431,1.623
624.1614301204681,0.298,0.499,2.077,33.309,1.989,35.046,1.882,37.431,1.613
624.7679419517517,0.308,0.474,2.077,33.309,1.989,35.046,1.882,37.431,1.613
625.3747398853302,0.303,0.499,2.072,33.406,1.989,35.046,1.882,37.431,1.613
625.9814741611481,0.303,0.479,2.072,33.406,1.989,35.046,1.882,37.431,1.618
626.5880908966064,0.303,0.499,2.072,33.406,1.989,35.046,1.882,37.431,1.618
627.1948049068451,0.303,0.494,2.072,33.406,1.989,35.046,1.882,37.431,1.618
627.8014249801636,0.303,0.494,2.072,33.406,1.989,35.046,1.882,37.431,1.618
628.4080889225006,0.298,0.499,2.072,33.406,1.989,35.046,1.882,37.431,1.623
629.0150179862976,0.303,0.494,2.072,33.406,1.989,35.046,1.882,37.431,1.618
629.6214878559113,0.303,0.494,2.067,33.502,1.989,35.046,1.882,37.431,1.613
630.2282388210297,0.303,0.489,2.072,33.406,1.989,35.046,1.882,37.431,1.608
630.8350410461426,0.303,0.484,2.072,33.406,1.989,35.046,1.882,37.431,1.623
631.4416379928589,0.303,0.494,2.072,33.406,1.989,35.046,1.882,37.431,1.628
632.0482430458069,0.303,0.494,2.072,33.406,1.989,35.046,1.882,37.431,1.623
632.6550049781799,0.303,0.494,2.072,33.406,1.989,35.046,1.882,37.431,1.613
633.2617070674896,0.303,0.489,2.072,33.406,1.989,35.046,1.882,37.431,1.618
633.8684279918671,0.303,0.499,2.077,33.309,1.989,35.046,1.882,37.431,1.613
634.4749751091003,0.298,0.503,2.072,33.406,1.989,35.046,1.877,37.533,1.603
635.0817310810089,0.303,0.494,2.077,33.309,1.989,35.046,1.877,37.533,1.608
635.6883800029755,0.303,0.489,2.077,33.309,1.989,35.046,1.877,37.533,1.618
636.2951440811157,0.303,0.494,2.077,33.309,1.989,35.046,1.877,37.533,1.618
636.9018919467926,0.303,0.499,2.077,33.309,1.994,34.948,1.877,37.533,1.618
637.5084648132324,0.298,0.499,2.077,33.309,1.989,35.046,1.877,37.533,1.613
638.1152241230011,0.303,0.499,2.082,33.213,1.994,34.948,1.877,37.533,1.613
638.7220029830933,0.298,0.494,2.082,33.213,1.994,34.948,1.877,37.533,1.618
639.3286039829254,0.298,0.499,2.077,33.309,1.994,34.948,1.877,37.533,1.623
639.9352810382843,0.303,0.494,2.082,33.213,1.994,34.948,1.877,37.533,1.618
640.5420050621033,0.303,0.489,2.082,33.213,1.994,34.948,1.877,37.533,1.613
641.1486420631409,0.303,0.484,2.082,33.213,1.994,34.948,1.877,37.533,1.623
641.7553899288177,0.303,0.499,2.082,33.213,1.994,34.948,1.877,37.533,1.613
642.3621251583099,0.298,0.494,2.082,33.213,1.994,34.948,1.877,37.533,1.613
642.968710899353,0.303,0.489,2.082,33.213,1.994,34.948,1.877,37.533,1.613
643.5754799842834,0.293,0.499,2.082,33.213,1.994,34.948,1.877,37.533,1.613
644.1821520328522,0.303,0.489,2.082,33.213,1.994,34.948,1.877,37.533,1.623
644.7887949943542,0.303,0.494,2.082,33.213,1.994,34.948,1.872,37.635,1.618
645.3953428268433,0.298,0.499,2.082,33.213,1.994,34.948,1.872,37.635,1.618
646.0022659301758,0.303,0.494,2.087,33.117,1.994,34.948,1.872,37.635,1.618
646.6089720726013,0.303,0.489,2.082,33.213,1.994,34.948,1.872,37.635,1.618
647.2161118984222,0.303,0.489,2.082,33.213,1.994,34.948,1.872,37.635,1.613
647.8222379684448,0.298,0.499,2.087,33.117,1.994,34.948,1.872,37.635,1.613
648.4289438724518,0.298,0.499,2.082,33.213,1.994,34.948,1.872,37.635,1.623
649.0357031822205,0.303,0.494,2.082,33.213,1.994,34.948,1.872,37.635,1.613
649.6422889232635,0.303,0.494,2.082,33.213,1.994,34.948,1.877,37.533,1.613
650.2490360736847,0.293,0.503,2.082,33.213,1.994,34.948,1.872,37.635,1.623
650.8559770584106,0.303,0.494,2.082,33.213,1.989,35.046,1.872,37.635,1.618
651.4624149799347,0.303,0.494,2.082,33.213,1.989,35.046,1.877,37.533,1.623
652.0693278312683,0.298,0.499,2.082,33.213,1.994,34.948,1.877,37.533,1.618
652.6757500171661,0.303,0.484,2.082,33.213,1.989,35.046,1.872,37.635,1.628
653.2832200527191,0.303,0.499,2.082,33.213,1.994,34.948,1.877,37.533,1.618
653.8892049789429,0.303,0.494,2.082,33.213,1.994,34.948,1.877,37.533,1.613
654.495875120163,0.298,0.499,2.077,33.309,1.989,35.046,1.872,37.635,1.613
655.1027021408081,0.303,0.479,2.082,33.213,1.989,35.046,1.877,37.533,1.613
655.7091290950775,0.303,0.494,2.082,33.213,1.989,35.046,1.872,37.635,1.623
656.3160147666931,0.303,0.494,2.082,33.213,1.989,35.046,1.872,37.635,1.613
656.9225749969482,0.303,0.489,2.082,33.213,1.989,35.046,1.877,37.533,1.613
657.529296875,0.298,0.499,2.082,33.213,1.989,35.046,1.872,37.635,1.628
658.1359198093414,0.303,0.489,2.082,33.213,1.989,35.046,1.877,37.533,1.623
658.7426271438599,0.303,0.494,2.082,33.213,1.989,35.046,1.877,37.533,1.613
659.3494160175323,0.298,0.499,2.077,33.309,1.989,35.046,1.877,37.533,1.608
659.9559710025787,0.303,0.494,2.082,33.213,1.989,35.046,1.877,37.533,1.613
660.5629780292511,0.298,0.494,2.082,33.213,1.989,35.046,1.877,37.533,1.608
661.1695010662079,0.298,0.494,2.082,33.213,1.994,34.948,1.877,37.533,1.618
661.7761080265045,0.303,0.494,2.082,33.213,1.989,35.046,1.877,37.533,1.623
662.3828339576721,0.303,0.489,2.082,33.213,1.989,35.046,1.877,37.533,1.608
662.9895927906036,0.298,0.499,2.082,33.213,1.994,34.948,1.877,37.533,1.613
663.5963430404663,0.303,0.494,2.082,33.213,1.994,34.948,1.877,37.533,1.608
664.2029960155487,0.303,0.489,2.082,33.213,1.994,34.948,1.877,37.533,1.618
664.8095149993896,0.303,0.479,2.082,33.213,1.989,35.046,1.877,37.533,1.618
665.4163060188293,0.303,0.489,2.082,33.213,1.989,35.046,1.872,37.635,1.618
666.0231029987335,0.303,0.479,2.082,33.213,1.989,35.046,1.877,37.533,1.618
666.6298160552979,0.303,0.489,2.082,33.213,1.994,34.948,1.877,37.533,1.623
667.2363929748535,0.303,0.484,2.082,33.213,1.989,35.046,1.877,37.533,1.613
667.8431119918823,0.303,0.494,2.082,33.213,1.989,35.046,1.877,37.533,1.608
668.4497511386871,0.303,0.494,2.082,33.213,1.994,34.948,1.877,37.533,1.618
669.0565400123596,0.303,0.489,2.082,33.213,1.994,34.948,1.877,37.533,1.618
669.6630589962006,0.303,0.494,2.082,33.213,1.994,34.948,1.872,37.635,1.613
670.2697229385376,0.303,0.494,2.082,33.213,1.994,34.948,1.877,37.533,1.628
670.8764159679413,0.303,0.494,2.082,33.213,1.994,34.948,1.872,37.635,1.613
671.4832367897034,0.303,0.494,2.082,33.213,1.994,34.948,1.872,37.635,1.613
672.0899238586426,0.303,0.494,2.082,33.213,1.994,34.948,1.872,37.635,1.613
672.6966180801392,0.303,0.494,2.082,33.213,1.994,34.948,1.872,37.635,1.608
673.3033428192139,0.298,0.494,2.082,33.213,1.994,34.948,1.872,37.635,1.623
673.9100308418274,0.298,0.503,2.077,33.309,1.994,34.948,1.872,37.635,1.618
674.5167319774628,0.298,0.494,2.082,33.213,1.994,34.948,1.872,37.635,1.608
675.1233839988708,0.303,0.489,2.082,33.213,1.994,34.948,1.872,37.635,1.618
675.7301478385925,0.303,0.484,2.082,33.213,1.989,35.046,1.872,37.635,1.618
676.3368020057678,0.303,0.494,2.082,33.213,1.989,35.046,1.872,37.635,1.628
676.9435160160065,0.303,0.494,2.077,33.309,1.989,35.046,1.872,37.635,1.618
677.5504839420319,0.303,0.489,2.077,33.309,1.989,35.046,1.872,37.635,1.618
678.1568639278412,0.303,0.494,2.082,33.213,1.989,35.046,1.872,37.635,1.618
678.7637460231781,0.293,0.503,2.077,33.309,1.989,35.046,1.867,37.737,1.608
679.3703198432922,0.303,0.484,2.077,33.309,1.989,35.046,1.872,37.635,1.613
679.9771761894226,0.308,0.479,2.077,33.309,1.989,35.046,1.872,37.635,1.618
680.5836968421936,0.303,0.494,2.077,33.309,1.989,35.046,1.872,37.635,1.623
681.1903719902039,0.303,0.489,2.077,33.309,1.989,35.046,1.872,37.635,1.603
681.797040939331,0.303,0.489,2.077,33.309,1.989,35.046,1.872,37.635,1.618
682.4036569595337,0.303,0.489,2.077,33.309,1.989,35.046,1.872,37.635,1.618
683.0104110240936,0.303,0.494,2.077,33.309,1.989,35.046,1.872,37.635,1.613
683.617182970047,0.293,0.499,2.077,33.309,1.989,35.046,1.872,37.635,1.618
684.2237918376923,0.298,0.494,2.072,33.406,1.984,35.145,1.872,37.635,1.618
684.8304100036621,0.298,0.499,2.077,33.309,1.984,35.145,1.872,37.635,1.623
685.4371039867401,0.303,0.499,2.072,33.406,1.989,35.046,1.877,37.533,1.618
686.0436911582947,0.303,0.494,2.072,33.406,1.984,35.145,1.872,37.635,1.613
686.6503710746765,0.298,0.503,2.072,33.406,1.989,35.046,1.872,37.635,1.603
687.257138967514,0.298,0.499,2.072,33.406,1.984,35.145,1.877,37.533,1.608
687.8637671470642,0.303,0.489,2.072,33.406,1.984,35.145,1.872,37.635,1.613
688.4704451560974,0.303,0.489,2.072,33.406,1.984,35.145,1.877,37.533,1.608
689.0771420001984,0.298,0.494,2.072,33.406,1.989,35.046,1.872,37.635,1.618
689.683760881424,0.298,0.499,2.072,33.406,1.984,35.145,1.872,37.635,1.618
690.2905359268188,0.303,0.489,2.072,33.406,1.984,35.145,1.877,37.533,1.608
690.8972160816193,0.303,0.489,2.072,33.406,1.984,35.145,1.877,37.533,1.613
691.5040230751038,0.298,0.499,2.072,33.406,1.984,35.145,1.872,37.635,1.613
692.1108391284943,0.303,0.494,2.067,33.502,1.984,35.145,1.872,37.635,1.608
692.7175440788269,0.303,0.494,2.067,33.502,1.984,35.145,1.872,37.635,1.613
693.3241889476776,0.298,0.494,2.067,33.502,1.984,35.145,1.872,37.635,1.613
693.9309599399567,0.298,0.494,2.067,33.502,1.984,35.145,1.872,37.635,1.623
694.5374939441681,0.303,0.494,2.067,33.502,1.984,35.145,1.872,37.635,1.613
695.1441118717194,0.303,0.494,2.067,33.502,1.984,35.145,1.877,37.533,1.598
695.7509100437164,0.293,0.499,2.067,33.502,1.984,35.145,1.877,37.533,1.613
696.3576140403748,0.303,0.479,2.067,33.502,1.984,35.145,1.877,37.533,1.623
696.9642660617828,0.298,0.499,2.063,33.599,1.984,35.145,1.877,37.533,1.618
697.570916891098,0.303,0.489,2.067,33.502,1.984,35.145,1.877,37.533,1.608
698.1776888370514,0.303,0.479,2.067,33.502,1.984,35.145,1.877,37.533,1.613
698.7843029499054,0.303,0.494,2.067,33.502,1.984,35.145,1.877,37.533,1.603
699.3910751342773,0.303,0.489,2.067,33.502,1.984,35.145,1.877,37.533,1.613
699.99778008461,0.303,0.489,2.067,33.502,1.984,35.145,1.877,37.533,1.618
700.6045088768005,0.298,0.499,2.067,33.502,1.984,35.145,1.877,37.533,1.608
701.2111718654633,0.303,0.489,2.067,33.502,1.984,35.145,1.877,37.533,1.618
701.8177568912506,0.298,0.494,2.067,33.502,1.984,35.145,1.872,37.635,1.608
702.4245460033417,0.298,0.499,2.067,33.502,1.984,35.145,1.872,37.635,1.613
703.0312049388885,0.303,0.494,2.067,33.502,1.984,35.145,1.872,37.635,1.613
703.6379127502441,0.303,0.484,2.072,33.406,1.984,35.145,1.872,37.635,1.613
704.2446269989014,0.298,0.494,2.067,33.502,1.984,35.145,1.877,37.533,1.603
704.8514230251312,0.303,0.489,2.067,33.502,1.984,35.145,1.872,37.635,1.613
705.458014011383,0.298,0.499,2.067,33.502,1.984,35.145,1.872,37.635,1.613
706.0645451545715,0.303,0.494,2.072,33.406,1.984,35.145,1.872,37.635,1.613
706.6713600158691,0.303,0.494,2.072,33.406,1.984,35.145,1.872,37.635,1.618
707.278028011322,0.303,0.489,2.072,33.406,1.984,35.145,1.872,37.635,1.618
707.8846411705017,0.303,0.484,2.072,33.406,1.984,35.145,1.872,37.635,1.603
708.4914739131927,0.303,0.494,2.072,33.406,1.984,35.145,1.872,37.635,1.613
709.0979950428009,0.298,0.494,2.072,33.406,1.984,35.145,1.872,37.635,1.623
709.7045929431915,0.303,0.484,2.072,33.406,1.984,35.145,1.872,37.635,1.613
710.3114559650421,0.303,0.494,2.072,33.406,1.984,35.145,1.872,37.635,1.603
710.9182641506195,0.298,0.494,2.072,33.406,1.984,35.145,1.872,37.635,1.608
711.5249691009521,0.303,0.494,2.072,33.406,1.984,35.145,1.872,37.635,1.613
712.1315109729767,0.303,0.494,2.072,33.406,1.984,35.145,1.872,37.635,1.618
712.7383120059967,0.298,0.494,2.072,33.406,1.984,35.145,1.872,37.635,1.608
713.3449537754059,0.298,0.494,2.072,33.406,1.984,35.145,1.872,37.635,1.608
713.9515478610992,0.298,0.494,2.072,33.406,1.984,35.145,1.872,37.635,1.618
714.5583980083466,0.298,0.499,2.072,33.406,1.984,35.145,1.872,37.635,1.618
715.1649680137634,0.303,0.489,2.072,33.406,1.984,35.145,1.872,37.635,1.613
715.7715940475464,0.303,0.499,2.072,33.406,1.984,35.145,1.872,37.635,1.613
716.3783371448517,0.303,0.479,2.072,33.406,1.984,35.145,1.867,37.737,1.608
716.985102891922,0.298,0.494,2.067,33.502,1.984,35.145,1.872,37.635,1.608
717.5918128490448,0.303,0.479,2.067,33.502,1.984,35.145,1.872,37.635,1.618
718.1985459327698,0.303,0.489,2.067,33.502,1.984,35.145,1.867,37.737,1.613
718.8052790164948,0.303,0.479,2.067,33.502,1.984,35.145,1.872,37.635,1.613
719.41188621521,0.293,0.503,2.067,33.502,1.984,35.145,1.872,37.635,1.613
720.0185790061951,0.298,0.494,2.067,33.502,1.984,35.145,1.872,37.635,1.618
720.6251180171967,0.303,0.494,2.067,33.502,1.984,35.145,1.872,37.635,1.613
721.2319049835205,0.303,0.494,2.067,33.502,1.984,35.145,1.872,37.635,1.608
721.8386490345001,0.298,0.499,2.063,33.599,1.984,35.145,1.872,37.635,1.613
722.4453520774841,0.298,0.489,2.067,33.502,1.984,35.145,1.872,37.635,1.623
723.0521202087402,0.303,0.489,2.067,33.502,1.984,35.145,1.872,37.635,1.613
723.6586730480194,0.303,0.494,2.067,33.502,1.984,35.145,1.872,37.635,1.608
724.2654421329498,0.303,0.484,2.067,33.502,1.984,35.145,1.872,37.635,1.618
724.8719899654388,0.303,0.489,2.067,33.502,1.984,35.145,1.872,37.635,1.623
725.4788150787354,0.303,0.494,2.067,33.502,1.984,35.145,1.872,37.635,1.618
726.0855197906494,0.303,0.499,2.063,33.599,1.984,35.145,1.872,37.635,1.608
726.6921780109406,0.303,0.494,2.063,33.599,1.984,35.145,1.872,37.635,1.613
727.2987399101257,0.303,0.484,2.063,33.599,1.984,35.145,1.872,37.635,1.613
727.9056329727173,0.298,0.494,2.063,33.599,1.984,35.145,1.872,37.635,1.623
728.5122919082642,0.303,0.494,2.063,33.599,1.984,35.145,1.872,37.635,1.608
729.118978023529,0.303,0.489,2.067,33.502,1.984,35.145,1.877,37.533,1.623
729.7256021499634,0.303,0.494,2.063,33.599,1.984,35.145,1.872,37.635,1.608
730.3323640823364,0.303,0.489,2.063,33.599,1.984,35.145,1.872,37.635,1.618
730.938982963562,0.298,0.499,2.063,33.599,1.984,35.145,1.872,37.635,1.618
731.5457270145416,0.298,0.494,2.063,33.599,1.984,35.145,1.872,37.635,1.608
732.1523830890656,0.303,0.494,2.063,33.599,1.984,35.145,1.872,37.635,1.613
732.7591209411621,0.308,0.489,2.063,33.599,1.984,35.145,1.872,37.635,1.608
733.3658080101013,0.303,0.494,2.063,33.599,1.984,35.145,1.872,37.635,1.608
733.9725110530853,0.293,0.499,2.063,33.599,1.984,35.145,1.872,37.635,1.603
734.5792100429535,0.303,0.489,2.063,33.599,1.984,35.145,1.877,37.533,1.603
735.1858010292053,0.303,0.489,2.063,33.599,1.984,35.145,1.872,37.635,1.608
735.7925930023193,0.303,0.494,2.063,33.599,1.984,35.145,1.872,37.635,1.608
736.3993411064148,0.303,0.489,2.067,33.502,1.984,35.145,1.872,37.635,1.608
737.0059719085693,0.303,0.489,2.067,33.502,1.984,35.145,1.872,37.635,1.603
737.6126179695129,0.298,0.494,2.067,33.502,1.984,35.145,1.872,37.635,1.613
738.2193422317505,0.293,0.503,2.067,33.502,1.984,35.145,1.872,37.635,1.618
738.8259160518646,0.293,0.508,2.072,33.406,1.984,35.145,1.872,37.635,1.608
739.4326751232147,0.303,0.484,2.072,33.406,1.984,35.145,1.872,37.635,1.613
740.0394129753113,0.298,0.499,2.072,33.406,1.984,35.145,1.872,37.635,1.623
740.645975112915,0.303,0.494,2.072,33.406,1.984,35.145,1.872,37.635,1.608
741.2526819705963,0.298,0.494,2.072,33.406,1.989,35.046,1.872,37.635,1.618
741.8593950271606,0.293,0.503,2.072,33.406,1.989,35.046,1.867,37.737,1.613
742.4660181999207,0.303,0.484,2.072,33.406,1.984,35.145,1.872,37.635,1.618
743.072832107544,0.298,0.499,2.072,33.406,1.989,35.046,1.867,37.737,1.613
743.6794800758362,0.288,0.503,2.077,33.309,1.984,35.145,1.867,37.737,1.618
767.947005033493,0.303,0.494,2.077,33.309,1.989,35.046,1.872,37.635,1.618
768.5538430213928,0.303,0.499,2.077,33.309,1.989,35.046,1.877,37.533,1.618
769.1606330871582,0.298,0.499,2.082,33.213,1.994,34.948,1.877,37.533,1.618
769.7672629356384,0.303,0.479,2.082,33.213,1.994,34.948,1.877,37.533,1.623
770.3737411499023,0.303,0.494,2.082,33.213,1.994,34.948,1.877,37.533,1.618
770.9805488586426,0.303,0.499,2.082,33.213,1.994,34.948,1.877,37.533,1.613
771.5873501300812,0.293,0.503,2.082,33.213,1.994,34.948,1.877,37.533,1.613
772.1939368247986,0.303,0.494,2.082,33.213,1.999,34.849,1.877,37.533,1.613
772.8007481098175,0.303,0.494,2.082,33.213,1.999,34.849,1.877,37.533,1.618
773.4072568416595,0.303,0.484,2.082,33.213,1.999,34.849,1.877,37.533,1.608
774.0139899253845,0.298,0.489,2.082,33.213,1.999,34.849,1.877,37.533,1.618
774.6208288669586,0.293,0.508,2.082,33.213,1.999,34.849,1.877,37.533,1.603
775.2274940013885,0.303,0.494,2.082,33.213,1.999,34.849,1.877,37.533,1.618
775.8341860771179,0.303,0.479,2.082,33.213,1.999,34.849,1.877,37.533,1.613
776.4408519268036,0.293,0.503,2.082,33.213,1.999,34.849,1.877,37.533,1.608
777.0475480556488,0.303,0.489,2.082,33.213,1.999,34.849,1.877,37.533,1.618
777.6543290615082,0.303,0.489,2.082,33.213,1.999,34.849,1.877,37.533,1.608
778.2609369754791,0.303,0.489,2.082,33.213,1.999,34.849,1.872,37.635,1.608
778.8676779270172,0.303,0.489,2.087,33.117,1.999,34.849,1.872,37.635,1.613
779.474219083786,0.303,0.494,2.082,33.213,1.999,34.849,1.877,37.533,1.618
780.0809979438782,0.303,0.494,2.087,33.117,1.999,34.849,1.877,37.533,1.613
780.6876480579376,0.303,0.494,2.087,33.117,1.999,34.849,1.877,37.533,1.603
781.2944121360779,0.293,0.503,2.087,33.117,1.999,34.849,1.877,37.533,1.603
781.9010651111603,0.298,0.499,2.087,33.117,2.004,34.751,1.877,37.533,1.603
782.507611989975,0.303,0.494,2.082,33.213,1.999,34.849,1.877,37.533,1.608
783.1144540309906,0.303,0.494,2.087,33.117,1.999,34.849,1.872,37.635,1.613
783.7212209701538,0.298,0.484,2.087,33.117,1.999,34.849,1.877,37.533,1.618
784.3276810646057,0.303,0.494,2.087,33.117,2.004,34.751,1.877,37.533,1.613
784.9344520568848,0.303,0.494,2.087,33.117,1.999,34.849,1.872,37.635,1.613
785.541277885437,0.303,0.489,2.087,33.117,1.999,34.849,1.872,37.635,1.608
786.1479749679565,0.303,0.494,2.087,33.117,1.999,34.849,1.877,37.533,1.608
786.7546880245209,0.298,0.499,2.092,33.021,2.004,34.751,1.872,37.635,1.608
787.3614180088043,0.303,0.479,2.087,33.117,1.999,34.849,1.877,37.533,1.613
787.9680509567261,0.293,0.499,2.087,33.117,1.999,34.849,1.877,37.533,1.618
788.5746550559998,0.303,0.489,2.087,33.117,1.999,34.849,1.877,37.533,1.613
789.1812701225281,0.303,0.484,2.087,33.117,1.999,34.849,1.872,37.635,1.608
789.7880890369415,0.293,0.503,2.087,33.117,1.999,34.849,1.877,37.533,1.608
790.3949949741364,0.303,0.489,2.087,33.117,1.999,34.849,1.877,37.533,1.613
791.0023128986359,0.298,0.494,2.087,33.117,1.999,34.849,1.877,37.533,1.608
791.608246088028,0.298,0.499,2.087,33.117,1.999,34.849,1.872,37.635,1.613
792.2147557735443,0.303,0.494,2.087,33.117,1.999,34.849,1.872,37.635,1.618
792.8215129375458,0.298,0.494,2.087,33.117,1.999,34.849,1.872,37.635,1.613
793.4282100200653,0.303,0.489,2.087,33.117,1.999,34.849,1.872,37.635,1.613
794.0350117683411,0.303,0.484,2.087,33.117,1.999,34.849,1.872,37.635,1.613
794.6418061256409,0.298,0.499,2.087,33.117,1.999,34.849,1.872,37.635,1.618
795.2482879161835,0.298,0.499,2.087,33.117,1.999,34.849,1.872,37.635,1.613
795.8549420833588,0.303,0.494,2.087,33.117,1.999,34.849,1.877,37.533,1.608
796.4617590904236,0.298,0.494,2.087,33.117,1.999,34.849,1.872,37.635,1.608
797.0684080123901,0.298,0.494,2.087,33.117,1.999,34.849,1.872,37.635,1.608
797.6750600337982,0.303,0.494,2.087,33.117,1.999,34.849,1.872,37.635,1.608
798.2819330692291,0.303,0.494,2.087,33.117,1.994,34.948,1.872,37.635,1.603
798.8883409500122,0.298,0.494,2.087,33.117,1.999,34.849,1.872,37.635,1.608
799.4951779842377,0.298,0.494,2.082,33.213,1.999,34.849,1.872,37.635,1.613
800.1017990112305,0.303,0.494,2.082,33.213,1.999,34.849,1.872,37.635,1.618
800.7087070941925,0.303,0.489,2.082,33.213,1.999,34.849,1.872,37.635,1.603
801.3152179718018,0.298,0.499,2.082,33.213,1.999,34.849,1.872,37.635,1.618
801.9219131469727,0.303,0.479,2.082,33.213,1.999,34.849,1.872,37.635,1.613
802.5286540985107,0.303,0.489,2.077,33.309,1.999,34.849,1.872,37.635,1.618
803.135363817215,0.303,0.484,2.082,33.213,1.999,34.849,1.872,37.635,1.618
803.7420179843903,0.303,0.489,2.077,33.309,1.999,34.849,1.877,37.533,1.613
804.3487298488617,0.298,0.499,2.082,33.213,1.999,34.849,1.877,37.533,1.608
804.9553940296173,0.303,0.489,2.077,33.309,1.999,34.849,1.877,37.533,1.608
805.5621290206909,0.298,0.484,2.082,33.213,1.994,34.948,1.877,37.533,1.623
806.1687779426575,0.303,0.494,2.077,33.309,1.994,34.948,1.877,37.533,1.613
806.775374174118,0.303,0.489,2.082,33.213,1.994,34.948,1.877,37.533,1.618
807.3822951316833,0.293,0.503,2.082,33.213,1.994,34.948,1.877,37.533,1.618
807.9889030456543,0.303,0.494,2.082,33.213,1.994,34.948,1.877,37.533,1.618
808.5955410003662,0.303,0.484,2.082,33.213,1.994,34.948,1.877,37.533,1.613
809.202260017395,0.298,0.494,2.082,33.213,1.994,34.948,1.877,37.533,1.608
809.8090178966522,0.293,0.503,2.077,33.309,1.994,34.948,1.872,37.635,1.618
810.4156601428986,0.303,0.494,2.077,33.309,1.994,34.948,1.872,37.635,1.603
811.0221529006958,0.303,0.484,2.077,33.309,1.989,35.046,1.877,37.533,1.618
811.6290061473846,0.303,0.494,2.077,33.309,1.994,34.948,1.877,37.533,1.598
812.235631942749,0.303,0.484,2.077,33.309,1.994,34.948,1.877,37.533,1.608
812.8423371315002,0.303,0.494,2.072,33.406,1.989,35.046,1.877,37.533,1.618
813.4488561153412,0.298,0.494,2.072,33.406,1.989,35.046,1.877,37.533,1.618
814.055801153183,0.303,0.484,2.072,33.406,1.989,35.046,1.877,37.533,1.613
814.6625270843506,0.303,0.494,2.072,33.406,1.989,35.046,1.877,37.533,1.618
815.2691578865051,0.303,0.494,2.072,33.406,1.989,35.046,1.877,37.533,1.618
815.8763961791992,0.303,0.494,2.072,33.406,1.989,35.046,1.877,37.533,1.608
816.48308801651,0.298,0.494,2.072,33.406,1.989,35.046,1.877,37.533,1.603
817.0893790721893,0.303,0.479,2.077,33.309,1.989,35.046,1.877,37.533,1.618
817.6959099769592,0.303,0.494,2.077,33.309,1.989,35.046,1.877,37.533,1.618
818.3026912212372,0.298,0.494,2.077,33.309,1.994,34.948,1.877,37.533,1.632
818.9094610214233,0.303,0.489,2.077,33.309,1.994,34.948,1.872,37.635,1.613
819.5160131454468,0.303,0.494,2.077,33.309,1.994,34.948,1.877,37.533,1.608
820.1226320266724,0.303,0.484,2.077,33.309,1.994,34.948,1.872,37.635,1.618
820.7293901443481,0.303,0.494,2.072,33.406,1.994,34.948,1.872,37.635,1.613
821.3360209465027,0.303,0.489,2.072,33.406,1.989,35.046,1.872,37.635,1.618
821.9427599906921,0.298,0.499,2.072,33.406,1.989,35.046,1.872,37.635,1.618
822.5494809150696,0.303,0.494,2.077,33.309,1.994,34.948,1.872,37.635,1.608
823.1562759876251,0.303,0.494,2.072,33.406,1.989,35.046,1.877,37.533,1.618
823.7629771232605,0.293,0.499,2.072,33.406,1.989,35.046,1.877,37.533,1.623
824.369745016098,0.298,0.499,2.072,33.406,1.994,34.948,1.877,37.533,1.613
824.9761328697205,0.298,0.494,2.072,33.406,1.994,34.948,1.877,37.533,1.613
825.5830769538879,0.303,0.494,2.077,33.309,1.994,34.948,1.877,37.533,1.618
826.1895771026611,0.303,0.494,2.077,33.309,1.994,34.948,1.877,37.533,1.618
826.7975299358368,0.303,0.489,2.077,33.309,1.994,34.948,1.877,37.533,1.613
827.403079032898,0.303,0.489,2.077,33.309,1.994,34.948,1.877,37.533,1.618
828.0097830295563,0.303,0.494,2.077,33.309,1.999,34.849,1.877,37.533,1.618
828.6161820888519,0.303,0.494,2.082,33.213,1.999,34.849,1.877,37.533,1.618
829.2230679988861,0.308,0.489,2.082,33.213,1.999,34.849,1.877,37.533,1.618
829.829843044281,0.303,0.499,2.082,33.213,1.999,34.849,1.877,37.533,1.608
830.4366829395294,0.303,0.489,2.082,33.213,1.999,34.849,1.872,37.635,1.628
831.0432379245758,0.303,0.484,2.082,33.213,1.999,34.849,1.877,37.533,1.613
831.6499600410461,0.303,0.494,2.082,33.213,1.999,34.849,1.872,37.635,1.613
832.2566299438477,0.303,0.489,2.087,33.117,1.999,34.849,1.877,37.533,1.613
832.8632659912109,0.303,0.489,2.082,33.213,1.999,34.849,1.872,37.635,1.608
833.4698140621185,0.298,0.489,2.082,33.213,1.999,34.849,1.872,37.635,1.613
834.0765461921692,0.303,0.489,2.082,33.213,1.999,34.849,1.877,37.533,1.613
834.6832048892975,0.298,0.503,2.087,33.117,1.999,34.849,1.877,37.533,1.608
835.2900259494781,0.303,0.494,2.082,33.213,1.999,34.849,1.872,37.635,1.613
835.8965928554535,0.303,0.479,2.082,33.213,1.994,34.948,1.877,37.533,1.613
836.5032708644867,0.293,0.503,2.082,33.213,1.999,34.849,1.877,37.533,1.618
837.1100180149078,0.303,0.489,2.082,33.213,1.999,34.849,1.877,37.533,1.623
837.716698884964,0.303,0.494,2.082,33.213,1.994,34.948,1.877,37.533,1.618
838.323380947113,0.303,0.489,2.082,33.213,1.994,34.948,1.872,37.635,1.618
838.9302091598511,0.303,0.494,2.082,33.213,1.994,34.948,1.872,37.635,1.623
839.5369510650635,0.303,0.489,2.082,33.213,1.994,34.948,1.877,37.533,1.618
840.1435761451721,0.303,0.494,2.082,33.213,1.994,34.948,1.872,37.635,1.613
840.7502510547638,0.303,0.484,2.082,33.213,1.994,34.948,1.872,37.635,1.613
841.3568069934845,0.293,0.503,2.082,33.213,1.994,34.948,1.872,37.635,1.603
841.9636240005493,0.303,0.489,2.082,33.213,1.994,34.948,1.872,37.635,1.613
842.5702469348907,0.298,0.499,2.082,33.213,1.994,34.948,1.872,37.635,1.608
843.1769700050354,0.303,0.484,2.082,33.213,1.994,34.948,1.872,37.635,1.613
843.7835068702698,0.303,0.494,2.082,33.213,1.994,34.948,1.872,37.635,1.608
844.3902468681335,0.298,0.499,2.082,33.213,1.994,34.948,1.872,37.635,1.613
844.9970879554749,0.303,0.494,2.082,33.213,1.994,34.948,1.872,37.635,1.618
845.6036591529846,0.303,0.489,2.082,33.213,1.994,34.948,1.877,37.533,1.613
846.2104289531708,0.303,0.484,2.082,33.213,1.994,34.948,1.877,37.533,1.618
846.8171970844269,0.303,0.494,2.077,33.309,1.989,35.046,1.872,37.635,1.613
847.4238851070404,0.303,0.494,2.082,33.213,1.989,35.046,1.872,37.635,1.613
848.0304319858551,0.298,0.494,2.077,33.309,1.989,35.046,1.872,37.635,1.623
848.6372528076172,0.303,0.494,2.077,33.309,1.989,35.046,1.872,37.635,1.608
849.2439150810242,0.303,0.489,2.077,33.309,1.989,35.046,1.872,37.635,1.613
849.8505930900574,0.303,0.494,2.077,33.309,1.989,35.046,1.872,37.635,1.603
850.4574229717255,0.303,0.489,2.077,33.309,1.989,35.046,1.872,37.635,1.618
851.0640940666199,0.303,0.484,2.077,33.309,1.989,35.046,1.872,37.635,1.608
851.6708018779755,0.293,0.503,2.077,33.309,1.989,35.046,1.872,37.635,1.608
852.2773690223694,0.303,0.489,2.077,33.309,1.989,35.046,1.872,37.635,1.608
852.884152173996,0.303,0.489,2.077,33.309,1.989,35.046,1.872,37.635,1.618
853.4906938076019,0.303,0.484,2.077,33.309,1.989,35.046,1.872,37.635,1.618
854.0974631309509,0.303,0.494,2.077,33.309,1.989,35.046,1.872,37.635,1.613
854.7041869163513,0.293,0.503,2.077,33.309,1.989,35.046,1.872,37.635,1.618
855.3107779026031,0.298,0.499,2.082,33.213,1.989,35.046,1.872,37.635,1.613
855.9175269603729,0.303,0.489,2.077,33.309,1.989,35.046,1.872,37.635,1.618
856.5242590904236,0.298,0.489,2.077,33.309,1.989,35.046,1.872,37.635,1.613
857.1309030056,0.298,0.499,2.077,33.309,1.989,35.046,1.872,37.635,1.613
857.7375779151917,0.303,0.489,2.077,33.309,1.989,35.046,1.872,37.635,1.613
858.3443379402161,0.303,0.489,2.077,33.309,1.989,35.046,1.872,37.635,1.613
858.9508910179138,0.303,0.489,2.077,33.309,1.989,35.046,1.872,37.635,1.618
859.5576620101929,0.303,0.479,2.077,33.309,1.989,35.046,1.872,37.635,1.608
860.1643619537354,0.298,0.499,2.077,33.309,1.989,35.046,1.872,37.635,1.618
860.7710158824921,0.303,0.494,2.077,33.309,1.989,35.046,1.872,37.635,1.608
861.3777260780334,0.303,0.479,2.077,33.309,1.989,35.046,1.872,37.635,1.608
861.9844479560852,0.298,0.494,2.077,33.309,1.989,35.046,1.872,37.635,1.613
862.5912358760834,0.298,0.494,2.082,33.213,1.994,34.948,1.872,37.635,1.618
863.1980049610138,0.303,0.489,2.082,33.213,1.994,34.948,1.872,37.635,1.613
863.8044600486755,0.303,0.479,2.082,33.213,1.994,34.948,1.872,37.635,1.608
864.4111270904541,0.293,0.499,2.082,33.213,1.994,34.948,1.872,37.635,1.613
865.0178518295288,0.303,0.489,2.077,33.309,1.994,34.948,1.872,37.635,1.623
865.6247491836548,0.303,0.489,2.082,33.213,1.994,34.948,1.872,37.635,1.623
866.2314229011536,0.303,0.489,2.082,33.213,1.994,34.948,1.872,37.635,1.608
866.8377559185028,0.303,0.494,2.077,33.309,1.994,34.948,1.872,37.635,1.608
867.4445970058441,0.303,0.489,2.077,33.309,1.994,34.948,1.872,37.635,1.618
868.0515341758728,0.303,0.484,2.082,33.213,1.994,34.948,1.872,37.635,1.613
868.6582961082458,0.303,0.494,2.082,33.213,1.994,34.948,1.872,37.635,1.608
869.2646758556366,0.293,0.508,2.077,33.309,1.994,34.948,1.872,37.635,1.603
869.871376991272,0.303,0.489,2.077,33.309,1.994,34.948,1.872,37.635,1.608
870.4780428409576,0.303,0.484,2.077,33.309,1.994,34.948,1.872,37.635,1.608
871.0846071243286,0.303,0.489,2.082,33.213,1.989,35.046,1.872,37.635,1.608
871.6915011405945,0.298,0.494,2.077,33.309,1.994,34.948,1.872,37.635,1.623
872.2981650829315,0.303,0.479,2.077,33.309,1.989,35.046,1.872,37.635,1.618
872.9048562049866,0.303,0.494,2.077,33.309,1.989,35.046,1.872,37.635,1.608
873.5114099979401,0.303,0.479,2.082,33.213,1.989,35.046,1.872,37.635,1.608
874.1181559562683,0.303,0.489,2.077,33.309,1.989,35.046,1.872,37.635,1.618
874.7249600887299,0.303,0.494,2.077,33.309,1.989,35.046,1.872,37.635,1.608
875.3316831588745,0.303,0.489,2.082,33.213,1.989,35.046,1.872,37.635,1.608
875.9383299350739,0.303,0.494,2.082,33.213,1.989,35.046,1.872,37.635,1.603
876.5450351238251,0.298,0.499,2.082,33.213,1.989,35.046,1.872,37.635,1.608
877.1518499851227,0.298,0.499,2.082,33.213,1.989,35.046,1.872,37.635,1.613
877.7584991455078,0.303,0.484,2.082,33.213,1.989,35.046,1.872,37.635,1.613
878.3651258945465,0.303,0.479,2.082,33.213,1.989,35.046,1.872,37.635,1.618
878.9717929363251,0.303,0.489,2.082,33.213,1.989,35.046,1.872,37.635,1.613
879.5783438682556,0.303,0.494,2.082,33.213,1.989,35.046,1.872,37.635,1.608
880.1850340366364,0.303,0.494,2.082,33.213,1.989,35.046,1.872,37.635,1.623
880.7918050289154,0.303,0.489,2.082,33.213,1.989,35.046,1.872,37.635,1.618
881.3985018730164,0.303,0.479,2.082,33.213,1.989,35.046,1.872,37.635,1.608
882.0051651000977,0.303,0.484,2.082,33.213,1.989,35.046,1.872,37.635,1.613
882.6119980812073,0.303,0.489,2.077,33.309,1.989,35.046,1.872,37.635,1.608
883.2184998989105,0.303,0.489,2.077,33.309,1.989,35.046,1.877,37.533,1.623
883.8254430294037,0.303,0.489,2.077,33.309,1.989,35.046,1.877,37.533,1.613
884.432051897049,0.303,0.494,2.077,33.309,1.989,35.046,1.877,37.533,1.618
885.0389058589935,0.303,0.494,2.077,33.309,1.989,35.046,1.877,37.533,1.613
885.645605802536,0.303,0.489,2.077,33.309,1.989,35.046,1.877,37.533,1.618
886.2522299289703,0.303,0.479,2.072,33.406,1.989,35.046,1.877,37.533,1.603
886.8588469028473,0.298,0.499,2.072,33.406,1.989,35.046,1.877,37.533,1.613
887.4653260707855,0.298,0.494,2.077,33.309,1.989,35.046,1.877,37.533,1.613
888.0721831321716,0.303,0.489,2.077,33.309,1.984,35.145,1.872,37.635,1.608
888.6789231300354,0.303,0.479,2.072,33.406,1.984,35.145,1.872,37.635,1.608
889.2853219509125,0.303,0.484,2.072,33.406,1.984,35.145,1.872,37.635,1.608
889.8923678398132,0.303,0.484,2.072,33.406,1.989,35.046,1.872,37.635,1.608
890.4990458488464,0.298,0.494,2.072,33.406,1.984,35.145,1.872,37.635,1.608
891.1056399345398,0.298,0.484,2.072,33.406,1.984,35.145,1.872,37.635,1.608
891.7123498916626,0.303,0.484,2.072,33.406,1.984,35.145,1.872,37.635,1.613
892.3188848495483,0.303,0.489,2.072,33.406,1.984,35.145,1.872,37.635,1.608
892.9257659912109,0.303,0.489,2.072,33.406,1.989,35.046,1.872,37.635,1.603
893.5323209762573,0.293,0.499,2.072,33.406,1.984,35.145,1.872,37.635,1.618
894.1391010284424,0.298,0.494,2.072,33.406,1.989,35.046,1.872,37.635,1.613
894.74573802948,0.293,0.503,2.072,33.406,1.984,35.145,1.872,37.635,1.603
895.35245013237,0.298,0.499,2.072,33.406,1.989,35.046,1.872,37.635,1.603
895.9591770172119,0.298,0.499,2.072,33.406,1.984,35.145,1.872,37.635,1.613
896.5660090446472,0.303,0.489,2.072,33.406,1.984,35.145,1.872,37.635,1.608
897.1724009513855,0.303,0.484,2.072,33.406,1.989,35.046,1.872,37.635,1.618
897.7791650295258,0.298,0.499,2.072,33.406,1.989,35.046,1.872,37.635,1.618
898.3859179019928,0.303,0.484,2.077,33.309,1.989,35.046,1.872,37.635,1.608
898.9926111698151,0.303,0.489,2.072,33.406,1.984,35.145,1.872,37.635,1.613
899.5992498397827,0.303,0.494,2.072,33.406,1.984,35.145,1.872,37.635,1.603
900.2061471939087,0.303,0.489,2.072,33.406,1.984,35.145,1.872,37.635,1.608
900.8127028942108,0.303,0.489,2.077,33.309,1.984,35.145,1.872,37.635,1.613
901.4193921089172,0.293,0.499,2.072,33.406,1.984,35.145,1.872,37.635,1.613
902.0310750007629,0.298,0.499,2.072,33.406,1.984,35.145,1.872,37.635,1.608
902.6327829360962,0.303,0.484,2.077,33.309,1.989,35.046,1.877,37.533,1.603
903.2395610809326,0.298,0.494,2.077,33.309,1.984,35.145,1.872,37.635,1.613
903.8460259437561,0.303,0.479,2.077,33.309,1.984,35.145,1.872,37.635,1.613
904.45254778862,0.303,0.489,2.072,33.406,1.989,35.046,1.872,37.635,1.603
905.059494972229,0.303,0.489,2.077,33.309,1.984,35.145,1.877,37.533,1.603
905.6661849021912,0.303,0.494,2.072,33.406,1.984,35.145,1.877,37.533,0.0
906.2726998329163,0.0,0.0,2.092,33.021,2.004,34.751,1.891,37.227,0.0
906.8793139457703,0.0,0.0,2.092,33.021,2.004,34.751,1.891,37.227,0.0
907.4861319065094,0.0,0.0,2.087,33.117,2.004,34.751,1.896,37.125,0.0
908.0927560329437,0.0,0.0,2.092,33.021,2.004,34.751,1.901,37.024,0.0
908.6995708942413,0.0,0.0,2.087,33.117,2.004,34.751,1.911,36.822,0.0
909.3061780929565,0.0,0.0,2.092,33.021,2.004,34.751,1.921,36.62,0.0
909.9196820259094,0.0,0.0,2.092,33.021,2.004,34.751,1.926,36.519,0.0
910.5197041034698,0.0,0.0,2.092,33.021,2.004,34.751,1.931,36.419,0.0
911.1263470649719,0.0,0.0,2.092,33.021,2.004,34.751,1.94,36.218,0.0
911.7330780029297,0.0,0.0,2.092,33.021,2.004,34.751,1.945,36.118,0.0
912.3396489620209,0.0,0.0,2.092,33.021,2.009,34.653,1.955,35.919,0.0
912.946307182312,0.0,0.0,2.092,33.021,2.009,34.653,1.96,35.819,0.0
913.5528709888458,0.0,0.0,2.097,32.925,2.009,34.653,1.965,35.72,0.0
914.159786939621,0.0,0.0,2.092,33.021,2.009,34.653,1.975,35.521,0.0
914.7664661407471,0.0,0.0,2.097,32.925,2.014,34.555,1.979,35.422,0.0
915.3730680942535,0.0,0.0,2.097,32.925,2.014,34.555,1.984,35.323,0.0
915.9798290729523,0.0,0.0,2.097,32.925,2.014,34.555,1.989,35.225,0.0
916.5867509841919,0.0,0.0,2.097,32.925,2.019,34.457,1.999,35.028,0.0
917.1931869983673,0.0,0.0,2.097,32.925,2.019,34.457,1.999,35.028,0.0
917.7998540401459,0.0,0.0,2.097,32.925,2.019,34.457,2.009,34.831,0.0
918.4064719676971,0.0,0.0,2.097,32.925,2.019,34.457,2.014,34.733,0.0
919.0132601261139,0.0,0.0,2.097,32.925,2.023,34.36,2.019,34.635,0.0
919.619726896286,0.0,0.0,2.097,32.925,2.023,34.36,2.023,34.537,0.0
920.2266910076141,0.0,0.0,2.097,32.925,2.023,34.36,2.023,34.537,0.0
920.8333630561829,0.0,0.0,2.097,32.925,2.023,34.36,2.028,34.44,0.0
921.4400708675385,0.0,0.0,2.097,32.925,2.028,34.262,2.033,34.342,0.0
922.0468270778656,0.0,0.0,2.097,32.925,2.028,34.262,2.038,34.245,0.0
922.6534929275513,0.0,0.0,2.097,32.925,2.028,34.262,2.043,34.147,0.0
923.2601180076599,0.0,0.0,2.102,32.83,2.033,34.165,2.048,34.05,0.0
923.8667778968811,0.0,0.0,2.102,32.83,2.033,34.165,2.053,33.953,0.0
924.4734799861908,0.0,0.0,2.102,32.83,2.033,34.165,2.058,33.856,0.0
925.0801758766174,0.0,0.0,2.097,32.925,2.038,34.067,2.058,33.856,0.0
925.6869719028473,0.0,0.0,2.102,32.83,2.043,33.97,2.063,33.759,0.0
926.2934720516205,0.0,0.0,2.102,32.83,2.043,33.97,2.063,33.759,0.0
926.900111913681,0.0,0.0,2.102,32.83,2.043,33.97,2.067,33.663,0.0
927.5068769454956,0.0,0.0,2.102,32.83,2.043,33.97,2.072,33.566,0.0
928.1136572360992,0.0,0.0,2.102,32.83,2.048,33.873,2.077,33.47,0.0
928.7203068733215,0.0,0.0,2.107,32.734,2.048,33.873,2.077,33.47,0.0
929.3270270824432,0.0,0.0,2.107,32.734,2.053,33.776,2.082,33.374,0.0
929.933699131012,0.0,0.0,2.107,32.734,2.053,33.776,2.082,33.374,0.0
930.5405697822571,0.0,0.0,2.107,32.734,2.053,33.776,2.087,33.277,0.0
931.1471328735352,0.0,0.0,2.107,32.734,2.058,33.679,2.092,33.181,0.0
931.7537989616394,0.0,0.0,2.107,32.734,2.058,33.679,2.092,33.181,0.0
932.3604218959808,0.0,0.0,2.107,32.734,2.058,33.679,2.097,33.085,0.0
932.9672009944916,0.0,0.0,2.107,32.734,2.058,33.679,2.102,32.989,0.0
933.5738229751587,0.0,0.0,2.107,32.734,2.063,33.583,2.102,32.989,0.0
934.1806359291077,0.0,0.0,2.107,32.734,2.063,33.583,2.107,32.894,0.0
934.7870299816132,0.0,0.0,2.107,32.734,2.067,33.486,2.107,32.894,0.0
935.3938829898834,0.0,0.0,2.107,32.734,2.067,33.486,2.111,32.798,0.0
936.000589132309,0.0,0.0,2.111,32.638,2.067,33.486,2.116,32.703,0.0
936.6073532104492,0.0,0.0,2.111,32.638,2.072,33.39,2.116,32.703,0.0
937.2140407562256,0.0,0.0,2.116,32.543,2.072,33.39,2.121,32.607,0.0
937.8207659721375,0.0,0.0,2.111,32.638,2.077,33.293,2.126,32.512,0.0
938.4275650978088,0.0,0.0,2.116,32.543,2.077,33.293,2.126,32.512,0.0
939.0339779853821,0.0,0.0,2.116,32.543,2.077,33.293,2.131,32.417,0.0
939.6407911777496,0.0,0.0,2.121,32.448,2.082,33.197,2.131,32.417,0.0
940.2475237846375,0.0,0.0,2.121,32.448,2.082,33.197,2.136,32.322,0.0
940.8542289733887,0.0,0.0,2.121,32.448,2.087,33.101,2.136,32.322,0.0
941.4608609676361,0.0,0.0,2.121,32.448,2.087,33.101,2.141,32.227,0.0
942.0675449371338,0.0,0.0,2.126,32.352,2.087,33.101,2.141,32.227,0.0
942.6742038726807,0.0,0.0,2.126,32.352,2.092,33.005,2.141,32.227,0.0
943.2810208797455,0.0,0.0,2.126,32.352,2.092,33.005,2.141,32.227,0.0
943.8875110149384,0.0,0.0,2.131,32.257,2.092,33.005,2.146,32.132,0.0
944.4944310188293,0.0,0.0,2.131,32.257,2.097,32.909,2.151,32.037,0.0
945.1010229587555,0.0,0.0,2.131,32.257,2.097,32.909,2.151,32.037,0.0
945.7077848911285,0.0,0.0,2.136,32.162,2.097,32.909,2.155,31.942,0.0
946.3143508434296,0.0,0.0,2.136,32.162,2.102,32.813,2.155,31.942,0.0
946.9212911128998,0.0,0.0,2.136,32.162,2.102,32.813,2.155,31.942,0.0
947.5279240608215,0.0,0.0,2.136,32.162,2.107,32.718,2.16,31.848,0.0
948.1345579624176,0.0,0.0,2.141,32.067,2.107,32.718,2.165,31.753,0.0
948.7412948608398,0.0,0.0,2.141,32.067,2.107,32.718,2.165,31.753,0.0
949.3479170799255,0.0,0.0,2.141,32.067,2.107,32.718,2.165,31.753,0.0
949.9543199539185,0.0,0.0,2.141,32.067,2.111,32.622,2.17,31.659,0.0
950.5612621307373,0.0,0.0,2.141,32.067,2.111,32.622,2.17,31.659,0.0
951.1679718494415,0.0,0.0,2.146,31.973,2.116,32.527,2.17,31.659,0.0
951.7745318412781,0.0,0.0,2.146,31.973,2.116,32.527,2.175,31.565,0.0
952.3813869953156,0.0,0.0,2.151,31.878,2.116,32.527,2.175,31.565,0.0
952.987998008728,0.0,0.0,2.151,31.878,2.116,32.527,2.18,31.471,0.0
953.5946400165558,0.0,0.0,2.155,31.783,2.121,32.431,2.18,31.471,0.0
954.2013440132141,0.0,0.0,2.151,31.878,2.121,32.431,2.18,31.471,0.0
954.8080379962921,0.0,0.0,2.155,31.783,2.126,32.336,2.185,31.377,0.0
955.4148411750793,0.0,0.0,2.155,31.783,2.126,32.336,2.185,31.377,0.0
956.0215768814087,0.0,0.0,2.155,31.783,2.131,32.241,2.185,31.377,0.0
956.6282880306244,0.0,0.0,2.16,31.689,2.131,32.241,2.19,31.283,0.0
957.234797000885,0.0,0.0,2.16,31.689,2.131,32.241,2.19,31.283,0.0
957.8417239189148,0.0,0.0,2.16,31.689,2.136,32.146,2.19,31.283,0.0
958.4481489658356,0.0,0.0,2.16,31.689,2.136,32.146,2.195,31.189,0.0
959.0549368858337,0.0,0.0,2.16,31.689,2.141,32.051,2.195,31.189,0.0
959.6615381240845,0.0,0.0,2.16,31.689,2.141,32.051,2.195,31.189,0.0
960.2682869434357,0.0,0.0,2.165,31.595,2.141,32.051,2.199,31.095,0.0
960.8752779960632,0.0,0.0,2.165,31.595,2.141,32.051,2.199,31.095,0.0
961.4816751480103,0.0,0.0,2.165,31.595,2.146,31.957,2.204,31.001,0.0
962.0883650779724,0.0,0.0,2.17,31.5,2.146,31.957,2.204,31.001,0.0
962.695060968399,0.0,0.0,2.17,31.5,2.151,31.862,2.204,31.001,0.0
963.3015658855438,0.0,0.0,2.17,31.5,2.151,31.862,2.209,30.908,0.0
963.9083578586578,0.0,0.0,2.175,31.406,2.151,31.862,2.209,30.908,0.0
964.5150940418243,0.0,0.0,2.175,31.406,2.151,31.862,2.209,30.908,0.0
965.1216809749603,0.0,0.0,2.175,31.406,2.155,31.767,2.209,30.908,0.0
965.7287051677704,0.0,0.0,2.175,31.406,2.155,31.767,2.214,30.814,0.0
966.3351261615753,0.0,0.0,2.175,31.406,2.155,31.767,2.214,30.814,0.0
966.9419138431549,0.0,0.0,2.175,31.406,2.16,31.673,2.219,30.721,0.0
967.54860496521,0.0,0.0,2.175,31.406,2.16,31.673,2.214,30.814,0.0
968.1552050113678,0.0,0.0,2.18,31.312,2.16,31.673,2.219,30.721,0.0
968.7620429992676,0.0,0.0,2.18,31.312,2.165,31.578,2.219,30.721,0.0
969.3685269355774,0.0,0.0,2.185,31.218,2.165,31.578,2.224,30.628,0.0
969.9754791259766,0.0,0.0,2.185,31.218,2.165,31.578,2.224,30.628,0.0
970.5822339057922,0.0,0.0,2.185,31.218,2.165,31.578,2.229,30.534,0.0
971.188796043396,0.0,0.0,2.185,31.218,2.17,31.484,2.229,30.534,0.0
971.7955739498138,0.0,0.0,2.19,31.124,2.17,31.484,2.234,30.441,0.0
972.4021110534668,0.0,0.0,2.19,31.124,2.17,31.484,2.229,30.534,0.0
973.0088188648224,0.0,0.0,2.19,31.124,2.175,31.39,2.234,30.441,0.0
973.6153810024261,0.0,0.0,2.195,31.031,2.175,31.39,2.234,30.441,0.0
974.2221510410309,0.0,0.0,2.195,31.031,2.175,31.39,2.234,30.441,0.0
974.8288788795471,0.0,0.0,2.195,31.031,2.18,31.296,2.239,30.348,0.0
975.4355762004852,0.0,0.0,2.195,31.031,2.18,31.296,2.239,30.348,0.0
976.0423159599304,0.0,0.0,2.199,30.937,2.18,31.296,2.239,30.348,0.0
976.6489448547363,0.0,0.0,2.199,30.937,2.185,31.202,2.243,30.255,0.0
977.2556700706482,0.0,0.0,2.199,30.937,2.185,31.202,2.243,30.255,0.0
977.8624210357666,0.0,0.0,2.195,31.031,2.185,31.202,2.243,30.255,0.0
978.4690871238708,0.0,0.0,2.199,30.937,2.19,31.108,2.243,30.255,0.0
979.0758018493652,0.0,0.0,2.199,30.937,2.19,31.108,2.248,30.163,0.0
979.6823928356171,0.0,0.0,2.199,30.937,2.19,31.108,2.243,30.255,0.0
980.2890810966492,0.0,0.0,2.199,30.937,2.195,31.014,2.248,30.163,0.0
980.8958919048309,0.0,0.0,2.204,30.843,2.195,31.014,2.248,30.163,0.0
981.50248503685,0.0,0.0,2.209,30.75,2.195,31.014,2.253,30.07,0.0
982.1092250347137,0.0,0.0,2.209,30.75,2.199,30.921,2.248,30.163,0.0
982.7159099578857,0.0,0.0,2.209,30.75,2.199,30.921,2.253,30.07,0.0
983.3225400447845,0.0,0.0,2.214,30.656,2.199,30.921,2.253,30.07,0.0
983.9291999340057,0.0,0.0,2.214,30.656,2.199,30.921,2.258,29.977,0.0
984.5359649658203,0.0,0.0,2.214,30.656,2.204,30.827,2.258,29.977,0.0
985.1425449848175,0.0,0.0,2.219,30.563,2.204,30.827,2.258,29.977,0.0
985.7493498325348,0.0,0.0,2.219,30.563,2.209,30.734,2.258,29.977,0.0
986.3561060428619,0.0,0.0,2.224,30.47,2.204,30.827,2.263,29.885,0.0
986.9627599716187,0.0,0.0,2.224,30.47,2.209,30.734,2.263,29.885,0.0
987.5695250034332,0.0,0.0,2.224,30.47,2.209,30.734,2.263,29.885,0.0
988.1761429309845,0.0,0.0,2.224,30.47,2.214,30.64,2.263,29.885,0.0
988.7828140258789,0.0,0.0,2.229,30.377,2.214,30.64,2.268,29.792,0.0
989.389475107193,0.0,0.0,2.229,30.377,2.214,30.64,2.268,29.792,0.0
989.9962351322174,0.0,0.0,2.229,30.377,2.214,30.64,2.268,29.792,0.0
990.6028890609741,0.0,0.0,2.234,30.284,2.219,30.547,2.268,29.792,0.0
991.2095789909363,0.0,0.0,2.234,30.284,2.219,30.547,2.268,29.792,0.0
991.8162271976471,0.0,0.0,2.234,30.284,2.219,30.547,2.273,29.7,0.0
992.4230301380157,0.0,0.0,2.239,30.191,2.219,30.547,2.273,29.7,0.0
993.0296359062195,0.0,0.0,2.239,30.191,2.224,30.454,2.273,29.7,0.0
993.6362450122833,0.0,0.0,2.239,30.191,2.224,30.454,2.273,29.7,0.0
994.2430400848389,0.0,0.0,2.243,30.098,2.224,30.454,2.273,29.7,0.0
994.8497071266174,0.0,0.0,2.243,30.098,2.229,30.361,2.278,29.607,0.0
995.4564869403839,0.0,0.0,2.243,30.098,2.229,30.361,2.278,29.607,0.0
996.0632140636444,0.0,0.0,2.248,30.005,2.229,30.361,2.278,29.607,0.0
996.6699788570404,0.0,0.0,2.248,30.005,2.234,30.268,2.278,29.607,0.0
997.2765429019928,0.0,0.0,2.248,30.005,2.234,30.268,2.278,29.607,0.0
997.8831171989441,0.0,0.0,2.253,29.913,2.234,30.268,2.278,29.607,0.0
998.489902973175,0.0,0.0,2.253,29.913,2.234,30.268,2.287,29.423,0.0
999.096626996994,0.0,0.0,2.258,29.82,2.239,30.175,2.283,29.515,0.0
999.7033741474152,0.0,0.0,2.258,29.82,2.239,30.175,2.283,29.515,0.0
1000.3100209236145,0.0,0.0,2.258,29.82,2.239,30.175,2.287,29.423,0.0
1000.916613817215,0.0,0.0,2.258,29.82,2.243,30.082,2.287,29.423,0.0
1001.5233290195465,0.0,0.0,2.263,29.727,2.243,30.082,2.287,29.423,0.0
1002.1300449371338,0.0,0.0,2.263,29.727,2.243,30.082,2.287,29.423,0.0
1002.7367298603058,0.0,0.0,2.263,29.727,2.243,30.082,2.287,29.423,0.005
1003.3432970046997,0.0,0.0,2.263,29.727,2.248,29.989,2.292,29.331,0.0
1003.9500980377197,0.0,0.0,2.268,29.635,2.248,29.989,2.292,29.331,0.0
1004.5567390918732,0.0,0.0,2.268,29.635,2.248,29.989,2.292,29.331,0.0
1005.1633632183075,0.0,0.0,2.268,29.635,2.253,29.897,2.292,29.331,0.0
1005.7701880931854,0.0,0.0,2.273,29.543,2.253,29.897,2.292,29.331,0.0
1006.3769280910492,0.0,0.0,2.273,29.543,2.253,29.897,2.297,29.239,0.0
1006.9836750030518,0.0,0.0,2.273,29.543,2.253,29.897,2.297,29.239,0.0
1007.5902879238129,0.0,0.0,2.273,29.543,2.258,29.804,2.297,29.239,0.0
1008.197046995163,0.0,0.0,2.278,29.45,2.253,29.897,2.302,29.147,0.0
1008.8036739826202,0.0,0.0,2.278,29.45,2.258,29.804,2.302,29.147,0.0
1009.4107899665833,0.0,0.0,2.278,29.45,2.258,29.804,2.302,29.147,0.0
1010.0170948505402,0.0,0.0,2.283,29.358,2.258,29.804,2.302,29.147,0.0
1010.623584985733,0.0,0.0,2.283,29.358,2.263,29.711,2.302,29.147,0.0
1011.2304918766022,0.0,0.0,2.283,29.358,2.263,29.711,2.302,29.147,0.0
1011.8371121883392,0.0,0.0,2.283,29.358,2.263,29.711,2.307,29.055,0.0
1012.4439089298248,0.0,0.0,2.287,29.266,2.268,29.619,2.307,29.055,0.0
1013.0503749847412,0.0,0.0,2.287,29.266,2.268,29.619,2.307,29.055,0.0
1013.6571221351624,0.0,0.0,2.287,29.266,2.268,29.619,2.307,29.055,0.0
1014.263946056366,0.0,0.0,2.287,29.266,2.268,29.619,2.312,28.963,0.0
1014.8704829216003,0.0,0.0,2.287,29.266,2.268,29.619,2.312,28.963,0.01
1015.4773209095001,0.0,0.0,2.292,29.174,2.273,29.527,2.312,28.963,0.0
1016.0839700698853,0.0,0.0,2.292,29.174,2.273,29.527,2.312,28.963,0.0
1016.6906518936157,0.0,0.0,2.292,29.174,2.273,29.527,2.312,28.963,0.0
1017.2972819805145,0.0,0.0,2.292,29.174,2.278,29.435,2.317,28.871,0.0
1017.9041349887848,0.0,0.0,2.292,29.174,2.278,29.435,2.317,28.871,0.0
1018.5106828212738,0.0,0.0,2.292,29.174,2.278,29.435,2.317,28.871,0.0
1019.117299079895,0.0,0.0,2.297,29.082,2.278,29.435,2.317,28.871,0.0
1019.724114894867,0.0,0.0,2.297,29.082,2.278,29.435,2.317,28.871,0.0
1020.3308439254761,0.0,0.0,2.297,29.082,2.278,29.435,2.317,28.871,0.0
1020.9374568462372,0.0,0.0,2.297,29.082,2.283,29.342,2.322,28.78,0.0
1021.5442209243774,0.0,0.0,2.302,28.99,2.283,29.342,2.322,28.78,0.0
1022.1508481502533,0.0,0.0,2.302,28.99,2.283,29.342,2.322,28.78,0.0
1022.757570028305,0.0,0.0,2.302,28.99,2.278,29.435,2.322,28.78,0.0
1023.3641250133514,0.0,0.0,2.302,28.99,2.283,29.342,2.322,28.78,0.0
1023.9708890914917,0.0,0.0,2.302,28.99,2.283,29.342,2.326,28.688,0.0
1024.5776572227478,0.0,0.0,2.307,28.899,2.283,29.342,2.326,28.688,0.0
1025.1842970848083,0.0,0.0,2.307,28.899,2.287,29.25,2.326,28.688,0.0
1025.7911031246185,0.0,0.0,2.307,28.899,2.287,29.25,2.326,28.688,0.0
1026.3976640701294,0.0,0.0,2.307,28.899,2.287,29.25,2.326,28.688,0.0
1027.0043787956238,0.0,0.0,2.307,28.899,2.287,29.25,2.331,28.597,0.0
1027.6110830307007,0.0,0.0,2.307,28.899,2.292,29.158,2.331,28.597,0.0
1028.21772813797,0.0,0.0,2.312,28.807,2.287,29.25,2.331,28.597,0.0
1028.8244380950928,0.0,0.0,2.312,28.807,2.292,29.158,2.331,28.597,0.0
1029.4311571121216,0.0,0.0,2.312,28.807,2.292,29.158,2.331,28.597,0.0
1030.0378210544586,0.0,0.0,2.312,28.807,2.292,29.158,2.336,28.505,0.0
1030.64453291893,0.0,0.0,2.312,28.807,2.292,29.158,2.336,28.505,0.0
1031.251310825348,0.0,0.0,2.317,28.715,2.297,29.066,2.336,28.505,0.0
1031.8578388690948,0.0,0.0,2.317,28.715,2.297,29.066,2.336,28.505,0.0
1032.4646220207214,0.0,0.0,2.317,28.715,2.297,29.066,2.341,28.414,0.0
1033.0712971687317,0.0,0.0,2.317,28.715,2.297,29.066,2.341,28.414,0.0
1033.6779148578644,0.0,0.0,2.317,28.715,2.302,28.974,2.341,28.414,0.0
1034.284658908844,0.0,0.0,2.317,28.715,2.302,28.974,2.341,28.414,0.0
1034.8913831710815,0.0,0.0,2.322,28.624,2.302,28.974,2.341,28.414,0.0
1035.498084783554,0.0,0.0,2.322,28.624,2.302,28.974,2.341,28.414,0.0
1036.1046648025513,0.0,0.0,2.322,28.624,2.302,28.974,2.341,28.414,0.0
1036.711394071579,0.0,0.0,2.322,28.624,2.307,28.883,2.341,28.414,0.0
1037.3180549144745,0.0,0.0,2.322,28.624,2.307,28.883,2.341,28.414,0.0
1037.9249908924103,0.0,0.0,2.326,28.532,2.312,28.791,2.346,28.323,0.0
1038.5333268642426,0.0,0.0,2.326,28.532,2.312,28.791,2.351,28.231,0.0
1039.1380569934845,0.0,0.0,2.326,28.532,2.312,28.791,2.351,28.231,0.0
1039.7449300289154,0.0,0.0,2.331,28.441,2.312,28.791,2.351,28.231,0.0
1040.351516008377,0.0,0.0,2.326,28.532,2.312,28.791,2.351,28.231,0.005
1040.9584789276123,0.0,0.0,2.331,28.441,2.312,28.791,2.351,28.231,0.005
1041.5649101734161,0.0,0.0,2.331,28.441,2.317,28.699,2.356,28.14,0.0
1042.1716620922089,0.0,0.0,2.331,28.441,2.317,28.699,2.356,28.14,0.005
1042.7783980369568,0.0,0.0,2.331,28.441,2.317,28.699,2.356,28.14,0.005
1043.3849830627441,0.0,0.0,2.336,28.349,2.317,28.699,2.356,28.14,0.0
1043.9917740821838,0.0,0.0,2.336,28.349,2.317,28.699,2.356,28.14,0.005
1044.5982840061188,0.0,0.0,2.341,28.258,2.317,28.699,2.356,28.14,0.0
1045.204971075058,0.0,0.0,2.341,28.258,2.322,28.608,2.356,28.14,0.0
1045.811779975891,0.0,0.0,2.341,28.258,2.322,28.608,2.361,28.049,0.0
1046.4183821678162,0.0,0.0,2.341,28.258,2.322,28.608,2.356,28.14,0.0
1047.0253019332886,0.0,0.0,2.341,28.258,2.322,28.608,2.361,28.049,0.0
1047.6318700313568,0.0,0.0,2.341,28.258,2.326,28.516,2.361,28.049,0.0
1048.2386240959167,0.0,0.0,2.341,28.258,2.326,28.516,2.361,28.049,0.0
1048.84530210495,0.0,0.0,2.346,28.167,2.326,28.516,2.366,27.958,0.0
1049.4519259929657,0.0,0.0,2.346,28.167,2.326,28.516,2.366,27.958,0.0
1050.058604001999,0.0,0.0,2.346,28.167,2.331,28.425,2.366,27.958,0.0
1050.6653490066528,0.0,0.0,2.346,28.167,2.331,28.425,2.366,27.958,0.0
1051.2721529006958,0.0,0.0,2.346,28.167,2.331,28.425,2.366,27.958,0.01
1051.8787908554077,0.0,0.0,2.346,28.167,2.331,28.425,2.37,27.867,0.0
1052.4852528572083,0.0,0.0,2.351,28.076,2.331,28.425,2.37,27.867,0.0
1053.0921399593353,0.0,0.0,2.351,28.076,2.331,28.425,2.366,27.958,0.0
1053.698697090149,0.0,0.0,2.351,28.076,2.336,28.334,2.37,27.867,0.0
1054.305536031723,0.0,0.0,2.351,28.076,2.336,28.334,2.37,27.867,0.005
1054.9121570587158,0.0,0.0,2.351,28.076,2.336,28.334,2.37,27.867,0.0
1055.5189418792725,0.0,0.0,2.356,27.985,2.336,28.334,2.375,27.776,0.0
1056.1255660057068,0.0,0.0,2.356,27.985,2.341,28.242,2.375,27.776,0.0
1056.7324678897858,0.0,0.0,2.356,27.985,2.336,28.334,2.375,27.776,0.005
1057.3390669822693,0.0,0.0,2.356,27.985,2.341,28.242,2.375,27.776,0.0
1057.9456210136414,0.0,0.0,2.356,27.985,2.341,28.242,2.375,27.776,0.0
1058.5524699687958,0.0,0.0,2.361,27.894,2.341,28.242,2.375,27.776,0.0
1059.1589980125427,0.0,0.0,2.361,27.894,2.341,28.242,2.375,27.776,0.0
1059.7656998634338,0.0,0.0,2.361,27.894,2.341,28.242,2.375,27.776,0.0
1060.3726139068604,0.0,0.0,2.361,27.894,2.346,28.151,2.38,27.686,0.0
1060.9791848659515,0.0,0.0,2.361,27.894,2.346,28.151,2.38,27.686,0.0
1061.5855989456177,0.0,0.0,2.366,27.803,2.346,28.151,2.38,27.686,0.0
1062.192668914795,0.0,0.0,2.366,27.803,2.346,28.151,2.38,27.686,0.0
1062.799203157425,0.0,0.0,2.366,27.803,2.346,28.151,2.38,27.686,0.0
1063.4058120250702,0.0,0.0,2.366,27.803,2.346,28.151,2.38,27.686,0.0
1064.0125660896301,0.0,0.0,2.366,27.803,2.351,28.06,2.385,27.595,0.0
1064.6193480491638,0.0,0.0,2.37,27.712,2.351,28.06,2.38,27.686,0.0
1065.2259540557861,0.0,0.0,2.37,27.712,2.351,28.06,2.385,27.595,0.0
1065.8327691555023,0.0,0.0,2.37,27.712,2.351,28.06,2.385,27.595,0.0
1066.439201116562,0.0,0.0,2.37,27.712,2.351,28.06,2.385,27.595,0.0
1067.0460591316223,0.0,0.0,2.37,27.712,2.351,28.06,2.385,27.595,0.005
1067.6527078151703,0.0,0.0,2.37,27.712,2.356,27.969,2.39,27.504,0.0
1068.259281873703,0.0,0.0,2.375,27.621,2.356,27.969,2.385,27.595,0.0
1068.8661320209503,0.0,0.0,2.375,27.621,2.356,27.969,2.39,27.504,0.0
1069.4743287563324,0.0,0.0,2.375,27.621,2.356,27.969,2.39,27.504,0.0
1070.0794939994812,0.0,0.0,2.375,27.621,2.356,27.969,2.39,27.504,0.0
1070.6862030029297,0.0,0.0,2.375,27.621,2.356,27.969,2.39,27.504,0.0
1071.29274392128,0.0,0.0,2.375,27.621,2.361,27.878,2.39,27.504,0.0
1071.8995399475098,0.0,0.0,2.38,27.531,2.361,27.878,2.39,27.504,0.0
1072.5063350200653,0.0,0.0,2.38,27.531,2.361,27.878,2.395,27.414,0.0
1073.112937927246,0.0,0.0,2.38,27.531,2.361,27.878,2.395,27.414,0.0
1073.7194609642029,0.0,0.0,2.38,27.531,2.361,27.878,2.395,27.414,0.015
1074.3264021873474,0.0,0.0,2.385,27.44,2.361,27.878,2.395,27.414,0.0
1074.932955980301,0.0,0.0,2.38,27.531,2.366,27.787,2.395,27.414,0.0
1075.53981590271,0.0,0.0,2.385,27.44,2.366,27.787,2.395,27.414,0.0
1076.1464121341705,0.0,0.0,2.385,27.44,2.366,27.787,2.4,27.323,0.0
1076.7529919147491,0.0,0.0,2.385,27.44,2.366,27.787,2.395,27.414,0.0
1077.359785079956,0.0,0.0,2.385,27.44,2.366,27.787,2.4,27.323,0.0
1077.966460943222,0.0,0.0,2.385,27.44,2.37,27.696,2.4,27.323,0.0
1078.57314991951,0.0,0.0,2.39,27.349,2.366,27.787,2.4,27.323,0.0
1079.1798961162567,0.0,0.0,2.39,27.349,2.37,27.696,2.4,27.323,0.0
1079.786584854126,0.0,0.0,2.39,27.349,2.37,27.696,2.4,27.323,0.0
1080.3931739330292,0.0,0.0,2.395,27.259,2.37,27.696,2.4,27.323,0.0
1080.9999930858612,0.0,0.0,2.395,27.259,2.375,27.605,2.405,27.233,0.01
1081.6066780090332,0.0,0.0,2.395,27.259,2.375,27.605,2.405,27.233,0.0
1082.2133450508118,0.0,0.0,2.395,27.259,2.375,27.605,2.405,27.233,0.0
1082.820004940033,0.0,0.0,2.395,27.259,2.375,27.605,2.405,27.233,0.005
1083.4268140792847,0.0,0.0,2.395,27.259,2.375,27.605,2.405,27.233,0.0
1084.0334820747375,0.0,0.0,2.4,27.168,2.375,27.605,2.405,27.233,0.005
1084.6400809288025,0.0,0.0,2.395,27.259,2.38,27.515,2.405,27.233,0.015
1085.2468130588531,0.0,0.0,2.4,27.168,2.38,27.515,2.405,27.233,0.0
1085.8535270690918,0.0,0.0,2.4,27.168,2.38,27.515,2.405,27.233,0.0
1086.460144996643,0.0,0.0,2.405,27.078,2.38,27.515,2.405,27.233,0.0
1087.0668559074402,0.0,0.0,2.405,27.078,2.38,27.515,2.41,27.142,0.0
1087.6735939979553,0.0,0.0,2.4,27.168,2.385,27.424,2.41,27.142,0.0
1088.2803039550781,0.0,0.0,2.405,27.078,2.385,27.424,2.41,27.142,0.0
1088.8868930339813,0.0,0.0,2.405,27.078,2.385,27.424,2.41,27.142,0.015
1089.493642091751,0.0,0.0,2.405,27.078,2.385,27.424,2.41,27.142,0.0
1090.1002609729767,0.0,0.0,2.405,27.078,2.385,27.424,2.41,27.142,0.0
1090.7069799900055,0.0,0.0,2.405,27.078,2.385,27.424,2.41,27.142,0.0
1091.3137390613556,0.0,0.0,2.405,27.078,2.39,27.334,2.41,27.142,0.0
1091.9203457832336,0.0,0.0,2.41,26.988,2.39,27.334,2.414,27.052,0.0
1092.527102947235,0.0,0.0,2.41,26.988,2.39,27.334,2.414,27.052,0.0
1093.1337449550629,0.0,0.0,2.41,26.988,2.39,27.334,2.414,27.052,0.0
1093.740453004837,0.0,0.0,2.41,26.988,2.39,27.334,2.414,27.052,0.01
1094.3472299575806,0.0,0.0,2.41,26.988,2.39,27.334,2.414,27.052,0.0
1094.9539060592651,0.0,0.0,2.41,26.988,2.395,27.243,2.414,27.052,0.0
1095.560644865036,0.0,0.0,2.414,26.897,2.395,27.243,2.414,27.052,0.0
1096.1672818660736,0.0,0.0,2.414,26.897,2.395,27.243,2.414,27.052,0.0
1096.7739510536194,0.0,0.0,2.414,26.897,2.395,27.243,2.419,26.961,0.0
1097.380733013153,0.0,0.0,2.414,26.897,2.395,27.243,2.419,26.961,0.01
1097.9874591827393,0.0,0.0,2.414,26.897,2.395,27.243,2.419,26.961,0.005
1098.5939588546753,0.0,0.0,2.419,26.807,2.395,27.243,2.419,26.961,0.0
1099.2006430625916,0.0,0.0,2.414,26.897,2.4,27.153,2.419,26.961,0.0
1099.8075551986694,0.0,0.0,2.419,26.807,2.4,27.153,2.419,26.961,0.0
1100.4140758514404,0.0,0.0,2.414,26.897,2.4,27.153,2.419,26.961,0.0
1101.0208189487457,0.0,0.0,2.419,26.807,2.4,27.153,2.424,26.871,0.0
1101.6274178028107,0.0,0.0,2.419,26.807,2.4,27.153,2.424,26.871,0.0
1102.2341361045837,0.0,0.0,2.419,26.807,2.4,27.153,2.424,26.871,0.0
1102.8409118652344,0.0,0.0,2.419,26.807,2.4,27.153,2.419,26.961,0.0
1103.4476039409637,0.0,0.0,2.419,26.807,2.4,27.153,2.419,26.961,0.0
1104.054254770279,0.0,0.0,2.419,26.807,2.4,27.153,2.424,26.871,0.005
1104.6609420776367,0.0,0.0,2.419,26.807,2.4,27.153,2.424,26.871,0.0
1105.267616033554,0.0,0.0,2.419,26.807,2.4,27.153,2.424,26.871,0.0
1105.874314069748,0.0,0.0,2.419,26.807,2.405,27.062,2.424,26.871,0.0
1106.480989933014,0.0,0.0,2.424,26.717,2.4,27.153,2.424,26.871,0.0
1107.0876338481903,0.0,0.0,2.424,26.717,2.405,27.062,2.424,26.871,0.01
1107.6943669319153,0.0,0.0,2.424,26.717,2.405,27.062,2.424,26.871,0.0
1108.3010461330414,0.0,0.0,2.424,26.717,2.405,27.062,2.429,26.781,0.0
1108.907742023468,0.0,0.0,2.424,26.717,2.405,27.062,2.429,26.781,0.0
1109.5145180225372,0.0,0.0,2.424,26.717,2.405,27.062,2.429,26.781,0.0
1110.121279001236,0.0,0.0,2.424,26.717,2.405,27.062,2.429,26.781,0.0
1110.7278249263763,0.0,0.0,2.424,26.717,2.41,26.972,2.429,26.781,0.0
1111.3345959186554,0.0,0.0,2.429,26.627,2.405,27.062,2.429,26.781,0.0
1111.9412660598755,0.0,0.0,2.424,26.717,2.41,26.972,2.429,26.781,0.005
1112.5479140281677,0.0,0.0,2.429,26.627,2.41,26.972,2.429,26.781,0.0
1113.1545979976654,0.0,0.0,2.429,26.627,2.41,26.972,2.434,26.691,0.0
1113.7612481117249,0.0,0.0,2.429,26.627,2.41,26.972,2.434,26.691,0.0
1114.3680880069733,0.0,0.0,2.429,26.627,2.41,26.972,2.434,26.691,0.0
1114.9748950004578,0.0,0.0,2.429,26.627,2.41,26.972,2.434,26.691,0.0
1115.581393957138,0.0,0.0,2.429,26.627,2.41,26.972,2.434,26.691,0.0
1116.188057899475,0.0,0.0,2.434,26.537,2.41,26.972,2.434,26.691,0.0
1116.7946801185608,0.0,0.0,2.434,26.537,2.414,26.882,2.434,26.691,0.0
1117.401417016983,0.0,0.0,2.434,26.537,2.414,26.882,2.434,26.691,0.0
1118.008188009262,0.0,0.0,2.434,26.537,2.414,26.882,2.434,26.691,0.0
1118.614776134491,0.0,0.0,2.434,26.537,2.414,26.882,2.434,26.691,0.0
1119.2214751243591,0.0,0.0,2.434,26.537,2.414,26.882,2.434,26.691,0.0
1119.82817196846,0.0,0.0,2.439,26.447,2.419,26.791,2.439,26.601,0.005
1120.4348340034485,0.0,0.0,2.434,26.537,2.419,26.791,2.439,26.601,0.0
1121.041631937027,0.0,0.0,2.439,26.447,2.419,26.791,2.439,26.601,0.0
1121.6482660770416,0.0,0.0,2.439,26.447,2.419,26.791,2.439,26.601,0.005
1122.2549839019775,0.0,0.0,2.434,26.537,2.419,26.791,2.439,26.601,0.0
1122.8616740703583,0.0,0.0,2.439,26.447,2.424,26.701,2.444,26.511,0.0
1123.4683270454407,0.0,0.0,2.439,26.447,2.419,26.791,2.444,26.511,0.0
1124.0750238895416,0.0,0.0,2.439,26.447,2.419,26.791,2.444,26.511,0.0
1124.681687116623,0.0,0.0,2.444,26.357,2.424,26.701,2.444,26.511,0.0
1125.288416147232,0.0,0.0,2.439,26.447,2.424,26.701,2.444,26.511,0.078
1125.8950741291046,0.0,0.0,2.439,26.447,2.424,26.701,2.444,26.511,0.0
1126.5018818378448,0.0,0.0,2.439,26.447,2.424,26.701,2.444,26.511,0.0
1127.1085760593414,0.0,0.0,2.439,26.447,2.424,26.701,2.444,26.511,0.0
1127.7152562141418,0.0,0.0,2.444,26.357,2.424,26.701,2.444,26.511,0.0
1128.3219158649445,0.0,0.0,2.444,26.357,2.429,26.611,2.449,26.421,0.0
1128.9286029338837,0.0,0.0,2.444,26.357,2.429,26.611,2.449,26.421,0.0
1129.5353319644928,0.0,0.0,2.444,26.357,2.429,26.611,2.444,26.511,0.0
1130.1419558525085,0.0,0.0,2.444,26.357,2.429,26.611,2.449,26.421,0.0
1130.7486259937286,0.0,0.0,2.444,26.357,2.429,26.611,2.449,26.421,0.005
1131.3553709983826,0.0,0.0,2.449,26.267,2.429,26.611,2.449,26.421,0.0
1131.9620568752289,0.0,0.0,2.444,26.357,2.429,26.611,2.449,26.421,0.0
1132.568708896637,0.0,0.0,2.449,26.267,2.429,26.611,2.449,26.421,0.0
1133.1755237579346,0.0,0.0,2.449,26.267,2.434,26.521,2.449,26.421,0.0
1133.7820460796356,0.0,0.0,2.449,26.267,2.434,26.521,2.449,26.421,0.0
1134.388797044754,0.0,0.0,2.449,26.267,2.429,26.611,2.449,26.421,0.005
1134.9955458641052,0.0,0.0,2.449,26.267,2.434,26.521,2.454,26.331,0.0
1135.6022028923035,0.0,0.0,2.449,26.267,2.434,26.521,2.454,26.331,0.02
1136.2089478969574,0.0,0.0,2.449,26.267,2.434,26.521,2.454,26.331,0.005
1136.8154718875885,0.0,0.0,2.454,26.177,2.434,26.521,2.454,26.331,0.0
1137.422166109085,0.0,0.0,2.449,26.267,2.434,26.521,2.449,26.421,0.0
1138.0290229320526,0.0,0.0,2.454,26.177,2.434,26.521,2.454,26.331,0.0
1138.6356019973755,0.0,0.0,2.454,26.177,2.439,26.431,2.454,26.331,0.01
1139.2423508167267,0.0,0.0,2.454,26.177,2.439,26.431,2.454,26.331,0.0
1139.8490669727325,0.0,0.0,2.454,26.177,2.439,26.431,2.454,26.331,0.0
1140.4557530879974,0.0,0.0,2.454,26.177,2.434,26.521,2.454,26.331,0.015
1141.0624477863312,0.0,0.0,2.458,26.087,2.439,26.431,2.458,26.241,0.0
1141.6690518856049,0.0,0.0,2.454,26.177,2.439,26.431,2.458,26.241,0.0
1142.2757740020752,0.0,0.0,2.458,26.087,2.439,26.431,2.458,26.241,0.0
1142.882521867752,0.0,0.0,2.458,26.087,2.439,26.431,2.458,26.241,0.0
1143.4891121387482,0.0,0.0,2.458,26.087,2.444,26.341,2.458,26.241,0.005
1144.0957660675049,0.0,0.0,2.458,26.087,2.439,26.431,2.458,26.241,0.0
1144.7026381492615,0.0,0.0,2.458,26.087,2.439,26.431,2.458,26.241,0.015
1145.309161901474,0.0,0.0,2.458,26.087,2.444,26.341,2.458,26.241,0.0
1145.9159500598907,0.0,0.0,2.458,26.087,2.444,26.341,2.458,26.241,0.0
1146.5227279663086,0.0,0.0,2.463,25.998,2.444,26.341,2.458,26.241,0.0
1147.129401922226,0.0,0.0,2.463,25.998,2.444,26.341,2.458,26.241,0.0
1147.735992193222,0.0,0.0,2.458,26.087,2.444,26.341,2.463,26.151,0.0
1148.3427059650421,0.0,0.0,2.463,25.998,2.444,26.341,2.463,26.151,0.02
1148.9494540691376,0.0,0.0,2.463,25.998,2.444,26.341,2.463,26.151,0.0
1149.5562329292297,0.0,0.0,2.463,25.998,2.444,26.341,2.463,26.151,0.0
1150.1627469062805,0.0,0.0,2.463,25.998,2.444,26.341,2.463,26.151,0.0
1150.7694778442383,0.0,0.0,2.463,25.998,2.444,26.341,2.463,26.151,0.015
1151.3761539459229,0.0,0.0,2.463,25.998,2.444,26.341,2.463,26.151,0.01
1151.9828832149506,0.0,0.0,2.468,25.908,2.449,26.251,2.463,26.151,0.0
1152.5897040367126,0.0,0.0,2.463,25.998,2.449,26.251,2.463,26.151,0.015
1153.1962780952454,0.0,0.0,2.463,25.998,2.449,26.251,2.468,26.062,0.0
1153.8028860092163,0.0,0.0,2.463,25.998,2.449,26.251,2.468,26.062,0.015
1154.4099779129028,0.0,0.0,2.468,25.908,2.449,26.251,2.468,26.062,0.0
1155.0162389278412,0.0,0.0,2.468,25.908,2.449,26.251,2.468,26.062,0.005
1155.623076915741,0.0,0.0,2.468,25.908,2.449,26.251,2.468,26.062,0.0
1156.2296509742737,0.0,0.0,2.468,25.908,2.449,26.251,2.463,26.151,0.0
1156.8363909721375,0.0,0.0,2.468,25.908,2.449,26.251,2.468,26.062,0.005
1157.4432020187378,0.0,0.0,2.468,25.908,2.449,26.251,2.463,26.151,0.0
1158.049798965454,0.0,0.0,2.468,25.908,2.449,26.251,2.468,26.062,0.0
1158.6563799381256,0.0,0.0,2.468,25.908,2.449,26.251,2.468,26.062,0.0
1159.263200044632,0.0,0.0,2.468,25.908,2.449,26.251,2.468,26.062,0.005
1159.869765996933,0.0,0.0,2.468,25.908,2.454,26.161,2.468,26.062,0.0
1160.4765870571136,0.0,0.0,2.468,25.908,2.454,26.161,2.468,26.062,0.0
1161.08305478096,0.0,0.0,2.468,25.908,2.454,26.161,2.468,26.062,0.0
1161.689903974533,0.0,0.0,2.468,25.908,2.454,26.161,2.468,26.062,0.024
1162.2967591285706,0.0,0.0,2.473,25.818,2.454,26.161,2.468,26.062,0.005
1162.9032671451569,0.0,0.0,2.473,25.818,2.454,26.161,2.468,26.062,0.0
1163.5100281238556,0.0,0.0,2.468,25.908,2.454,26.161,2.473,25.972,0.005
1164.1167440414429,0.0,0.0,2.473,25.818,2.454,26.161,2.473,25.972,0.005
1164.7233669757843,0.0,0.0,2.473,25.818,2.454,26.161,2.473,25.972,0.005
1165.3300848007202,0.0,0.0,2.473,25.818,2.454,26.161,2.468,26.062,0.005
1165.936795949936,0.0,0.0,2.473,25.818,2.454,26.161,2.473,25.972,0.0
1166.543485879898,0.0,0.0,2.473,25.818,2.454,26.161,2.473,25.972,0.0
1167.1500959396362,0.0,0.0,2.473,25.818,2.458,26.072,2.473,25.972,0.005
1167.7568860054016,0.0,0.0,2.478,25.729,2.454,26.161,2.473,25.972,0.0
1168.3635931015015,0.0,0.0,2.473,25.818,2.454,26.161,2.473,25.972,0.005
1168.970300912857,0.0,0.0,2.478,25.729,2.458,26.072,2.473,25.972,0.015
1169.5769391059875,0.0,0.0,2.478,25.729,2.458,26.072,2.473,25.972,0.0
1170.1834509372711,0.0,0.0,2.478,25.729,2.458,26.072,2.473,25.972,0.0
1170.7904210090637,0.0,0.0,2.478,25.729,2.458,26.072,2.473,25.972,0.0
1171.3970289230347,0.0,0.0,2.478,25.729,2.458,26.072,2.473,25.972,0.0
1172.0037169456482,0.0,0.0,2.478,25.729,2.458,26.072,2.478,25.882,0.015
1172.610363960266,0.0,0.0,2.478,25.729,2.458,26.072,2.478,25.882,0.0
1173.2168600559235,0.0,0.0,2.478,25.729,2.458,26.072,2.478,25.882,0.0
1173.8236339092255,0.0,0.0,2.478,25.729,2.458,26.072,2.478,25.882,0.005
1174.4304828643799,0.0,0.0,2.483,25.639,2.463,25.982,2.478,25.882,0.0
1175.0373229980469,0.0,0.0,2.483,25.639,2.463,25.982,2.478,25.882,0.0
1175.643779039383,0.0,0.0,2.483,25.639,2.463,25.982,2.478,25.882,0.01
1176.2504000663757,0.0,0.0,2.483,25.639,2.463,25.982,2.478,25.882,0.0
1176.857178926468,0.0,0.0,2.483,25.639,2.463,25.982,2.478,25.882,0.005
1177.4640641212463,0.0,0.0,2.483,25.639,2.463,25.982,2.478,25.882,0.015
1178.0706861019135,0.0,0.0,2.483,25.639,2.468,25.892,2.483,25.793,0.0
1178.677248954773,0.0,0.0,2.488,25.55,2.463,25.982,2.478,25.882,0.0
1179.2839188575745,0.0,0.0,2.488,25.55,2.463,25.982,2.483,25.793,0.0
1179.8906917572021,0.0,0.0,2.488,25.55,2.463,25.982,2.483,25.793,0.005
1180.4972019195557,0.0,0.0,2.488,25.55,2.468,25.892,2.483,25.793,0.005
1181.1040840148926,0.0,0.0,2.488,25.55,2.468,25.892,2.478,25.882,0.0
1181.7108328342438,0.0,0.0,2.488,25.55,2.468,25.892,2.483,25.793,0.005
1182.3175349235535,0.0,0.0,2.488,25.55,2.468,25.892,2.483,25.793,0.0
1182.9239838123322,0.0,0.0,2.488,25.55,2.468,25.892,2.483,25.793,0.0
1183.5308270454407,0.0,0.0,2.488,25.55,2.468,25.892,2.483,25.793,0.0
1184.1374139785767,0.0,0.0,2.488,25.55,2.468,25.892,2.483,25.793,0.0
1184.7442510128021,0.0,0.0,2.488,25.55,2.468,25.892,2.483,25.793,0.0
1185.3508820533752,0.0,0.0,2.488,25.55,2.468,25.892,2.483,25.793,0.0
1185.9576551914215,0.0,0.0,2.488,25.55,2.468,25.892,2.488,25.703,0.015
1186.5643060207367,0.0,0.0,2.488,25.55,2.468,25.892,2.488,25.703,0.02
1187.1709010601044,0.0,0.0,2.488,25.55,2.468,25.892,2.488,25.703,0.0
1187.7777779102325,0.0,0.0,2.488,25.55,2.468,25.892,2.488,25.703,0.0
1188.3843541145325,0.0,0.0,2.488,25.55,2.473,25.803,2.488,25.703,0.0
1188.9911329746246,0.0,0.0,2.493,25.46,2.473,25.803,2.488,25.703,0.02
1189.5977809429169,0.0,0.0,2.488,25.55,2.473,25.803,2.488,25.703,0.01
1190.2044460773468,0.0,0.0,2.493,25.46,2.473,25.803,2.488,25.703,0.0
1190.811108827591,0.0,0.0,2.493,25.46,2.468,25.892,2.488,25.703,0.0
1191.4178371429443,0.0,0.0,2.493,25.46,2.473,25.803,2.488,25.703,0.0
1192.0245449543,0.0,0.0,2.493,25.46,2.473,25.803,2.488,25.703,0.01
1192.6313228607178,0.0,0.0,2.493,25.46,2.473,25.803,2.488,25.703,0.0
1193.2378811836243,0.0,0.0,2.493,25.46,2.473,25.803,2.488,25.703,0.0
1193.8445708751678,0.0,0.0,2.493,25.46,2.473,25.803,2.488,25.703,0.0
1194.4512860774994,0.0,0.0,2.493,25.46,2.473,25.803,2.488,25.703,0.0
1195.0580670833588,0.0,0.0,2.498,25.371,2.473,25.803,2.488,25.703,0.0
1195.6646840572357,0.0,0.0,2.493,25.46,2.473,25.803,2.488,25.703,0.0
1196.2713668346405,0.0,0.0,2.493,25.46,2.478,25.713,2.493,25.613,0.024
1196.8779871463776,0.0,0.0,2.493,25.46,2.478,25.713,2.493,25.613,0.0
1197.4846920967102,0.0,0.0,2.498,25.371,2.478,25.713,2.493,25.613,0.0
1198.091470003128,0.0,0.0,2.493,25.46,2.478,25.713,2.493,25.613,0.015
1198.6980860233307,0.0,0.0,2.493,25.46,2.473,25.803,2.493,25.613,0.005
1199.3047738075256,0.0,0.0,2.498,25.371,2.478,25.713,2.493,25.613,0.005
1199.9115450382233,0.0,0.0,2.498,25.371,2.478,25.713,2.493,25.613,0.005
1200.5181839466095,0.0,0.0,2.498,25.371,2.478,25.713,2.493,25.613,0.01
1201.124900817871,0.0,0.0,2.498,25.371,2.478,25.713,2.493,25.613,0.0
1201.7315599918365,0.0,0.0,2.502,25.282,2.478,25.713,2.493,25.613,0.005
1202.3383679389954,0.0,0.0,2.502,25.282,2.478,25.713,2.493,25.613,0.015
1202.945030927658,0.0,0.0,2.498,25.371,2.478,25.713,2.493,25.613,0.0
1203.5517230033875,0.0,0.0,2.498,25.371,2.478,25.713,2.493,25.613,0.024
1204.158360004425,0.0,0.0,2.502,25.282,2.478,25.713,2.493,25.613,0.005
1204.7649869918823,0.0,0.0,2.502,25.282,2.478,25.713,2.493,25.613,0.005
1205.3716979026794,0.0,0.0,2.502,25.282,2.478,25.713,2.498,25.524,0.01
1205.9784541130066,0.0,0.0,2.502,25.282,2.478,25.713,2.493,25.613,0.0
1206.5851237773895,0.0,0.0,2.502,25.282,2.483,25.624,2.498,25.524,0.005
1207.191832780838,0.0,0.0,2.502,25.282,2.483,25.624,2.498,25.524,0.0
1207.798595905304,0.0,0.0,2.502,25.282,2.483,25.624,2.498,25.524,0.005
1208.4051740169525,0.0,0.0,2.502,25.282,2.478,25.713,2.498,25.524,0.005
1209.0119140148163,0.0,0.0,2.502,25.282,2.483,25.624,2.498,25.524,0.0
1209.618567943573,0.0,0.0,2.502,25.282,2.483,25.624,2.498,25.524,0.015
1210.225259065628,0.0,0.0,2.502,25.282,2.483,25.624,2.502,25.435,0.01
1210.8319580554962,0.0,0.0,2.507,25.192,2.483,25.624,2.498,25.524,0.0
1211.4386241436005,0.0,0.0,2.502,25.282,2.483,25.624,2.498,25.524,0.005
1212.045320034027,0.0,0.0,2.507,25.192,2.483,25.624,2.498,25.524,0.0
1212.6519927978516,0.0,0.0,2.507,25.192,2.483,25.624,2.498,25.524,0.005
1213.258719921112,0.0,0.0,2.507,25.192,2.483,25.624,2.502,25.435,0.005
1213.8653681278229,0.0,0.0,2.507,25.192,2.483,25.624,2.498,25.524,0.02
1214.4719860553741,0.0,0.0,2.507,25.192,2.483,25.624,2.498,25.524,0.005
1215.078824043274,0.0,0.0,2.507,25.192,2.488,25.534,2.502,25.435,0.0
1215.685250043869,0.0,0.0,2.507,25.192,2.488,25.534,2.502,25.435,0.0
1216.2922279834747,0.0,0.0,2.507,25.192,2.488,25.534,2.502,25.435,0.0
1216.8988389968872,0.0,0.0,2.507,25.192,2.488,25.534,2.502,25.435,0.015
1217.5054540634155,0.0,0.0,2.507,25.192,2.483,25.624,2.502,25.435,0.0
1218.1122720241547,0.0,0.0,2.507,25.192,2.488,25.534,2.502,25.435,0.015
1218.718801021576,0.0,0.0,2.507,25.192,2.488,25.534,2.502,25.435,0.0
1219.3256039619446,0.0,0.0,2.507,25.192,2.488,25.534,2.502,25.435,0.005
1219.9323189258575,0.0,0.0,2.507,25.192,2.488,25.534,2.502,25.435,0.005
1220.5390360355377,0.0,0.0,2.507,25.192,2.488,25.534,2.502,25.435,0.005
1221.145742893219,0.0,0.0,2.507,25.192,2.488,25.534,2.502,25.435,0.01
1221.7523679733276,0.0,0.0,2.507,25.192,2.488,25.534,2.502,25.435,0.0
1222.3591480255127,0.0,0.0,2.507,25.192,2.488,25.534,2.502,25.435,0.005
1222.9655611515045,0.0,0.0,2.512,25.103,2.488,25.534,2.502,25.435,0.0
1223.5724720954895,0.0,0.0,2.512,25.103,2.488,25.534,2.502,25.435,0.005
1224.1791849136353,0.0,0.0,2.512,25.103,2.488,25.534,2.507,25.345,0.005
1224.7859270572662,0.0,0.0,2.512,25.103,2.488,25.534,2.502,25.435,0.005
1225.3924088478088,0.0,0.0,2.507,25.192,2.493,25.445,2.507,25.345,0.0
1225.9992761611938,0.0,0.0,2.512,25.103,2.493,25.445,2.507,25.345,0.005
1226.6059668064117,0.0,0.0,2.512,25.103,2.493,25.445,2.507,25.345,0.0
1227.2126190662384,0.0,0.0,2.512,25.103,2.493,25.445,2.507,25.345,0.015
1227.8193349838257,0.0,0.0,2.512,25.103,2.493,25.445,2.502,25.435,0.005
1228.4258019924164,0.0,0.0,2.512,25.103,2.493,25.445,2.507,25.345,0.0
1229.0326600074768,0.0,0.0,2.512,25.103,2.493,25.445,2.507,25.345,0.005
1229.6393411159515,0.0,0.0,2.512,25.103,2.493,25.445,2.507,25.345,0.01
1230.2460758686066,0.0,0.0,2.512,25.103,2.493,25.445,2.507,25.345,0.01
1230.852788925171,0.0,0.0,2.512,25.103,2.493,25.445,2.507,25.345,0.024
1231.459452867508,0.0,0.0,2.512,25.103,2.493,25.445,2.507,25.345,0.005
1232.0660290718079,0.0,0.0,2.512,25.103,2.493,25.445,2.507,25.345,0.0
1232.67276597023,0.0,0.0,2.512,25.103,2.493,25.445,2.507,25.345,0.005
1233.2795457839966,0.0,0.0,2.517,25.014,2.493,25.445,2.512,25.256,0.015
1233.8860259056091,0.0,0.0,2.512,25.103,2.493,25.445,2.507,25.345,0.0
1234.4929339885712,0.0,0.0,2.517,25.014,2.493,25.445,2.512,25.256,0.005
1235.0996038913727,0.0,0.0,2.517,25.014,2.493,25.445,2.512,25.256,0.01
1235.7063040733337,0.0,0.0,2.517,25.014,2.493,25.445,2.512,25.256,0.005
1236.3130240440369,0.0,0.0,2.517,25.014,2.498,25.355,2.507,25.345,0.015
1236.9197509288788,0.0,0.0,2.517,25.014,2.493,25.445,2.512,25.256,0.005
1237.5264132022858,0.0,0.0,2.517,25.014,2.498,25.355,2.512,25.256,0.02
1238.1329300403595,0.0,0.0,2.517,25.014,2.493,25.445,2.512,25.256,0.0
1238.7395379543304,0.0,0.0,2.517,25.014,2.498,25.355,2.507,25.345,0.01
1239.3462541103363,0.0,0.0,2.517,25.014,2.498,25.355,2.512,25.256,0.0
1239.9529631137848,0.0,0.0,2.512,25.103,2.498,25.355,2.512,25.256,0.02
1240.559828042984,0.0,0.0,2.517,25.014,2.498,25.355,2.512,25.256,0.005
1241.1663899421692,0.0,0.0,2.522,24.925,2.498,25.355,2.512,25.256,0.0
1241.77321600914,0.0,0.0,2.517,25.014,2.498,25.355,2.512,25.256,0.01
1242.37992811203,0.0,0.0,2.522,24.925,2.498,25.355,2.512,25.256,0.015
1242.9865601062775,0.0,0.0,2.517,25.014,2.498,25.355,2.512,25.256,0.005
1243.593104839325,0.0,0.0,2.522,24.925,2.498,25.355,2.512,25.256,0.005
1244.1999471187592,0.0,0.0,2.522,24.925,2.502,25.266,2.512,25.256,0.01
1244.806501865387,0.0,0.0,2.522,24.925,2.502,25.266,2.512,25.256,0.0
1245.413181066513,0.0,0.0,2.522,24.925,2.498,25.355,2.512,25.256,0.015
1246.0199580192566,0.0,0.0,2.517,25.014,2.502,25.266,2.512,25.256,0.0
1246.6266272068024,0.0,0.0,2.522,24.925,2.498,25.355,2.517,25.167,0.0
1247.2333948612213,0.0,0.0,2.522,24.925,2.502,25.266,2.517,25.167,0.0
1247.8400840759277,0.0,0.0,2.522,24.925,2.502,25.266,2.512,25.256,0.005
1248.4469299316406,0.0,0.0,2.522,24.925,2.502,25.266,2.512,25.256,0.005
1249.0534129142761,0.0,0.0,2.517,25.014,2.502,25.266,2.517,25.167,0.015
1249.6600341796875,0.0,0.0,2.522,24.925,2.502,25.266,2.512,25.256,0.0
1250.26673579216,0.0,0.0,2.522,24.925,2.502,25.266,2.512,25.256,0.0
1250.8733830451965,0.0,0.0,2.522,24.925,2.502,25.266,2.517,25.167,0.0
1251.48015499115,0.0,0.0,2.522,24.925,2.502,25.266,2.517,25.167,0.0
1252.0869839191437,0.0,0.0,2.522,24.925,2.502,25.266,2.517,25.167,0.0
1252.6935670375824,0.0,0.0,2.522,24.925,2.502,25.266,2.517,25.167,0.005
1253.3003380298615,0.0,0.0,2.522,24.925,2.502,25.266,2.517,25.167,0.005
1253.9068338871002,0.0,0.0,2.522,24.925,2.507,25.177,2.517,25.167,0.0
1254.5136499404907,0.0,0.0,2.522,24.925,2.507,25.177,2.517,25.167,0.005
1255.120285987854,0.0,0.0,2.522,24.925,2.502,25.266,2.517,25.167,0.0
1255.726991891861,0.0,0.0,2.527,24.836,2.502,25.266,2.517,25.167,0.01
1256.3337059020996,0.0,0.0,2.527,24.836,2.507,25.177,2.517,25.167,0.005
1256.9403069019318,0.0,0.0,2.527,24.836,2.507,25.177,2.517,25.167,0.0
1257.5470578670502,0.0,0.0,2.522,24.925,2.507,25.177,2.517,25.167,0.02
1258.1537528038025,0.0,0.0,2.527,24.836,2.507,25.177,2.517,25.167,0.005
1258.760398864746,0.0,0.0,2.527,24.836,2.507,25.177,2.517,25.167,0.01
1259.3670918941498,0.0,0.0,2.527,24.836,2.507,25.177,2.517,25.167,0.024
1259.973788022995,0.0,0.0,2.527,24.836,2.507,25.177,2.517,25.167,0.01
1260.5804998874664,0.0,0.0,2.527,24.836,2.507,25.177,2.522,25.077,0.01
1261.1871979236603,0.0,0.0,2.527,24.836,2.507,25.177,2.522,25.077,0.005
1261.7939500808716,0.0,0.0,2.527,24.836,2.507,25.177,2.522,25.077,0.005
1262.4005749225616,0.0,0.0,2.527,24.836,2.507,25.177,2.517,25.167,0.024
1263.0072469711304,0.0,0.0,2.527,24.836,2.507,25.177,2.517,25.167,0.005
1263.614010810852,0.0,0.0,2.527,24.836,2.507,25.177,2.522,25.077,0.024
1264.2205798625946,0.0,0.0,2.527,24.836,2.507,25.177,2.522,25.077,0.0
1264.827306985855,0.0,0.0,2.527,24.836,2.507,25.177,2.522,25.077,0.015
1265.4340229034424,0.0,0.0,2.527,24.836,2.507,25.177,2.522,25.077,0.01
1266.0407750606537,0.0,0.0,2.532,24.747,2.512,25.087,2.522,25.077,0.01
1266.6474912166595,0.0,0.0,2.532,24.747,2.512,25.087,2.522,25.077,0.0
1267.2541329860687,0.0,0.0,2.532,24.747,2.507,25.177,2.522,25.077,0.005
1267.8607060909271,0.0,0.0,2.532,24.747,2.507,25.177,2.522,25.077,0.0
1268.4675779342651,0.0,0.0,2.532,24.747,2.512,25.087,2.522,25.077,0.02
1269.0742590427399,0.0,0.0,2.532,24.747,2.512,25.087,2.517,25.167,0.005
1269.6809620857239,0.0,0.0,2.532,24.747,2.507,25.177,2.522,25.077,0.01
1270.2876150608063,0.0,0.0,2.532,24.747,2.512,25.087,2.522,25.077,0.005
1270.894238948822,0.0,0.0,2.532,24.747,2.512,25.087,2.522,25.077,0.0
1271.5011389255524,0.0,0.0,2.532,24.747,2.512,25.087,2.522,25.077,0.0
1272.1076691150665,0.0,0.0,2.532,24.747,2.512,25.087,2.522,25.077,0.0
1272.716556072235,0.0,0.0,2.532,24.747,2.512,25.087,2.522,25.077,0.005
1273.3211238384247,0.0,0.0,2.532,24.747,2.512,25.087,2.522,25.077,0.005
1273.9278678894043,0.0,0.0,2.532,24.747,2.512,25.087,2.522,25.077,0.005
1274.534414768219,0.0,0.0,2.532,24.747,2.512,25.087,2.527,24.988,0.01
1275.1410551071167,0.0,0.0,2.532,24.747,2.512,25.087,2.522,25.077,0.01
1275.7478008270264,0.0,0.0,2.532,24.747,2.512,25.087,2.522,25.077,0.005
1276.3545317649841,0.0,0.0,2.532,24.747,2.512,25.087,2.522,25.077,0.02
1276.961285829544,0.0,0.0,2.532,24.747,2.512,25.087,2.522,25.077,0.005
1277.567929983139,0.0,0.0,2.532,24.747,2.512,25.087,2.522,25.077,0.02
1278.1745700836182,0.0,0.0,2.537,24.657,2.512,25.087,2.522,25.077,0.0
1278.781089067459,0.0,0.0,2.537,24.657,2.512,25.087,2.522,25.077,0.015
1279.38800907135,0.0,0.0,2.537,24.657,2.512,25.087,2.527,24.988,0.005
1279.9946761131287,0.0,0.0,2.532,24.747,2.517,24.998,2.522,25.077,0.015
1280.6013550758362,0.0,0.0,2.537,24.657,2.517,24.998,2.527,24.988,0.0
1281.2080368995667,0.0,0.0,2.537,24.657,2.517,24.998,2.527,24.988,0.0
1281.8148198127747,0.0,0.0,2.537,24.657,2.512,25.087,2.527,24.988,0.0
1282.4213709831238,0.0,0.0,2.532,24.747,2.517,24.998,2.527,24.988,0.015
1283.0281491279602,0.0,0.0,2.537,24.657,2.517,24.998,2.527,24.988,0.01
1283.6348009109497,0.0,0.0,2.537,24.657,2.512,25.087,2.527,24.988,0.0
1284.2414469718933,0.0,0.0,2.537,24.657,2.517,24.998,2.527,24.988,0.005
1284.8481841087341,0.0,0.0,2.537,24.657,2.517,24.998,2.527,24.988,0.01
1285.4550590515137,0.0,0.0,2.537,24.657,2.517,24.998,2.527,24.988,0.0
1286.0615711212158,0.0,0.0,2.537,24.657,2.517,24.998,2.527,24.988,0.01
1286.6682488918304,0.0,0.0,2.537,24.657,2.517,24.998,2.527,24.988,0.0
1287.2750890254974,0.0,0.0,2.537,24.657,2.517,24.998,2.527,24.988,0.024
1287.881602048874,0.0,0.0,2.537,24.657,2.517,24.998,2.527,24.988,0.01
1288.4883270263672,0.0,0.0,2.537,24.657,2.517,24.998,2.527,24.988,0.005
1289.0950269699097,0.0,0.0,2.537,24.657,2.517,24.998,2.527,24.988,0.02
1289.7017569541931,0.0,0.0,2.542,24.568,2.517,24.998,2.527,24.988,0.005
1290.308376789093,0.0,0.0,2.542,24.568,2.517,24.998,2.527,24.988,0.015
1290.915088891983,0.0,0.0,2.542,24.568,2.517,24.998,2.527,24.988,0.01
1291.5218088626862,0.0,0.0,2.537,24.657,2.522,24.909,2.527,24.988,0.005
1292.1284909248352,0.0,0.0,2.542,24.568,2.517,24.998,2.527,24.988,0.0
1292.7351071834564,0.0,0.0,2.542,24.568,2.522,24.909,2.527,24.988,0.005
1293.341745853424,0.0,0.0,2.542,24.568,2.522,24.909,2.532,24.899,0.005
1293.948452949524,0.0,0.0,2.542,24.568,2.522,24.909,2.527,24.988,0.01
1294.5553019046783,0.0,0.0,2.542,24.568,2.522,24.909,2.527,24.988,0.015
1295.1619668006897,0.0,0.0,2.542,24.568,2.522,24.909,2.527,24.988,0.01
1295.7686169147491,0.0,0.0,2.542,24.568,2.522,24.909,2.532,24.899,0.005
1296.3753900527954,0.0,0.0,2.542,24.568,2.522,24.909,2.527,24.988,0.015
1296.9820098876953,0.0,0.0,2.542,24.568,2.522,24.909,2.532,24.899,0.024
1297.5886888504028,0.0,0.0,2.542,24.568,2.522,24.909,2.532,24.899,0.01
1298.19531083107,0.0,0.0,2.542,24.568,2.522,24.909,2.532,24.899,0.005
1298.801768064499,0.0,0.0,2.542,24.568,2.522,24.909,2.532,24.899,0.005
1299.408728837967,0.0,0.0,2.542,24.568,2.522,24.909,2.527,24.988,0.01
1300.015594959259,0.0,0.0,2.542,24.568,2.522,24.909,2.532,24.899,0.02
1300.6221709251404,0.0,0.0,2.542,24.568,2.522,24.909,2.532,24.899,0.005
1301.2288830280304,0.0,0.0,2.542,24.568,2.522,24.909,2.532,24.899,0.01
1301.8354671001434,0.0,0.0,2.542,24.568,2.522,24.909,2.532,24.899,0.01
1302.4422640800476,0.0,0.0,2.542,24.568,2.522,24.909,2.532,24.899,0.01
1303.048982143402,0.0,0.0,2.546,24.48,2.522,24.909,2.532,24.899,0.005
1303.6555578708649,0.0,0.0,2.542,24.568,2.522,24.909,2.532,24.899,0.015
1304.262377023697,0.0,0.0,2.542,24.568,2.522,24.909,2.532,24.899,0.005
1304.8690340518951,0.0,0.0,2.546,24.48,2.522,24.909,2.532,24.899,0.01
1305.4757351875305,0.0,0.0,2.542,24.568,2.527,24.82,2.532,24.899,0.005
1306.082356929779,0.0,0.0,2.542,24.568,2.522,24.909,2.532,24.899,0.005
1306.6891069412231,0.0,0.0,2.546,24.48,2.522,24.909,2.532,24.899,0.01
1307.2957770824432,0.0,0.0,2.542,24.568,2.527,24.82,2.532,24.899,0.015
1307.9025201797485,0.0,0.0,2.542,24.568,2.522,24.909,2.532,24.899,0.015
1308.509251832962,0.0,0.0,2.546,24.48,2.522,24.909,2.537,24.81,0.02
1309.1158699989319,0.0,0.0,2.546,24.48,2.527,24.82,2.537,24.81,0.005
1309.7226030826569,0.0,0.0,2.542,24.568,2.527,24.82,2.532,24.899,0.01
1310.3292858600616,0.0,0.0,2.542,24.568,2.522,24.909,2.532,24.899,0.01
1310.935986995697,0.0,0.0,2.546,24.48,2.527,24.82,2.537,24.81,0.005
1311.5426919460297,0.0,0.0,2.546,24.48,2.527,24.82,2.537,24.81,0.005
1312.1492550373077,0.0,0.0,2.542,24.568,2.522,24.909,2.532,24.899,0.01
1312.7559900283813,0.0,0.0,2.542,24.568,2.522,24.909,2.537,24.81,0.005
1313.3627359867096,0.0,0.0,2.546,24.48,2.527,24.82,2.532,24.899,0.0
1313.9692690372467,0.0,0.0,2.542,24.568,2.522,24.909,2.537,24.81,0.015
1314.5760750770569,0.0,0.0,2.542,24.568,2.527,24.82,2.537,24.81,0.01
1315.1827909946442,0.0,0.0,2.542,24.568,2.527,24.82,2.537,24.81,0.01
1315.7894768714905,0.0,0.0,2.546,24.48,2.527,24.82,2.537,24.81,0.0
1316.3961489200592,0.0,0.0,2.546,24.48,2.527,24.82,2.532,24.899,0.005
1317.002968788147,0.0,0.0,2.546,24.48,2.527,24.82,2.537,24.81,0.01
1317.6095049381256,0.0,0.0,2.546,24.48,2.527,24.82,2.537,24.81,0.005
1318.2161989212036,0.0,0.0,2.546,24.48,2.527,24.82,2.537,24.81,0.01
1318.8228180408478,0.0,0.0,2.546,24.48,2.527,24.82,2.537,24.81,0.01
1319.4296169281006,0.0,0.0,2.546,24.48,2.527,24.82,2.537,24.81,0.01
1320.0363137722015,0.0,0.0,2.546,24.48,2.527,24.82,2.537,24.81,0.0
1320.6430869102478,0.0,0.0,2.546,24.48,2.527,24.82,2.537,24.81,0.02
1321.249627828598,0.0,0.0,2.546,24.48,2.527,24.82,2.537,24.81,0.0
1321.8563690185547,0.0,0.0,2.546,24.48,2.527,24.82,2.537,24.81,0.005
1322.463152885437,0.0,0.0,2.546,24.48,2.527,24.82,2.537,24.81,0.005
1323.0697510242462,0.0,0.0,2.546,24.48,2.527,24.82,2.537,24.81,0.01
1323.6764318943024,0.0,0.0,2.546,24.48,2.527,24.82,2.537,24.81,0.0
1324.2829790115356,0.0,0.0,2.546,24.48,2.527,24.82,2.537,24.81,0.015
1324.889662027359,0.0,0.0,2.546,24.48,2.532,24.731,2.537,24.81,0.024
1325.4965250492096,0.0,0.0,2.546,24.48,2.527,24.82,2.537,24.81,0.02
1326.1031308174133,0.0,0.0,2.546,24.48,2.527,24.82,2.537,24.81,0.005
1326.7099170684814,0.0,0.0,2.546,24.48,2.532,24.731,2.537,24.81,0.005
1327.3165919780731,0.0,0.0,2.546,24.48,2.527,24.82,2.542,24.721,0.01
1327.923238992691,0.0,0.0,2.546,24.48,2.527,24.82,2.537,24.81,0.01
1328.5300369262695,0.0,0.0,2.546,24.48,2.527,24.82,2.537,24.81,0.005
1329.1363651752472,0.0,0.0,2.551,24.391,2.532,24.731,2.542,24.721,0.005
1329.743448972702,0.0,0.0,2.546,24.48,2.527,24.82,2.542,24.721,0.005
1330.3502490520477,0.0,0.0,2.546,24.48,2.532,24.731,2.542,24.721,0.005
1330.9568359851837,0.0,0.0,2.546,24.48,2.532,24.731,2.542,24.721,0.005
1331.5637419223785,0.0,0.0,2.551,24.391,2.532,24.731,2.537,24.81,0.0
1332.1702048778534,0.0,0.0,2.546,24.48,2.532,24.731,2.542,24.721,0.0
1332.7769010066986,0.0,0.0,2.551,24.391,2.532,24.731,2.542,24.721,0.005
1333.3835380077362,0.0,0.0,2.551,24.391,2.532,24.731,2.542,24.721,0.005
1333.9902548789978,0.0,0.0,2.551,24.391,2.532,24.731,2.542,24.721,0.005
1334.5969758033752,0.0,0.0,2.551,24.391,2.532,24.731,2.542,24.721,0.0
1335.2035789489746,0.0,0.0,2.551,24.391,2.532,24.731,2.542,24.721,0.015
1335.8103981018066,0.0,0.0,2.551,24.391,2.532,24.731,2.542,24.721,0.015
1336.4169759750366,0.0,0.0,2.551,24.391,2.532,24.731,2.542,24.721,0.005
1337.0237560272217,0.0,0.0,2.551,24.391,2.532,24.731,2.542,24.721,0.01
1337.630294084549,0.0,0.0,2.551,24.391,2.532,24.731,2.542,24.721,0.01
1338.2370328903198,0.0,0.0,2.551,24.391,2.532,24.731,2.542,24.721,0.01
1338.8436238765717,0.0,0.0,2.551,24.391,2.532,24.731,2.542,24.721,0.005
1339.4504120349884,0.0,0.0,2.551,24.391,2.532,24.731,2.542,24.721,0.015
1340.0571987628937,0.0,0.0,2.551,24.391,2.537,24.642,2.542,24.721,0.02
1340.6638238430023,0.0,0.0,2.551,24.391,2.532,24.731,2.542,24.721,0.01
1341.2704830169678,0.0,0.0,2.551,24.391,2.532,24.731,2.542,24.721,0.005
1341.8771238327026,0.0,0.0,2.551,24.391,2.532,24.731,2.542,24.721,0.005
1342.4839370250702,0.0,0.0,2.551,24.391,2.537,24.642,2.542,24.721,0.005
1343.0905530452728,0.0,0.0,2.551,24.391,2.532,24.731,2.542,24.721,0.0
1343.6971688270569,0.0,0.0,2.551,24.391,2.532,24.731,2.542,24.721,0.01
1344.3038320541382,0.0,0.0,2.551,24.391,2.537,24.642,2.542,24.721,0.005
1344.910680770874,0.0,0.0,2.551,24.391,2.532,24.731,2.546,24.632,0.01
1345.5174210071564,0.0,0.0,2.551,24.391,2.532,24.731,2.542,24.721,0.005
1346.1239821910858,0.0,0.0,2.556,24.302,2.537,24.642,2.542,24.721,0.01
1346.7306640148163,0.0,0.0,2.551,24.391,2.532,24.731,2.542,24.721,0.02
1347.3372778892517,0.0,0.0,2.551,24.391,2.532,24.731,2.542,24.721,0.005
1347.9442019462585,0.0,0.0,2.551,24.391,2.532,24.731,2.542,24.721,0.005
1348.5508790016174,0.0,0.0,2.551,24.391,2.532,24.731,2.542,24.721,0.0
1349.1575469970703,0.0,0.0,2.551,24.391,2.537,24.642,2.542,24.721,0.01
1349.7641620635986,0.0,0.0,2.551,24.391,2.537,24.642,2.542,24.721,0.0
1350.3708300590515,0.0,0.0,2.556,24.302,2.537,24.642,2.542,24.721,0.0
1350.9776198863983,0.0,0.0,2.556,24.302,2.537,24.642,2.542,24.721,0.02
1351.5842130184174,0.0,0.0,2.556,24.302,2.537,24.642,2.542,24.721,0.015
1352.1909439563751,0.0,0.0,2.551,24.391,2.537,24.642,2.542,24.721,0.005
1352.7976660728455,0.0,0.0,2.551,24.391,2.537,24.642,2.546,24.632,0.0
1353.404347896576,0.0,0.0,2.556,24.302,2.537,24.642,2.542,24.721,0.005
1354.0110490322113,0.0,0.0,2.551,24.391,2.537,24.642,2.546,24.632,0.005
1354.617753982544,0.0,0.0,2.551,24.391,2.537,24.642,2.546,24.632,0.01
1355.2243700027466,0.0,0.0,2.556,24.302,2.537,24.642,2.542,24.721,0.01
1355.8310129642487,0.0,0.0,2.551,24.391,2.537,24.642,2.542,24.721,0.0
1356.4377789497375,0.0,0.0,2.556,24.302,2.537,24.642,2.546,24.632,0.024
1357.0446741580963,0.0,0.0,2.556,24.302,2.537,24.642,2.546,24.632,0.005
1357.6510961055756,0.0,0.0,2.551,24.391,2.537,24.642,2.546,24.632,0.01
1358.2579011917114,0.0,0.0,2.556,24.302,2.537,24.642,2.542,24.721,0.005
1358.8644070625305,0.0,0.0,2.556,24.302,2.537,24.642,2.546,24.632,0.005
1359.4710159301758,0.0,0.0,2.556,24.302,2.537,24.642,2.546,24.632,0.015
1360.0779280662537,0.0,0.0,2.556,24.302,2.537,24.642,2.546,24.632,0.005
1360.6846079826355,0.0,0.0,2.556,24.302,2.537,24.642,2.542,24.721,0.0
1361.2913060188293,0.0,0.0,2.556,24.302,2.537,24.642,2.546,24.632,0.02
1361.8980309963226,0.0,0.0,2.556,24.302,2.537,24.642,2.546,24.632,0.0
1362.5048141479492,0.0,0.0,2.556,24.302,2.537,24.642,2.542,24.721,0.005
1363.1114449501038,0.0,0.0,2.556,24.302,2.537,24.642,2.546,24.632,0.0
1363.7179877758026,0.0,0.0,2.556,24.302,2.542,24.553,2.546,24.632,0.01
1364.3246960639954,0.0,0.0,2.556,24.302,2.537,24.642,2.546,24.632,0.005
1364.9315810203552,0.0,0.0,2.556,24.302,2.537,24.642,2.546,24.632,0.015
1365.538279056549,0.0,0.0,2.561,24.213,2.537,24.642,2.546,24.632,0.005
1366.1448619365692,0.0,0.0,2.561,24.213,2.542,24.553,2.546,24.632,0.01
1366.7515189647675,0.0,0.0,2.561,24.213,2.542,24.553,2.546,24.632,0.005
1367.3582270145416,0.0,0.0,2.561,24.213,2.537,24.642,2.546,24.632,0.01
1367.9650700092316,0.0,0.0,2.556,24.302,2.542,24.553,2.546,24.632,0.0
1368.5716528892517,0.0,0.0,2.556,24.302,2.542,24.553,2.546,24.632,0.005
1369.178328037262,0.0,0.0,2.561,24.213,2.542,24.553,2.546,24.632,0.005
1369.7851798534393,0.0,0.0,2.561,24.213,2.542,24.553,2.546,24.632,0.01
1370.3917388916016,0.0,0.0,2.561,24.213,2.542,24.553,2.546,24.632,0.015
1370.998430967331,0.0,0.0,2.561,24.213,2.542,24.553,2.546,24.632,0.01
1371.6051399707794,0.0,0.0,2.561,24.213,2.542,24.553,2.546,24.632,0.024
1372.2119801044464,0.0,0.0,2.561,24.213,2.542,24.553,2.546,24.632,0.02
1372.818477153778,0.0,0.0,2.561,24.213,2.542,24.553,2.546,24.632,0.0
1373.4251799583435,0.0,0.0,2.561,24.213,2.542,24.553,2.546,24.632,0.015
1374.0318388938904,0.0,0.0,2.561,24.213,2.542,24.553,2.546,24.632,0.005
1374.6384818553925,0.0,0.0,2.561,24.213,2.542,24.553,2.551,24.543,0.01
1375.245244026184,0.0,0.0,2.561,24.213,2.542,24.553,2.551,24.543,0.01
1375.8519260883331,0.0,0.0,2.561,24.213,2.542,24.553,2.546,24.632,0.005
1376.458657026291,0.0,0.0,2.561,24.213,2.542,24.553,2.546,24.632,0.01
1377.0654129981995,0.0,0.0,2.561,24.213,2.542,24.553,2.546,24.632,0.01
1377.6720910072327,0.0,0.0,2.561,24.213,2.542,24.553,2.551,24.543,0.005
1378.2788140773773,0.0,0.0,2.561,24.213,2.542,24.553,2.546,24.632,0.01
1378.8852548599243,0.0,0.0,2.561,24.213,2.542,24.553,2.546,24.632,0.024
1379.4921350479126,0.0,0.0,2.561,24.213,2.542,24.553,2.551,24.543,0.005
1380.0988340377808,0.0,0.0,2.561,24.213,2.542,24.553,2.551,24.543,0.024
1380.7054669857025,0.0,0.0,2.561,24.213,2.542,24.553,2.546,24.632,0.01
1381.3121399879456,0.0,0.0,2.561,24.213,2.542,24.553,2.551,24.543,0.01
1381.9187500476837,0.0,0.0,2.566,24.124,2.542,24.553,2.551,24.543,0.005
1382.5255670547485,0.0,0.0,2.561,24.213,2.542,24.553,2.551,24.543,0.005
1383.1322298049927,0.0,0.0,2.561,24.213,2.542,24.553,2.551,24.543,0.01
1383.738981962204,0.0,0.0,2.561,24.213,2.542,24.553,2.546,24.632,0.0
1384.3456099033356,0.0,0.0,2.561,24.213,2.542,24.553,2.551,24.543,0.02
1384.9522387981415,0.0,0.0,2.561,24.213,2.546,24.464,2.551,24.543,0.005
1385.5590028762817,0.0,0.0,2.561,24.213,2.542,24.553,2.551,24.543,0.01
1386.1656770706177,0.0,0.0,2.561,24.213,2.546,24.464,2.551,24.543,0.024
1386.7724149227142,0.0,0.0,2.561,24.213,2.546,24.464,2.551,24.543,0.024
1387.3791029453278,0.0,0.0,2.561,24.213,2.542,24.553,2.546,24.632,0.02
1387.9857201576233,0.0,0.0,2.561,24.213,2.546,24.464,2.551,24.543,0.005
1388.5924530029297,0.0,0.0,2.566,24.124,2.542,24.553,2.551,24.543,0.01
1389.1991181373596,0.0,0.0,2.561,24.213,2.542,24.553,2.551,24.543,0.005
1389.805897951126,0.0,0.0,2.561,24.213,2.542,24.553,2.551,24.543,0.005
1390.4125308990479,0.0,0.0,2.561,24.213,2.546,24.464,2.551,24.543,0.01
1391.0193150043488,0.0,0.0,2.561,24.213,2.546,24.464,2.551,24.543,0.024
1391.6260449886322,0.0,0.0,2.561,24.213,2.542,24.553,2.551,24.543,0.01
1392.2326200008392,0.0,0.0,2.561,24.213,2.542,24.553,2.551,24.543,0.01
1392.8393931388855,0.0,0.0,2.561,24.213,2.546,24.464,2.551,24.543,0.005
1393.446214914322,0.0,0.0,2.561,24.213,2.546,24.464,2.551,24.543,0.005
1394.0527350902557,0.0,0.0,2.561,24.213,2.542,24.553,2.551,24.543,0.005
1394.659518957138,0.0,0.0,2.561,24.213,2.546,24.464,2.551,24.543,0.015
1395.2659871578217,0.0,0.0,2.561,24.213,2.546,24.464,2.551,24.543,0.01
1395.8729422092438,0.0,0.0,2.561,24.213,2.546,24.464,2.551,24.543,0.005
1396.4795079231262,0.0,0.0,2.561,24.213,2.546,24.464,2.551,24.543,0.01
1397.0861539840698,0.0,0.0,2.561,24.213,2.546,24.464,2.551,24.543,0.005
1397.6929380893707,0.0,0.0,2.561,24.213,2.546,24.464,2.551,24.543,0.0
1398.2994849681854,0.0,0.0,2.561,24.213,2.542,24.553,2.551,24.543,0.0
1398.9060759544373,0.0,0.0,2.561,24.213,2.546,24.464,2.551,24.543,0.01
1399.512984752655,0.0,0.0,2.566,24.124,2.546,24.464,2.551,24.543,0.0
1400.1195590496063,0.0,0.0,2.566,24.124,2.546,24.464,2.556,24.454,0.01
1400.726403951645,0.0,0.0,2.561,24.213,2.542,24.553,2.551,24.543,0.005
1401.3330008983612,0.0,0.0,2.561,24.213,2.546,24.464,2.551,24.543,0.029
1401.939726114273,0.0,0.0,2.561,24.213,2.542,24.553,2.551,24.543,0.01
1402.5464148521423,0.0,0.0,2.561,24.213,2.546,24.464,2.551,24.543,0.005
1403.1529369354248,0.0,0.0,2.561,24.213,2.546,24.464,2.551,24.543,0.005
1403.7597289085388,0.0,0.0,2.561,24.213,2.546,24.464,2.551,24.543,0.015
1404.366308927536,0.0,0.0,2.561,24.213,2.546,24.464,2.551,24.543,0.01
1404.9731509685516,0.0,0.0,2.561,24.213,2.546,24.464,2.551,24.543,0.01
1405.5797009468079,0.0,0.0,2.566,24.124,2.546,24.464,2.551,24.543,0.02
1406.1863470077515,0.0,0.0,2.561,24.213,2.546,24.464,2.551,24.543,0.005
1406.7931778430939,0.0,0.0,2.561,24.213,2.546,24.464,2.551,24.543,0.005
1407.3997790813446,0.0,0.0,2.566,24.124,2.546,24.464,2.551,24.543,0.01
1408.0066628456116,0.0,0.0,2.561,24.213,2.546,24.464,2.551,24.543,0.01
1408.6132371425629,0.0,0.0,2.561,24.213,2.546,24.464,2.551,24.543,0.01
1409.2200510501862,0.0,0.0,2.561,24.213,2.546,24.464,2.551,24.543,0.01
1409.826798915863,0.0,0.0,2.561,24.213,2.546,24.464,2.551,24.543,0.005
1410.4333519935608,0.0,0.0,2.566,24.124,2.546,24.464,2.556,24.454,0.0
1411.0399448871613,0.0,0.0,2.561,24.213,2.546,24.464,2.551,24.543,0.01
1411.6468088626862,0.0,0.0,2.561,24.213,2.546,24.464,2.551,24.543,0.024
1412.2535820007324,0.0,0.0,2.561,24.213,2.546,24.464,2.556,24.454,0.015
1412.8602590560913,0.0,0.0,2.561,24.213,2.546,24.464,2.556,24.454,0.034
1413.4668591022491,0.0,0.0,2.566,24.124,2.546,24.464,2.556,24.454,0.0
1414.0734629631042,0.0,0.0,2.566,24.124,2.546,24.464,2.551,24.543,0.005
1414.6800780296326,0.0,0.0,2.561,24.213,2.546,24.464,2.551,24.543,0.005
1415.2867348194122,0.0,0.0,2.566,24.124,2.546,24.464,2.556,24.454,0.01
1415.893550157547,0.0,0.0,2.566,24.124,2.546,24.464,2.551,24.543,0.01
1416.5002739429474,0.0,0.0,2.566,24.124,2.546,24.464,2.551,24.543,0.005
1417.1068279743195,0.0,0.0,2.566,24.124,2.546,24.464,2.556,24.454,0.015
1417.71360206604,0.0,0.0,2.566,24.124,2.546,24.464,2.556,24.454,0.005
1418.3204097747803,0.0,0.0,2.566,24.124,2.546,24.464,2.556,24.454,0.005
1418.9268450737,0.0,0.0,2.566,24.124,2.546,24.464,2.556,24.454,0.01
1419.5335440635681,0.0,0.0,2.566,24.124,2.546,24.464,2.556,24.454,0.005
1420.1403789520264,0.0,0.0,2.566,24.124,2.546,24.464,2.556,24.454,0.015
1420.7469100952148,0.0,0.0,2.566,24.124,2.551,24.375,2.556,24.454,0.005
1421.3536670207977,0.0,0.0,2.566,24.124,2.546,24.464,2.556,24.454,0.01
1421.9602971076965,0.0,0.0,2.566,24.124,2.546,24.464,2.556,24.454,0.01
1422.5669949054718,0.0,0.0,2.566,24.124,2.546,24.464,2.551,24.543,0.01
1423.1736660003662,0.0,0.0,2.566,24.124,2.551,24.375,2.556,24.454,0.01
1423.7806499004364,0.0,0.0,2.566,24.124,2.551,24.375,2.551,24.543,0.005
1424.387367963791,0.0,0.0,2.566,24.124,2.546,24.464,2.556,24.454,0.01
1424.9941749572754,0.0,0.0,2.566,24.124,2.546,24.464,2.556,24.454,0.015
1425.6004831790924,0.0,0.0,2.566,24.124,2.551,24.375,2.556,24.454,0.005
1426.2072429656982,0.0,0.0,2.566,24.124,2.546,24.464,2.556,24.454,0.015
1426.8149909973145,0.0,0.0,2.571,24.035,2.551,24.375,2.556,24.454,0.029
1427.4206049442291,0.0,0.0,2.566,24.124,2.546,24.464,2.556,24.454,0.02
1428.027344942093,0.0,0.0,2.566,24.124,2.551,24.375,2.556,24.454,0.005
1428.6341190338135,0.0,0.0,2.571,24.035,2.551,24.375,2.551,24.543,0.0
1429.2407450675964,0.0,0.0,2.571,24.035,2.551,24.375,2.556,24.454,0.005
1429.8473238945007,0.0,0.0,2.571,24.035,2.551,24.375,2.556,24.454,0.01
1430.4541540145874,0.0,0.0,2.571,24.035,2.551,24.375,2.556,24.454,0.01
1431.0608258247375,0.0,0.0,2.571,24.035,2.551,24.375,2.556,24.454,0.005
1431.6674220561981,0.0,0.0,2.571,24.035,2.546,24.464,2.556,24.454,0.01
1432.274111032486,0.0,0.0,2.571,24.035,2.551,24.375,2.556,24.454,0.01
1432.8808720111847,0.0,0.0,2.566,24.124,2.551,24.375,2.556,24.454,0.015
1433.4876291751862,0.0,0.0,2.571,24.035,2.546,24.464,2.556,24.454,0.01
1434.0942659378052,0.0,0.0,2.571,24.035,2.551,24.375,2.556,24.454,0.01
1434.701115846634,0.0,0.0,2.571,24.035,2.551,24.375,2.556,24.454,0.005
1435.3077509403229,0.0,0.0,2.566,24.124,2.551,24.375,2.556,24.454,0.01
1435.9145600795746,0.0,0.0,2.571,24.035,2.551,24.375,2.556,24.454,0.005
1436.5212092399597,0.0,0.0,2.571,24.035,2.551,24.375,2.556,24.454,0.024
1437.1277499198914,0.0,0.0,2.566,24.124,2.546,24.464,2.556,24.454,0.015
1437.7347028255463,0.0,0.0,2.571,24.035,2.551,24.375,2.556,24.454,0.02
1438.34122300148,0.0,0.0,2.571,24.035,2.551,24.375,2.556,24.454,0.005
1438.9476418495178,0.0,0.0,2.571,24.035,2.551,24.375,2.556,24.454,0.01
1439.5544929504395,0.0,0.0,2.571,24.035,2.551,24.375,2.556,24.454,0.005
1440.1610550880432,0.0,0.0,2.571,24.035,2.551,24.375,2.556,24.454,0.005
1440.7680010795593,0.0,0.0,2.571,24.035,2.551,24.375,2.556,24.454,0.005
1441.3746619224548,0.0,0.0,2.571,24.035,2.551,24.375,2.556,24.454,0.024
1441.9813690185547,0.0,0.0,2.571,24.035,2.551,24.375,2.556,24.454,0.015
1442.5880270004272,0.0,0.0,2.571,24.035,2.551,24.375,2.556,24.454,0.024
1443.194505929947,0.0,0.0,2.571,24.035,2.546,24.464,2.556,24.454,0.005
1443.8013589382172,0.0,0.0,2.571,24.035,2.551,24.375,2.556,24.454,0.015
1444.4080460071564,0.0,0.0,2.571,24.035,2.551,24.375,2.561,24.365,0.01
1445.0146040916443,0.0,0.0,2.571,24.035,2.551,24.375,2.556,24.454,0.01
1445.621307849884,0.0,0.0,2.571,24.035,2.551,24.375,2.556,24.454,0.0
1446.2280130386353,0.0,0.0,2.571,24.035,2.551,24.375,2.556,24.454,0.024
1446.8347721099854,0.0,0.0,2.571,24.035,2.551,24.375,2.556,24.454,0.015
1447.4415848255157,0.0,0.0,2.571,24.035,2.551,24.375,2.556,24.454,0.01
1448.048227071762,0.0,0.0,2.571,24.035,2.551,24.375,2.556,24.454,0.024
1448.6549859046936,0.0,0.0,2.571,24.035,2.551,24.375,2.556,24.454,0.015
1449.2615928649902,0.0,0.0,2.571,24.035,2.551,24.375,2.556,24.454,0.015
1449.8680970668793,0.0,0.0,2.571,24.035,2.551,24.375,2.556,24.454,0.005
1450.4748890399933,0.0,0.0,2.571,24.035,2.551,24.375,2.556,24.454,0.005
1451.081598997116,0.0,0.0,2.571,24.035,2.551,24.375,2.561,24.365,0.01
1451.6883249282837,0.0,0.0,2.571,24.035,2.551,24.375,2.556,24.454,0.0
1452.294939994812,0.0,0.0,2.571,24.035,2.556,24.286,2.556,24.454,0.01
1452.9018261432648,0.0,0.0,2.571,24.035,2.551,24.375,2.561,24.365,0.005
1453.5084948539734,0.0,0.0,2.571,24.035,2.551,24.375,2.561,24.365,0.02
1454.1157479286194,0.0,0.0,2.571,24.035,2.551,24.375,2.556,24.454,0.02
1454.72185921669,0.0,0.0,2.571,24.035,2.551,24.375,2.556,24.454,0.024
1455.3384959697723,0.0,0.0,2.571,24.035,2.551,24.375,2.561,24.365,0.005
1455.935448884964,0.0,0.0,2.576,23.947,2.556,24.286,2.561,24.365,0.005
1456.5419011116028,0.0,0.0,2.576,23.947,2.556,24.286,2.561,24.365,0.0
1457.1484360694885,0.0,0.0,2.576,23.947,2.556,24.286,2.561,24.365,0.015
1457.7582149505615,0.0,0.0,2.576,23.947,2.556,24.286,2.561,24.365,0.005
1458.362515926361,0.0,0.0,2.576,23.947,2.556,24.286,2.561,24.365,0.01
1458.9684989452362,0.0,0.0,2.576,23.947,2.556,24.286,2.561,24.365,0.005
1459.5755360126495,0.0,0.0,2.576,23.947,2.556,24.286,2.561,24.365,0.0
1460.1820738315582,0.0,0.0,2.576,23.947,2.556,24.286,2.561,24.365,0.015
1460.7887518405914,0.0,0.0,2.576,23.947,2.556,24.286,2.561,24.365,0.024
1461.3954319953918,0.0,0.0,2.576,23.947,2.556,24.286,2.561,24.365,0.029
1462.0020070075989,0.0,0.0,2.576,23.947,2.556,24.286,2.561,24.365,0.029
1462.6088709831238,0.0,0.0,2.576,23.947,2.556,24.286,2.561,24.365,0.02
1463.2156190872192,0.0,0.0,2.576,23.947,2.556,24.286,2.561,24.365,0.015
1463.8222908973694,0.0,0.0,2.576,23.947,2.556,24.286,2.561,24.365,0.005
1464.4291679859161,0.0,0.0,2.581,23.858,2.556,24.286,2.561,24.365,0.005
1465.0357439517975,0.0,0.0,2.576,23.947,2.556,24.286,2.561,24.365,0.01
1465.6424009799957,0.0,0.0,2.576,23.947,2.556,24.286,2.561,24.365,0.01
1466.2490339279175,0.0,0.0,2.576,23.947,2.556,24.286,2.561,24.365,0.01
1466.8556230068207,0.0,0.0,2.576,23.947,2.561,24.198,2.561,24.365,0.029
1467.4623770713806,0.0,0.0,2.576,23.947,2.556,24.286,2.561,24.365,0.0
1468.0689969062805,0.0,0.0,2.576,23.947,2.556,24.286,2.561,24.365,0.015
1468.6756649017334,0.0,0.0,2.581,23.858,2.556,24.286,2.561,24.365,0.01
1469.2825009822845,0.0,0.0,2.581,23.858,2.556,24.286,2.566,24.276,0.01
1469.889503955841,0.0,0.0,2.576,23.947,2.556,24.286,2.566,24.276,0.01
1470.4957308769226,0.0,0.0,2.576,23.947,2.556,24.286,2.561,24.365,0.01
1471.1027247905731,0.0,0.0,2.581,23.858,2.556,24.286,2.561,24.365,0.015
1471.7092778682709,0.0,0.0,2.581,23.858,2.556,24.286,2.561,24.365,0.015
1472.3159589767456,0.0,0.0,2.576,23.947,2.556,24.286,2.561,24.365,0.005
1472.9226310253143,0.0,0.0,2.576,23.947,2.556,24.286,2.561,24.365,0.01
1473.5294721126556,0.0,0.0,2.581,23.858,2.556,24.286,2.561,24.365,0.02
1474.1360020637512,0.0,0.0,2.576,23.947,2.556,24.286,2.561,24.365,0.029
1474.7427909374237,0.0,0.0,2.576,23.947,2.556,24.286,2.561,24.365,0.024
1475.3493180274963,0.0,0.0,2.576,23.947,2.561,24.198,2.561,24.365,0.024
1475.95658493042,0.0,0.0,2.581,23.858,2.556,24.286,2.561,24.365,0.024
1476.562870979309,0.0,0.0,2.581,23.858,2.561,24.198,2.561,24.365,0.01
1477.1694929599762,0.0,0.0,2.576,23.947,2.556,24.286,2.561,24.365,0.015
1477.7761690616608,0.0,0.0,2.576,23.947,2.556,24.286,2.561,24.365,0.01
1478.3829650878906,0.0,0.0,2.576,23.947,2.556,24.286,2.561,24.365,0.005
1478.9893929958344,0.0,0.0,2.576,23.947,2.556,24.286,2.566,24.276,0.005
1479.5962591171265,0.0,0.0,2.576,23.947,2.556,24.286,2.566,24.276,0.005
1480.202702999115,0.0,0.0,2.581,23.858,2.556,24.286,2.561,24.365,0.005
1480.812733888626,0.0,0.0,2.576,23.947,2.556,24.286,2.561,24.365,0.01
1481.416286945343,0.0,0.0,2.576,23.947,2.556,24.286,2.566,24.276,0.01
1482.0230059623718,0.0,0.0,2.576,23.947,2.561,24.198,2.566,24.276,0.01
1482.6295750141144,0.0,0.0,2.576,23.947,2.561,24.198,2.566,24.276,0.01
1483.2364480495453,0.0,0.0,2.581,23.858,2.556,24.286,2.566,24.276,0.01
1483.8432819843292,0.0,0.0,2.576,23.947,2.561,24.198,2.561,24.365,0.02
1484.4496610164642,0.0,0.0,2.576,23.947,2.561,24.198,2.566,24.276,0.01
1485.0584461688995,0.0,0.0,2.576,23.947,2.556,24.286,2.561,24.365,0.005
1485.6631948947906,0.0,0.0,2.576,23.947,2.556,24.286,2.561,24.365,0.01
1486.2697579860687,0.0,0.0,2.576,23.947,2.556,24.286,2.561,24.365,0.005
1486.8764979839325,0.0,0.0,2.571,24.035,2.556,24.286,2.561,24.365,0.02
1487.4832201004028,0.0,0.0,2.576,23.947,2.556,24.286,2.561,24.365,0.01
1488.089735031128,0.0,0.0,2.576,23.947,2.556,24.286,2.561,24.365,0.005
1488.6965718269348,0.0,0.0,2.576,23.947,2.556,24.286,2.561,24.365,0.01
1489.3033239841461,0.0,0.0,2.576,23.947,2.556,24.286,2.566,24.276,0.005
1489.90993309021,0.0,0.0,2.576,23.947,2.556,24.286,2.561,24.365,0.01
1490.516589164734,0.0,0.0,2.581,23.858,2.556,24.286,2.561,24.365,0.024
1491.1233649253845,0.0,0.0,2.576,23.947,2.556,24.286,2.561,24.365,0.005
1491.7300429344177,0.0,0.0,2.576,23.947,2.556,24.286,2.561,24.365,0.005
1492.3366332054138,0.0,0.0,2.576,23.947,2.556,24.286,2.566,24.276,0.015
1492.9434299468994,0.0,0.0,2.576,23.947,2.556,24.286,2.561,24.365,0.005
1493.5526349544525,0.0,0.0,2.581,23.858,2.556,24.286,2.561,24.365,0.024
1494.1567800045013,0.0,0.0,2.576,23.947,2.556,24.286,2.566,24.276,0.015
1494.7634980678558,0.0,0.0,2.576,23.947,2.556,24.286,2.561,24.365,0.015
1495.3701949119568,0.0,0.0,2.576,23.947,2.556,24.286,2.561,24.365,0.015
1495.9768929481506,0.0,0.0,2.576,23.947,2.556,24.286,2.561,24.365,0.01
1496.5834801197052,0.0,0.0,2.576,23.947,2.561,24.198,2.561,24.365,0.015
1497.1902549266815,0.0,0.0,2.576,23.947,2.556,24.286,2.566,24.276,0.005
1497.7969348430634,0.0,0.0,2.576,23.947,2.556,24.286,2.561,24.365,0.01
1498.4036049842834,0.0,0.0,2.576,23.947,2.556,24.286,2.561,24.365,0.0
1499.010313987732,0.0,0.0,2.576,23.947,2.556,24.286,2.561,24.365,0.005
1499.6170530319214,0.0,0.0,2.576,23.947,2.556,24.286,2.561,24.365,0.005
1500.2237780094147,0.0,0.0,2.576,23.947,2.556,24.286,2.561,24.365,0.005
