Temps (s),Echelon (V),DeltaV (V),Tension_0 (V),Temp_0 (°C),Tension_1 (V),Temp_1 (°C),Tension_2 (V),Temp_2 (°C),Courant (V)
1.6956250667572021,0.161,-0.02,0.0,-1.0,0.0,-1.0,0.0,-1.0,0.0
2.3011679649353027,0.122,0.01,0.0,-1.0,0.0,-1.0,0.0,-1.0,0.0
2.9079430103302,0.137,0.005,0.0,-1.0,0.0,-1.0,0.0,-1.0,0.0
3.514617919921875,0.122,0.005,0.0,-1.0,0.0,-1.0,0.0,-1.0,0.0
5.374459981918335,0.655,0.831,2.41,26.988,2.4,27.153,2.405,27.233,3.485
5.980943918228149,0.684,0.836,2.424,26.717,2.405,27.062,2.41,27.142,3.504
6.587950944900513,0.694,0.855,2.434,26.537,2.424,26.701,2.405,27.233,3.514
7.194725036621094,0.704,0.86,2.444,26.357,2.419,26.791,2.395,27.414,3.519
7.801220893859863,0.714,0.855,2.454,26.177,2.424,26.701,2.38,27.686,3.529
8.407978057861328,0.714,0.875,2.449,26.267,2.439,26.431,2.37,27.867,3.514
9.01468801498413,0.728,0.87,2.458,26.087,2.434,26.521,2.346,28.323,3.514
9.621348857879639,0.714,0.88,2.463,25.998,2.444,26.341,2.322,28.78,3.519
10.228097915649414,0.718,0.899,2.463,25.998,2.434,26.521,2.317,28.871,3.514
10.834748029708862,0.733,0.865,2.458,26.087,2.449,26.251,2.302,29.147,3.519
11.441356897354126,0.733,0.88,2.458,26.087,2.444,26.341,2.278,29.607,3.524
12.048097848892212,0.738,0.87,2.468,25.908,2.449,26.251,2.278,29.607,3.509
12.654743909835815,0.723,0.899,2.458,26.087,2.444,26.341,2.263,29.885,3.519
13.261297941207886,0.738,0.88,2.473,25.818,2.439,26.431,2.253,30.07,3.519
13.868064165115356,0.743,0.885,2.478,25.729,2.439,26.431,2.234,30.441,3.524
14.474764823913574,0.733,0.894,2.473,25.818,2.439,26.431,2.219,30.721,3.519
15.081438064575195,0.733,0.899,2.473,25.818,2.439,26.431,2.209,30.908,3.514
15.688191175460815,0.733,0.89,2.473,25.818,2.434,26.521,2.195,31.189,3.519
16.29486083984375,0.728,0.904,2.473,25.818,2.434,26.521,2.185,31.377,3.514
16.90152883529663,0.728,0.899,2.473,25.818,2.424,26.701,2.17,31.659,3.504
17.508230924606323,0.728,0.909,2.473,25.818,2.424,26.701,2.16,31.848,3.509
18.114887952804565,0.728,0.904,2.473,25.818,2.419,26.791,2.151,32.037,3.514
18.721554040908813,0.728,0.904,2.473,25.818,2.414,26.882,2.136,32.322,3.504
19.32825207710266,0.723,0.909,2.473,25.818,2.41,26.972,2.126,32.512,3.5
19.93492102622986,0.723,0.909,2.473,25.818,2.405,27.062,2.116,32.703,3.5
20.54178285598755,0.723,0.909,2.468,25.908,2.4,27.153,2.107,32.894,3.5
21.148255109786987,0.723,0.909,2.468,25.908,2.4,27.153,2.097,33.085,3.495
21.75491213798523,0.718,0.919,2.468,25.908,2.395,27.243,2.087,33.277,3.5
22.361666917800903,0.714,0.924,2.468,25.908,2.39,27.334,2.077,33.47,3.495
22.96847701072693,0.714,0.919,2.468,25.908,2.385,27.424,2.067,33.663,3.5
23.575168132781982,0.714,0.924,2.463,25.998,2.38,27.515,2.058,33.856,3.495
24.181558847427368,0.714,0.924,2.463,25.998,2.375,27.605,2.053,33.953,3.47
24.788403034210205,0.714,0.924,2.463,25.998,2.37,27.696,2.043,34.147,3.495
25.3951199054718,0.718,0.919,2.463,25.998,2.366,27.787,2.033,34.342,3.49
26.00139880180359,0.718,0.919,2.458,26.087,2.361,27.878,2.028,34.44,3.49
26.608458042144775,0.714,0.919,2.458,26.087,2.356,27.969,2.019,34.635,3.485
27.215135097503662,0.714,0.924,2.458,26.087,2.356,27.969,2.014,34.733,3.49
27.82183313369751,0.709,0.934,2.454,26.177,2.346,28.151,2.004,34.929,3.49
28.428502082824707,0.714,0.929,2.454,26.177,2.346,28.151,1.994,35.126,3.49
29.03523278236389,0.709,0.934,2.449,26.267,2.341,28.242,1.989,35.225,3.48
29.64189386367798,0.709,0.934,2.449,26.267,2.331,28.425,1.984,35.323,3.47
30.24846601486206,0.709,0.929,2.449,26.267,2.331,28.425,1.975,35.521,3.48
30.855217933654785,0.704,0.938,2.444,26.357,2.322,28.608,1.97,35.62,3.48
31.46192693710327,0.709,0.934,2.444,26.357,2.317,28.699,1.965,35.72,3.475
32.068586111068726,0.709,0.934,2.439,26.447,2.312,28.791,1.955,35.919,3.475
32.67527198791504,0.709,0.934,2.439,26.447,2.312,28.791,1.95,36.019,3.48
33.28194284439087,0.709,0.934,2.434,26.537,2.307,28.883,1.945,36.118,3.48
33.888651847839355,0.709,0.934,2.429,26.627,2.297,29.066,1.935,36.319,3.47
34.49536180496216,0.709,0.934,2.429,26.627,2.297,29.066,1.931,36.419,3.475
35.102510929107666,0.704,0.934,2.429,26.627,2.292,29.158,1.926,36.519,3.475
35.70862293243408,0.704,0.943,2.424,26.717,2.287,29.25,1.921,36.62,3.47
36.315276861190796,0.704,0.938,2.424,26.717,2.283,29.342,1.916,36.721,3.47
36.92207598686218,0.704,0.938,2.419,26.807,2.278,29.435,1.906,36.923,3.465
37.528751850128174,0.704,0.938,2.419,26.807,2.273,29.527,1.901,37.024,3.46
38.13544988632202,0.704,0.938,2.414,26.897,2.268,29.619,1.896,37.125,3.465
38.7420220375061,0.704,0.943,2.41,26.988,2.263,29.711,1.891,37.227,3.456
39.34877920150757,0.704,0.938,2.41,26.988,2.258,29.804,1.887,37.329,3.465
39.95548701286316,0.704,0.934,2.41,26.988,2.253,29.897,1.882,37.431,3.46
40.56219696998596,0.699,0.943,2.405,27.078,2.253,29.897,1.877,37.533,3.46
41.16893696784973,0.694,0.948,2.4,27.168,2.243,30.082,1.872,37.635,3.46
41.775578022003174,0.699,0.943,2.395,27.259,2.239,30.175,1.867,37.737,3.46
42.382319927215576,0.699,0.943,2.395,27.259,2.239,30.175,1.862,37.84,3.456
42.98875713348389,0.699,0.943,2.39,27.349,2.234,30.268,1.857,37.943,3.46
43.59556794166565,0.699,0.943,2.385,27.44,2.229,30.361,1.852,38.046,3.451
44.20211601257324,0.699,0.943,2.385,27.44,2.224,30.454,1.848,38.149,3.465
44.808759927749634,0.694,0.948,2.38,27.531,2.219,30.547,1.843,38.252,3.456
45.415371894836426,0.694,0.948,2.375,27.621,2.214,30.64,1.843,38.252,3.456
46.02191185951233,0.694,0.953,2.375,27.621,2.209,30.734,1.833,38.459,3.451
46.628811836242676,0.689,0.958,2.37,27.712,2.204,30.827,1.833,38.459,3.451
47.23556685447693,0.684,0.958,2.366,27.803,2.199,30.921,1.828,38.563,3.451
47.84205198287964,0.694,0.948,2.366,27.803,2.199,30.921,1.818,38.771,3.446
48.448894023895264,0.689,0.953,2.361,27.894,2.195,31.014,1.818,38.771,3.446
49.05548405647278,0.689,0.953,2.356,27.985,2.19,31.108,1.813,38.875,3.441
49.6622359752655,0.689,0.943,2.356,27.985,2.185,31.202,1.808,38.979,3.451
50.268768072128296,0.689,0.953,2.351,28.076,2.18,31.296,1.804,39.084,3.441
50.87558197975159,0.684,0.958,2.346,28.167,2.175,31.39,1.799,39.189,3.446
51.48228693008423,0.689,0.938,2.346,28.167,2.17,31.484,1.794,39.294,3.441
52.08896279335022,0.689,0.953,2.341,28.258,2.165,31.578,1.789,39.399,3.441
52.695605754852295,0.684,0.958,2.336,28.349,2.165,31.578,1.784,39.505,3.436
53.30230212211609,0.684,0.963,2.336,28.349,2.16,31.673,1.779,39.61,3.436
53.90906596183777,0.679,0.963,2.331,28.441,2.155,31.767,1.774,39.716,3.441
54.5155291557312,0.684,0.953,2.322,28.624,2.151,31.862,1.769,39.822,3.436
55.12226605415344,0.674,0.968,2.322,28.624,2.146,31.957,1.769,39.822,3.436
55.729048013687134,0.684,0.953,2.322,28.624,2.146,31.957,1.764,39.928,3.436
56.335608959198,0.674,0.968,2.317,28.715,2.136,32.146,1.76,40.035,3.441
56.942394971847534,0.684,0.948,2.317,28.715,2.136,32.146,1.76,40.035,3.436
57.54907989501953,0.679,0.963,2.312,28.807,2.131,32.241,1.755,40.141,3.431
58.15575313568115,0.674,0.968,2.307,28.899,2.126,32.336,1.75,40.248,3.436
58.76231002807617,0.679,0.963,2.302,28.99,2.121,32.431,1.75,40.248,3.436
59.369144916534424,0.679,0.963,2.302,28.99,2.121,32.431,1.745,40.355,3.436
59.975799798965454,0.679,0.963,2.297,29.082,2.116,32.527,1.74,40.462,3.431
60.58233690261841,0.679,0.963,2.292,29.174,2.111,32.622,1.74,40.462,3.436
61.18896698951721,0.674,0.968,2.292,29.174,2.111,32.622,1.735,40.57,3.431
61.79569697380066,0.674,0.958,2.287,29.266,2.107,32.718,1.73,40.677,3.431
62.40262198448181,0.679,0.963,2.283,29.358,2.102,32.813,1.725,40.785,3.436
63.00910305976868,0.674,0.973,2.283,29.358,2.097,32.909,1.72,40.893,3.436
63.61591410636902,0.679,0.963,2.278,29.45,2.092,33.005,1.72,40.893,3.431
64.22265291213989,0.674,0.958,2.273,29.543,2.092,33.005,1.72,40.893,3.431
64.82929396629333,0.674,0.973,2.273,29.543,2.087,33.101,1.716,41.001,3.431
65.43598508834839,0.679,0.968,2.268,29.635,2.082,33.197,1.711,41.11,3.426
66.04251885414124,0.674,0.968,2.263,29.727,2.082,33.197,1.706,41.218,3.431
66.6493239402771,0.679,0.968,2.263,29.727,2.077,33.293,1.706,41.218,3.426
67.2560510635376,0.674,0.973,2.258,29.82,2.077,33.293,1.701,41.327,3.436
67.86253094673157,0.674,0.973,2.258,29.82,2.072,33.39,1.701,41.327,3.431
68.46927905082703,0.674,0.973,2.253,29.913,2.067,33.486,1.696,41.436,3.431
69.07610988616943,0.679,0.968,2.248,30.005,2.063,33.583,1.691,41.546,3.426
69.68276309967041,0.674,0.973,2.248,30.005,2.058,33.679,1.691,41.546,3.426
70.28943395614624,0.674,0.973,2.243,30.098,2.058,33.679,1.686,41.655,3.426
70.89610505104065,0.674,0.973,2.239,30.191,2.053,33.776,1.686,41.655,3.431
71.5028030872345,0.674,0.963,2.239,30.191,2.053,33.776,1.686,41.655,3.426
72.10959815979004,0.674,0.978,2.234,30.284,2.048,33.873,1.681,41.765,3.426
72.71612501144409,0.674,0.978,2.234,30.284,2.043,33.97,1.676,41.875,3.431
73.32288193702698,0.674,0.987,2.229,30.377,2.043,33.97,1.676,41.875,3.421
73.92959594726562,0.679,0.973,2.229,30.377,2.038,34.067,1.672,41.985,3.426
74.53622579574585,0.679,0.973,2.224,30.47,2.038,34.067,1.672,41.985,3.426
75.14269399642944,0.679,0.973,2.219,30.563,2.033,34.165,1.667,42.096,3.431
75.7496018409729,0.679,0.978,2.219,30.563,2.028,34.262,1.662,42.206,3.426
76.35626792907715,0.679,0.973,2.214,30.656,2.028,34.262,1.662,42.206,3.426
76.96290111541748,0.674,0.982,2.209,30.75,2.023,34.36,1.657,42.317,3.426
77.5696530342102,0.679,0.978,2.209,30.75,2.019,34.457,1.657,42.317,3.426
78.17636108398438,0.679,0.978,2.204,30.843,2.014,34.555,1.652,42.428,3.426
78.78297090530396,0.679,0.982,2.204,30.843,2.014,34.555,1.652,42.428,3.431
79.38968396186829,0.679,0.987,2.199,30.937,2.014,34.555,1.652,42.428,3.426
79.9963788986206,0.674,0.987,2.195,31.031,2.009,34.653,1.647,42.54,3.431
80.60283493995667,0.679,0.987,2.195,31.031,2.004,34.751,1.647,42.54,3.426
81.20982193946838,0.684,0.982,2.19,31.124,2.004,34.751,1.642,42.651,3.426
81.81641292572021,0.684,0.982,2.19,31.124,1.999,34.849,1.642,42.651,3.426
82.42313194274902,0.679,0.978,2.185,31.218,1.999,34.849,1.637,42.763,3.431
83.02979803085327,0.684,0.982,2.185,31.218,1.994,34.948,1.637,42.763,3.431
83.63649106025696,0.679,0.978,2.18,31.312,1.989,35.046,1.632,42.875,3.426
84.24316811561584,0.684,0.987,2.175,31.406,1.989,35.046,1.632,42.875,3.431
84.84980797767639,0.684,0.987,2.175,31.406,1.989,35.046,1.628,42.988,3.426
85.45654201507568,0.674,0.997,2.17,31.5,1.984,35.145,1.628,42.988,3.436
86.06302499771118,0.684,0.982,2.17,31.5,1.979,35.244,1.623,43.1,3.426
86.66986608505249,0.684,0.992,2.165,31.595,1.975,35.343,1.623,43.1,3.421
87.27658295631409,0.684,0.987,2.16,31.689,1.975,35.343,1.618,43.213,3.426
87.88320899009705,0.679,0.997,2.16,31.689,1.97,35.442,1.618,43.213,3.431
88.48994398117065,0.684,0.982,2.155,31.783,1.97,35.442,1.613,43.326,3.431
89.09662508964539,0.684,0.982,2.151,31.878,1.965,35.541,1.613,43.326,3.431
89.7032961845398,0.679,0.997,2.151,31.878,1.965,35.541,1.608,43.439,3.431
90.31003189086914,0.684,0.992,2.146,31.973,1.96,35.64,1.608,43.439,3.426
90.91666173934937,0.684,0.992,2.146,31.973,1.955,35.74,1.608,43.439,3.426
91.52333188056946,0.689,0.987,2.141,32.067,1.955,35.74,1.603,43.553,3.421
92.13001608848572,0.679,0.997,2.136,32.162,1.95,35.839,1.603,43.553,3.426
92.73650598526001,0.689,0.987,2.136,32.162,1.95,35.839,1.598,43.667,3.426
93.34335398674011,0.684,0.992,2.131,32.257,1.945,35.939,1.598,43.667,3.426
93.94986987113953,0.689,0.987,2.131,32.257,1.945,35.939,1.593,43.781,3.416
94.55676293373108,0.684,0.992,2.126,32.352,1.94,36.039,1.593,43.781,3.416
95.16340494155884,0.684,0.992,2.121,32.448,1.935,36.139,1.588,43.895,3.426
95.770094871521,0.689,0.992,2.121,32.448,1.931,36.239,1.588,43.895,3.426
96.37668204307556,0.689,0.992,2.116,32.543,1.931,36.239,1.584,44.01,3.421
96.98326683044434,0.684,0.997,2.111,32.638,1.926,36.34,1.584,44.01,3.421
97.58997011184692,0.684,0.997,2.111,32.638,1.926,36.34,1.584,44.01,3.416
98.19690704345703,0.684,0.997,2.107,32.734,1.921,36.44,1.579,44.125,3.421
98.8034610748291,0.684,0.997,2.102,32.83,1.916,36.541,1.579,44.125,3.416
99.41008496284485,0.684,1.002,2.102,32.83,1.916,36.541,1.574,44.24,3.416
100.01690721511841,0.684,1.002,2.097,32.925,1.911,36.642,1.574,44.24,3.426
100.6233959197998,0.684,1.002,2.097,32.925,1.906,36.743,1.569,44.355,3.416
101.23010802268982,0.684,1.002,2.092,33.021,1.906,36.743,1.569,44.355,3.416
101.83680176734924,0.684,1.002,2.092,33.021,1.901,36.844,1.564,44.471,3.416
102.44359683990479,0.684,1.002,2.087,33.117,1.901,36.844,1.564,44.471,3.416
103.05011892318726,0.689,0.997,2.082,33.213,1.896,36.945,1.564,44.471,3.416
103.6567759513855,0.684,1.002,2.082,33.213,1.896,36.945,1.559,44.587,3.412
104.26355695724487,0.684,0.997,2.077,33.309,1.891,37.047,1.554,44.703,3.412
104.87015581130981,0.679,1.007,2.072,33.406,1.887,37.148,1.554,44.703,3.416
105.47690391540527,0.679,1.007,2.072,33.406,1.887,37.148,1.549,44.82,3.412
106.08328199386597,0.684,1.002,2.067,33.502,1.887,37.148,1.549,44.82,3.421
106.69021701812744,0.679,1.012,2.067,33.502,1.882,37.25,1.549,44.82,3.416
107.29695701599121,0.684,0.992,2.063,33.599,1.877,37.352,1.544,44.936,3.421
107.90359401702881,0.684,1.002,2.058,33.696,1.872,37.454,1.544,44.936,3.412
108.51030492782593,0.684,1.002,2.058,33.696,1.872,37.454,1.54,45.053,3.407
109.11697292327881,0.684,0.997,2.053,33.792,1.867,37.556,1.54,45.053,3.412
109.72365713119507,0.679,1.007,2.053,33.792,1.867,37.556,1.54,45.053,3.412
110.33034992218018,0.684,1.002,2.048,33.889,1.862,37.659,1.535,45.171,3.412
110.93698120117188,0.684,1.002,2.048,33.889,1.862,37.659,1.54,45.053,3.412
111.5436999797821,0.684,1.007,2.043,33.986,1.857,37.762,1.535,45.171,3.412
112.15044212341309,0.684,1.007,2.043,33.986,1.857,37.762,1.53,45.288,3.412
112.75703310966492,0.684,1.002,2.038,34.084,1.852,37.864,1.53,45.288,3.412
113.36376404762268,0.684,1.007,2.033,34.181,1.852,37.864,1.53,45.288,3.407
113.9704520702362,0.684,1.002,2.033,34.181,1.848,37.967,1.525,45.406,3.407
114.57708096504211,0.684,1.002,2.028,34.278,1.848,37.967,1.525,45.406,3.407
115.18381595611572,0.684,1.007,2.028,34.278,1.843,38.07,1.52,45.525,3.407
115.79057121276855,0.684,1.007,2.023,34.376,1.838,38.174,1.52,45.525,3.407
116.39713501930237,0.674,1.012,2.019,34.474,1.838,38.174,1.52,45.525,3.412
117.00382494926453,0.679,1.002,2.014,34.572,1.833,38.277,1.515,45.643,3.402
117.6105580329895,0.679,0.997,2.014,34.572,1.833,38.277,1.515,45.643,3.412
118.21725916862488,0.674,1.017,2.009,34.669,1.828,38.381,1.515,45.643,3.402
118.82395887374878,0.684,1.002,2.009,34.669,1.828,38.381,1.51,45.762,3.397
119.4306321144104,0.679,1.007,2.004,34.768,1.828,38.381,1.505,45.881,3.397
120.03728008270264,0.679,1.007,2.004,34.768,1.823,38.485,1.505,45.881,3.397
120.64386200904846,0.679,1.007,1.999,34.866,1.818,38.589,1.505,45.881,3.402
121.25060391426086,0.679,1.007,1.999,34.866,1.818,38.589,1.505,45.881,3.412
121.85732388496399,0.674,1.012,1.994,34.964,1.818,38.589,1.5,46.0,3.402
122.46401000022888,0.674,1.017,1.994,34.964,1.813,38.693,1.5,46.0,3.426
123.07071709632874,0.67,1.017,1.994,34.964,1.813,38.693,1.5,46.0,3.402
123.67740392684937,0.674,1.012,1.989,35.063,1.808,38.797,1.496,46.12,3.407
124.28405785560608,0.674,1.017,1.984,35.161,1.808,38.797,1.496,46.12,3.402
124.89068102836609,0.674,1.007,1.984,35.161,1.808,38.797,1.491,46.24,3.402
125.49738597869873,0.674,1.007,1.979,35.26,1.804,38.902,1.491,46.24,3.402
126.10391092300415,0.679,1.007,1.975,35.359,1.804,38.902,1.491,46.24,3.402
126.71081495285034,0.679,1.012,1.975,35.359,1.799,39.007,1.486,46.36,3.402
127.31755185127258,0.679,1.012,1.975,35.359,1.799,39.007,1.486,46.36,3.407
127.92416501045227,0.679,1.012,1.975,35.359,1.794,39.112,1.486,46.36,3.402
128.53086185455322,0.67,1.022,1.97,35.458,1.794,39.112,1.486,46.36,3.402
129.13751888275146,0.679,1.012,1.97,35.458,1.789,39.217,1.481,46.481,3.402
129.7441759109497,0.679,1.012,1.965,35.557,1.789,39.217,1.481,46.481,3.397
130.35090708732605,0.679,1.017,1.96,35.657,1.789,39.217,1.476,46.602,3.407
130.9575572013855,0.679,1.012,1.96,35.657,1.784,39.322,1.476,46.602,3.402
131.5642158985138,0.679,1.017,1.955,35.756,1.784,39.322,1.476,46.602,3.407
132.17090797424316,0.679,1.017,1.955,35.756,1.784,39.322,1.476,46.602,3.407
132.77759504318237,0.674,1.007,1.955,35.756,1.779,39.427,1.471,46.723,3.397
133.3843789100647,0.679,1.012,1.955,35.756,1.779,39.427,1.466,46.844,3.397
133.99104499816895,0.679,1.017,1.955,35.756,1.779,39.427,1.466,46.844,3.397
134.5976541042328,0.674,1.017,1.955,35.756,1.774,39.533,1.461,46.966,3.392
135.20436692237854,0.679,1.012,1.95,35.856,1.774,39.533,1.461,46.966,3.397
135.81102299690247,0.674,1.017,1.95,35.856,1.774,39.533,1.461,46.966,3.397
136.41774201393127,0.674,1.007,1.945,35.956,1.774,39.533,1.457,47.088,3.402
137.0244119167328,0.674,1.017,1.945,35.956,1.769,39.639,1.457,47.088,3.392
137.63107013702393,0.674,1.007,1.945,35.956,1.769,39.639,1.457,47.088,3.392
138.237774848938,0.674,1.017,1.94,36.056,1.764,39.745,1.457,47.088,3.392
138.8444480895996,0.665,1.026,1.94,36.056,1.764,39.745,1.452,47.211,3.402
139.45116996765137,0.674,1.017,1.935,36.156,1.764,39.745,1.452,47.211,3.387
140.05788493156433,0.674,1.017,1.935,36.156,1.76,39.851,1.447,47.334,3.392
140.6645109653473,0.674,1.017,1.931,36.256,1.755,39.958,1.447,47.334,3.392
141.2711341381073,0.674,1.017,1.931,36.256,1.755,39.958,1.447,47.334,3.392
141.87786293029785,0.674,1.012,1.926,36.356,1.755,39.958,1.447,47.334,3.397
142.48457503318787,0.674,1.022,1.926,36.356,1.75,40.065,1.442,47.457,3.387
143.0912480354309,0.67,1.022,1.926,36.356,1.75,40.065,1.442,47.457,3.387
143.69788599014282,0.674,1.017,1.921,36.457,1.745,40.171,1.442,47.457,3.392
144.30456686019897,0.67,1.026,1.921,36.457,1.745,40.171,1.442,47.457,3.392
144.91140007972717,0.67,1.022,1.921,36.457,1.74,40.279,1.442,47.457,3.382
145.51794600486755,0.67,1.022,1.916,36.558,1.74,40.279,1.437,47.58,3.397
146.12457990646362,0.665,1.026,1.916,36.558,1.74,40.279,1.437,47.58,3.387
146.7313151359558,0.67,1.022,1.911,36.658,1.735,40.386,1.432,47.704,3.382
147.33797597885132,0.674,1.017,1.911,36.658,1.735,40.386,1.432,47.704,3.387
147.94467496871948,0.67,1.026,1.906,36.759,1.73,40.493,1.432,47.704,3.392
148.55137014389038,0.674,1.022,1.901,36.861,1.73,40.493,1.432,47.704,3.387
149.15806198120117,0.674,1.022,1.901,36.861,1.73,40.493,1.427,47.828,3.387
149.76469492912292,0.674,1.017,1.896,36.962,1.725,40.601,1.427,47.828,3.387
150.37143301963806,0.674,1.017,1.896,36.962,1.725,40.601,1.427,47.828,3.387
150.97811007499695,0.674,1.012,1.891,37.063,1.72,40.709,1.427,47.828,3.392
151.58478999137878,0.67,1.026,1.891,37.063,1.72,40.709,1.422,47.953,3.392
152.19148206710815,0.674,1.017,1.891,37.063,1.716,40.817,1.422,47.953,3.387
152.7981939315796,0.67,1.026,1.891,37.063,1.716,40.817,1.422,47.953,3.387
153.40486478805542,0.665,1.031,1.887,37.165,1.716,40.817,1.422,47.953,3.392
154.01150488853455,0.674,1.012,1.887,37.165,1.716,40.817,1.422,47.953,3.387
154.6181879043579,0.67,1.026,1.887,37.165,1.711,40.925,1.422,47.953,3.387
155.22506618499756,0.67,1.026,1.882,37.267,1.711,40.925,1.417,48.078,3.387
155.83153700828552,0.67,1.026,1.882,37.267,1.711,40.925,1.417,48.078,3.387
156.43828797340393,0.674,1.012,1.877,37.369,1.706,41.034,1.417,48.078,3.387
157.04483294487,0.67,1.026,1.877,37.369,1.706,41.034,1.413,48.203,3.382
157.65161800384521,0.67,1.026,1.877,37.369,1.706,41.034,1.413,48.203,3.392
158.25836491584778,0.67,1.056,1.872,37.471,1.701,41.143,1.413,48.203,3.382
158.86497497558594,0.67,1.031,1.872,37.471,1.701,41.143,1.408,48.329,3.382
159.47169399261475,0.665,1.031,1.872,37.471,1.701,41.143,1.408,48.329,3.387
160.07835507392883,0.674,1.017,1.872,37.471,1.696,41.252,1.408,48.329,3.387
160.6849889755249,0.67,1.031,1.872,37.471,1.696,41.252,1.408,48.329,3.377
161.29179096221924,0.67,1.017,1.867,37.573,1.696,41.252,1.408,48.329,3.382
161.89835786819458,0.67,1.026,1.867,37.573,1.691,41.361,1.403,48.454,3.382
162.50507497787476,0.67,1.026,1.867,37.573,1.691,41.361,1.403,48.454,3.382
163.11159682273865,0.67,1.026,1.862,37.676,1.691,41.361,1.398,48.581,3.382
163.7183129787445,0.67,1.026,1.862,37.676,1.686,41.47,1.398,48.581,3.377
164.32495188713074,0.67,1.026,1.862,37.676,1.686,41.47,1.393,48.707,3.377
164.93178296089172,0.67,1.017,1.857,37.778,1.686,41.47,1.393,48.707,3.382
165.538498878479,0.674,1.022,1.857,37.778,1.686,41.47,1.393,48.707,3.377
166.144779920578,0.67,1.022,1.857,37.778,1.681,41.58,1.393,48.707,3.382
166.75184798240662,0.665,1.031,1.852,37.881,1.681,41.58,1.388,48.834,3.382
167.3584270477295,0.67,1.026,1.852,37.881,1.681,41.58,1.388,48.834,3.387
167.96517896652222,0.665,1.031,1.852,37.881,1.676,41.69,1.388,48.834,3.377
168.5717010498047,0.674,1.022,1.848,37.984,1.676,41.69,1.388,48.834,3.387
169.17844104766846,0.67,1.031,1.848,37.984,1.672,41.8,1.388,48.834,3.382
169.78509187698364,0.674,1.017,1.843,38.087,1.672,41.8,1.383,48.962,3.382
170.39193606376648,0.67,1.026,1.843,38.087,1.667,41.91,1.383,48.962,3.377
170.99845004081726,0.67,1.031,1.838,38.19,1.667,41.91,1.383,48.962,3.387
171.60516214370728,0.67,1.031,1.838,38.19,1.667,41.91,1.383,48.962,3.377
172.21189212799072,0.67,1.031,1.833,38.294,1.662,42.021,1.383,48.962,3.387
172.81850409507751,0.67,1.022,1.833,38.294,1.662,42.021,1.378,49.089,3.387
173.42530584335327,0.67,1.031,1.828,38.398,1.657,42.132,1.378,49.089,3.387
174.03184294700623,0.665,1.036,1.828,38.398,1.657,42.132,1.378,49.089,3.382
174.63849997520447,0.67,1.031,1.823,38.501,1.657,42.132,1.378,49.089,3.377
175.24528002738953,0.67,1.031,1.823,38.501,1.657,42.132,1.373,49.217,3.387
175.85192894935608,0.67,1.031,1.823,38.501,1.652,42.243,1.373,49.217,3.382
176.4583809375763,0.67,1.031,1.818,38.605,1.652,42.243,1.373,49.217,3.382
177.06526803970337,0.67,1.026,1.818,38.605,1.652,42.243,1.369,49.346,3.377
177.67195892333984,0.67,1.022,1.818,38.605,1.647,42.354,1.369,49.346,3.382
178.27866792678833,0.67,1.036,1.813,38.71,1.647,42.354,1.369,49.346,3.382
178.88533806800842,0.665,1.036,1.813,38.71,1.647,42.354,1.369,49.346,3.387
179.4920790195465,0.67,1.036,1.813,38.71,1.642,42.465,1.369,49.346,3.372
180.09865617752075,0.67,1.031,1.813,38.71,1.642,42.465,1.364,49.475,3.382
180.70534682273865,0.674,1.031,1.808,38.814,1.642,42.465,1.364,49.475,3.377
181.3120059967041,0.665,1.036,1.808,38.814,1.642,42.465,1.364,49.475,3.387
181.91872000694275,0.67,1.036,1.808,38.814,1.637,42.577,1.359,49.604,3.382
182.52553510665894,0.67,1.031,1.804,38.919,1.637,42.577,1.359,49.604,3.382
183.13206005096436,0.66,1.041,1.804,38.919,1.632,42.689,1.359,49.604,3.382
183.73874187469482,0.665,1.041,1.799,39.023,1.632,42.689,1.359,49.604,3.382
184.3454349040985,0.67,1.022,1.799,39.023,1.632,42.689,1.359,49.604,3.377
184.9521129131317,0.66,1.041,1.799,39.023,1.628,42.801,1.354,49.733,3.382
185.5589029788971,0.665,1.041,1.794,39.128,1.628,42.801,1.354,49.733,3.377
186.16535997390747,0.67,1.031,1.794,39.128,1.628,42.801,1.354,49.733,3.377
186.77220106124878,0.67,1.026,1.794,39.128,1.623,42.914,1.349,49.863,3.372
187.37890100479126,0.67,1.036,1.789,39.234,1.623,42.914,1.349,49.863,3.377
187.98555207252502,0.665,1.036,1.789,39.234,1.623,42.914,1.349,49.863,3.387
188.5923249721527,0.66,1.046,1.784,39.339,1.618,43.027,1.349,49.863,3.382
189.19888281822205,0.665,1.036,1.784,39.339,1.618,43.027,1.349,49.863,3.382
189.8056321144104,0.665,1.041,1.779,39.444,1.618,43.027,1.349,49.863,3.377
190.4123191833496,0.665,1.041,1.779,39.444,1.618,43.027,1.349,49.863,3.382
191.01897406578064,0.665,1.041,1.779,39.444,1.613,43.139,1.349,49.863,3.382
191.62573409080505,0.665,1.041,1.774,39.55,1.613,43.139,1.344,49.994,3.372
192.23228883743286,0.665,1.041,1.774,39.55,1.608,43.253,1.344,49.994,3.377
192.83904004096985,0.665,1.041,1.769,39.656,1.608,43.253,1.344,49.994,3.372
193.44576501846313,0.67,1.026,1.769,39.656,1.608,43.253,1.344,49.994,3.382
194.05243492126465,0.665,1.041,1.769,39.656,1.608,43.253,1.344,49.994,3.387
194.65909099578857,0.66,1.046,1.764,39.762,1.603,43.366,1.344,49.994,3.372
195.26580095291138,0.665,1.041,1.764,39.762,1.603,43.366,1.344,49.994,3.382
195.87250399589539,0.665,1.041,1.764,39.762,1.603,43.366,1.339,50.124,3.377
196.47916197776794,0.67,1.026,1.764,39.762,1.603,43.366,1.339,50.124,3.377
197.08584785461426,0.665,1.046,1.764,39.762,1.603,43.366,1.339,50.124,3.372
197.6925299167633,0.67,1.041,1.764,39.762,1.603,43.366,1.339,50.124,3.377
198.2992148399353,0.67,1.026,1.764,39.762,1.598,43.48,1.339,50.124,3.382
198.90587186813354,0.665,1.041,1.764,39.762,1.598,43.48,1.339,50.124,3.382
199.5125699043274,0.665,1.041,1.764,39.762,1.598,43.48,1.334,50.256,3.382
200.11927580833435,0.665,1.046,1.76,39.868,1.593,43.594,1.334,50.256,3.372
200.72597479820251,0.66,1.046,1.76,39.868,1.593,43.594,1.334,50.256,3.382
201.3326759338379,0.665,1.046,1.76,39.868,1.593,43.594,1.329,50.387,3.377
201.93938398361206,0.665,1.041,1.755,39.975,1.588,43.708,1.329,50.387,3.372
202.5459280014038,0.665,1.046,1.755,39.975,1.588,43.708,1.329,50.387,3.377
203.1526517868042,0.665,1.041,1.755,39.975,1.588,43.708,1.329,50.387,3.372
203.75933504104614,0.665,1.046,1.75,40.082,1.588,43.708,1.329,50.387,3.377
204.36607694625854,0.665,1.041,1.75,40.082,1.588,43.708,1.329,50.387,3.372
204.97271418571472,0.66,1.046,1.75,40.082,1.584,43.823,1.329,50.387,3.377
205.57937693595886,0.665,1.036,1.75,40.082,1.584,43.823,1.325,50.519,3.377
206.1858630180359,0.66,1.051,1.75,40.082,1.584,43.823,1.329,50.387,3.372
206.79267597198486,0.665,1.036,1.745,40.188,1.584,43.823,1.325,50.519,3.377
207.39946293830872,0.665,1.046,1.745,40.188,1.579,43.937,1.32,50.651,3.368
208.00617694854736,0.665,1.046,1.745,40.188,1.579,43.937,1.32,50.651,3.377
208.61280393600464,0.665,1.031,1.74,40.296,1.579,43.937,1.32,50.651,3.372
209.21948981285095,0.665,1.046,1.74,40.296,1.574,44.052,1.32,50.651,3.377
209.82616209983826,0.66,1.051,1.74,40.296,1.574,44.052,1.32,50.651,3.377
210.43287110328674,0.665,1.041,1.74,40.296,1.574,44.052,1.315,50.784,3.372
211.03952598571777,0.665,1.036,1.735,40.403,1.574,44.052,1.315,50.784,3.372
211.64618515968323,0.665,1.036,1.735,40.403,1.569,44.168,1.315,50.784,3.377
212.2529170513153,0.665,1.046,1.735,40.403,1.574,44.052,1.315,50.784,3.372
212.85978198051453,0.665,1.046,1.735,40.403,1.574,44.052,1.31,50.917,3.372
213.4662380218506,0.665,1.046,1.735,40.403,1.569,44.168,1.31,50.917,3.377
214.0729591846466,0.66,1.051,1.735,40.403,1.569,44.168,1.31,50.917,3.372
214.67963290214539,0.665,1.046,1.735,40.403,1.569,44.168,1.305,51.051,3.372
215.2862799167633,0.665,1.046,1.735,40.403,1.569,44.168,1.305,51.051,3.372
215.89301204681396,0.665,1.046,1.73,40.51,1.569,44.168,1.305,51.051,3.372
216.49963092803955,0.665,1.046,1.73,40.51,1.569,44.168,1.3,51.185,3.368
217.10636806488037,0.665,1.046,1.73,40.51,1.564,44.283,1.3,51.185,3.368
217.7130970954895,0.665,1.046,1.73,40.51,1.564,44.283,1.3,51.185,3.368
218.3197000026703,0.665,1.046,1.73,40.51,1.564,44.283,1.3,51.185,3.372
218.92640709877014,0.665,1.051,1.73,40.51,1.564,44.283,1.3,51.185,3.372
219.53323197364807,0.665,1.041,1.73,40.51,1.564,44.283,1.3,51.185,3.363
220.1397740840912,0.665,1.046,1.725,40.618,1.559,44.399,1.3,51.185,3.372
220.7464599609375,0.655,1.061,1.725,40.618,1.559,44.399,1.295,51.319,3.372
221.3530788421631,0.665,1.036,1.725,40.618,1.559,44.399,1.295,51.319,3.368
221.95977210998535,0.665,1.046,1.72,40.726,1.559,44.399,1.295,51.319,3.368
222.56649684906006,0.66,1.056,1.72,40.726,1.554,44.515,1.29,51.454,3.372
223.1731870174408,0.665,1.041,1.72,40.726,1.559,44.399,1.29,51.454,3.368
223.77984809875488,0.66,1.051,1.716,40.834,1.554,44.515,1.29,51.454,3.368
224.38645696640015,0.66,1.051,1.716,40.834,1.554,44.515,1.29,51.454,3.377
224.99323892593384,0.665,1.046,1.716,40.834,1.554,44.515,1.285,51.59,3.372
225.5999948978424,0.66,1.051,1.716,40.834,1.554,44.515,1.285,51.59,3.368
226.20646214485168,0.665,1.046,1.716,40.834,1.554,44.515,1.285,51.59,3.368
226.8132288455963,0.66,1.051,1.711,40.942,1.554,44.515,1.285,51.59,3.368
227.41998195648193,0.665,1.046,1.711,40.942,1.554,44.515,1.285,51.59,3.368
228.02665400505066,0.66,1.046,1.711,40.942,1.549,44.631,1.285,51.59,3.368
228.63337993621826,0.665,1.046,1.711,40.942,1.549,44.631,1.285,51.59,3.368
229.24006414413452,0.66,1.051,1.711,40.942,1.549,44.631,1.285,51.59,3.368
229.84670495986938,0.66,1.051,1.711,40.942,1.544,44.748,1.285,51.59,3.368
230.45339512825012,0.665,1.041,1.706,41.051,1.544,44.748,1.285,51.59,3.372
231.06005477905273,0.655,1.061,1.706,41.051,1.544,44.748,1.285,51.59,3.368
231.66672897338867,0.66,1.051,1.706,41.051,1.544,44.748,1.285,51.59,3.363
232.27348685264587,0.66,1.051,1.706,41.051,1.544,44.748,1.285,51.59,3.372
232.88003492355347,0.66,1.051,1.701,41.16,1.54,44.865,1.285,51.59,3.368
233.48677396774292,0.66,1.056,1.706,41.051,1.54,44.865,1.281,51.725,3.368
234.09344387054443,0.66,1.041,1.701,41.16,1.54,44.865,1.281,51.725,3.372
234.69995403289795,0.66,1.051,1.701,41.16,1.54,44.865,1.281,51.725,3.372
235.30671095848083,0.655,1.056,1.701,41.16,1.54,44.865,1.281,51.725,3.363
235.91350197792053,0.66,1.051,1.701,41.16,1.54,44.865,1.281,51.725,3.368
236.51997804641724,0.66,1.051,1.696,41.269,1.535,44.982,1.281,51.725,3.368
237.12669396400452,0.66,1.051,1.696,41.269,1.535,44.982,1.281,51.725,3.372
237.73349690437317,0.655,1.056,1.696,41.269,1.535,44.982,1.281,51.725,3.368
238.34011697769165,0.66,1.041,1.696,41.269,1.535,44.982,1.281,51.725,3.368
238.94685697555542,0.66,1.051,1.696,41.269,1.53,45.1,1.281,51.725,3.372
239.55344486236572,0.655,1.056,1.691,41.378,1.53,45.1,1.281,51.725,3.358
240.1601209640503,0.655,1.051,1.691,41.378,1.525,45.218,1.276,51.862,3.363
240.76680517196655,0.66,1.051,1.691,41.378,1.53,45.1,1.281,51.725,3.368
241.37359499931335,0.655,1.056,1.691,41.378,1.525,45.218,1.276,51.862,3.363
242.00039410591125,0.66,1.051,1.686,41.487,1.525,45.218,1.276,51.862,3.368
242.58674907684326,0.655,1.056,1.686,41.487,1.525,45.218,1.276,51.862,3.358
243.1934859752655,0.66,1.051,1.686,41.487,1.525,45.218,1.281,51.725,3.368
243.80017805099487,0.65,1.061,1.686,41.487,1.52,45.336,1.276,51.862,3.368
244.40692806243896,0.655,1.056,1.686,41.487,1.52,45.336,1.276,51.862,3.368
245.01361894607544,0.65,1.061,1.686,41.487,1.52,45.336,1.276,51.862,3.368
245.62023520469666,0.655,1.056,1.686,41.487,1.525,45.218,1.276,51.862,3.372
246.2268030643463,0.65,1.065,1.681,41.597,1.52,45.336,1.271,51.998,3.363
246.83363795280457,0.655,1.056,1.681,41.597,1.52,45.336,1.271,51.998,3.363
247.4403738975525,0.655,1.051,1.681,41.597,1.52,45.336,1.271,51.998,3.368
248.04699397087097,0.65,1.061,1.681,41.597,1.52,45.336,1.266,52.135,3.368
248.65380382537842,0.655,1.051,1.676,41.707,1.52,45.336,1.266,52.135,3.363
249.26040410995483,0.65,1.061,1.676,41.707,1.52,45.336,1.266,52.135,3.363
249.86703395843506,0.655,1.051,1.676,41.707,1.515,45.454,1.266,52.135,3.363
250.47381901741028,0.655,1.056,1.676,41.707,1.515,45.454,1.266,52.135,3.363
251.08039689064026,0.655,1.051,1.672,41.817,1.515,45.454,1.266,52.135,3.363
251.68705487251282,0.655,1.056,1.672,41.817,1.515,45.454,1.266,52.135,3.363
252.29377102851868,0.655,1.051,1.672,41.817,1.515,45.454,1.261,52.273,3.363
252.9004487991333,0.655,1.046,1.672,41.817,1.515,45.454,1.261,52.273,3.358
253.50726199150085,0.655,1.056,1.672,41.817,1.515,45.454,1.261,52.273,3.353
254.11382699012756,0.655,1.051,1.667,41.927,1.515,45.454,1.261,52.273,3.363
254.72046899795532,0.65,1.056,1.667,41.927,1.51,45.573,1.261,52.273,3.363
255.32714200019836,0.65,1.061,1.667,41.927,1.51,45.573,1.261,52.273,3.358
255.93387293815613,0.655,1.051,1.667,41.927,1.51,45.573,1.261,52.273,3.363
256.5406150817871,0.65,1.051,1.667,41.927,1.51,45.573,1.256,52.411,3.358
257.14722204208374,0.645,1.065,1.667,41.927,1.505,45.692,1.256,52.411,3.358
257.75391912460327,0.655,1.051,1.662,42.038,1.505,45.692,1.251,52.549,3.363
258.360631942749,0.65,1.056,1.662,42.038,1.505,45.692,1.251,52.549,3.358
258.9673070907593,0.65,1.061,1.662,42.038,1.505,45.692,1.251,52.549,3.358
259.5739769935608,0.655,1.051,1.662,42.038,1.5,45.811,1.251,52.549,3.363
260.18059396743774,0.65,1.051,1.662,42.038,1.5,45.811,1.251,52.549,3.358
260.7873480319977,0.645,1.065,1.662,42.038,1.5,45.811,1.251,52.549,3.353
261.3940260410309,0.655,1.051,1.662,42.038,1.5,45.811,1.251,52.549,3.358
262.000718832016,0.65,1.056,1.657,42.149,1.5,45.811,1.251,52.549,3.358
262.60729694366455,0.655,1.051,1.657,42.149,1.5,45.811,1.251,52.549,3.358
263.21405506134033,0.65,1.061,1.657,42.149,1.5,45.811,1.251,52.549,3.358
263.8207688331604,0.65,1.051,1.657,42.149,1.5,45.811,1.251,52.549,3.363
264.4274170398712,0.65,1.056,1.652,42.26,1.5,45.811,1.246,52.688,3.358
265.0341248512268,0.65,1.061,1.652,42.26,1.496,45.93,1.246,52.688,3.358
265.64084696769714,0.65,1.056,1.652,42.26,1.496,45.93,1.246,52.688,3.363
266.2472879886627,0.65,1.051,1.652,42.26,1.496,45.93,1.241,52.828,3.363
266.8541669845581,0.65,1.056,1.652,42.26,1.496,45.93,1.241,52.828,3.358
267.4609110355377,0.65,1.056,1.652,42.26,1.496,45.93,1.241,52.828,3.363
268.0675790309906,0.655,1.051,1.652,42.26,1.491,46.05,1.241,52.828,3.358
268.6742858886719,0.65,1.056,1.652,42.26,1.491,46.05,1.241,52.828,3.363
269.2808840274811,0.65,1.051,1.652,42.26,1.491,46.05,1.241,52.828,3.358
269.8875939846039,0.645,1.065,1.647,42.371,1.491,46.05,1.237,52.967,3.358
270.4942479133606,0.65,1.056,1.647,42.371,1.486,46.17,1.241,52.828,3.358
271.1008720397949,0.65,1.056,1.647,42.371,1.486,46.17,1.237,52.967,3.363
271.707670211792,0.65,1.056,1.647,42.371,1.486,46.17,1.237,52.967,3.358
272.3144009113312,0.65,1.056,1.647,42.371,1.486,46.17,1.237,52.967,3.363
272.9207909107208,0.65,1.056,1.647,42.371,1.486,46.17,1.237,52.967,3.358
273.527706861496,0.65,1.056,1.642,42.483,1.481,46.291,1.237,52.967,3.368
274.13443398475647,0.645,1.061,1.642,42.483,1.481,46.291,1.237,52.967,3.353
274.74102783203125,0.65,1.056,1.642,42.483,1.481,46.291,1.237,52.967,3.358
275.3476870059967,0.65,1.056,1.642,42.483,1.481,46.291,1.237,52.967,3.353
275.95439076423645,0.65,1.056,1.642,42.483,1.481,46.291,1.237,52.967,3.358
276.5610918998718,0.65,1.046,1.642,42.483,1.481,46.291,1.237,52.967,3.358
277.1677920818329,0.65,1.061,1.637,42.594,1.481,46.291,1.237,52.967,3.353
277.7746579647064,0.65,1.056,1.637,42.594,1.481,46.291,1.237,52.967,3.358
278.38114380836487,0.645,1.056,1.637,42.594,1.476,46.412,1.237,52.967,3.358
278.9878480434418,0.645,1.065,1.632,42.706,1.476,46.412,1.232,53.108,3.353
279.59452986717224,0.65,1.056,1.632,42.706,1.471,46.533,1.232,53.108,3.353
280.20121002197266,0.645,1.065,1.632,42.706,1.471,46.533,1.232,53.108,3.358
280.8079152107239,0.645,1.061,1.628,42.819,1.471,46.533,1.232,53.108,3.353
281.41455078125,0.645,1.051,1.628,42.819,1.471,46.533,1.232,53.108,3.358
282.0212609767914,0.645,1.061,1.628,42.819,1.471,46.533,1.232,53.108,3.358
282.62796092033386,0.64,1.07,1.628,42.819,1.471,46.533,1.227,53.249,3.358
283.2346131801605,0.645,1.065,1.628,42.819,1.471,46.533,1.227,53.249,3.358
283.84133791923523,0.65,1.056,1.628,42.819,1.471,46.533,1.227,53.249,3.363
284.4481711387634,0.645,1.061,1.628,42.819,1.471,46.533,1.227,53.249,3.363
285.0546410083771,0.65,1.056,1.628,42.819,1.471,46.533,1.227,53.249,3.358
285.6613550186157,0.645,1.061,1.623,42.931,1.471,46.533,1.227,53.249,3.358
286.2678978443146,0.645,1.061,1.623,42.931,1.466,46.654,1.227,53.249,3.348
286.8747527599335,0.645,1.061,1.623,42.931,1.466,46.654,1.227,53.249,3.353
287.4816210269928,0.645,1.065,1.623,42.931,1.466,46.654,1.227,53.249,3.358
288.08808398246765,0.645,1.065,1.623,42.931,1.466,46.654,1.222,53.39,3.358
288.69473695755005,0.645,1.061,1.623,42.931,1.466,46.654,1.222,53.39,3.353
289.30145502090454,0.645,1.061,1.618,43.044,1.461,46.776,1.222,53.39,3.358
289.908145904541,0.645,1.065,1.618,43.044,1.461,46.776,1.222,53.39,3.358
290.5148479938507,0.64,1.065,1.618,43.044,1.461,46.776,1.222,53.39,3.353
291.121621131897,0.645,1.051,1.618,43.044,1.461,46.776,1.222,53.39,3.358
291.72820377349854,0.645,1.061,1.613,43.157,1.461,46.776,1.222,53.39,3.353
292.33484411239624,0.645,1.061,1.613,43.157,1.461,46.776,1.222,53.39,3.353
292.94158911705017,0.64,1.065,1.613,43.157,1.457,46.898,1.217,53.532,3.358
293.54823303222656,0.645,1.061,1.613,43.157,1.457,46.898,1.217,53.532,3.358
294.15497303009033,0.645,1.061,1.613,43.157,1.457,46.898,1.217,53.532,3.348
294.7615351676941,0.645,1.061,1.613,43.157,1.457,46.898,1.217,53.532,3.358
295.3682367801666,0.64,1.07,1.613,43.157,1.457,46.898,1.217,53.532,3.363
295.97496581077576,0.645,1.061,1.608,43.27,1.452,47.02,1.217,53.532,3.358
296.58164501190186,0.645,1.061,1.608,43.27,1.452,47.02,1.217,53.532,3.353
297.18818378448486,0.645,1.061,1.608,43.27,1.447,47.143,1.217,53.532,3.353
297.7949569225311,0.645,1.061,1.608,43.27,1.447,47.143,1.212,53.674,3.348
298.4015519618988,0.645,1.061,1.608,43.27,1.447,47.143,1.212,53.674,3.353
299.0083348751068,0.645,1.061,1.608,43.27,1.447,47.143,1.212,53.674,3.358
299.61520504951477,0.645,1.056,1.608,43.27,1.447,47.143,1.212,53.674,3.353
300.22151589393616,0.645,1.061,1.608,43.27,1.447,47.143,1.212,53.674,3.353
300.8283050060272,0.635,1.07,1.608,43.27,1.447,47.143,1.212,53.674,3.358
301.43510699272156,0.64,1.065,1.603,43.383,1.447,47.143,1.212,53.674,3.358
302.0416519641876,0.64,1.056,1.603,43.383,1.447,47.143,1.212,53.674,3.353
302.64847898483276,0.645,1.061,1.603,43.383,1.447,47.143,1.212,53.674,3.358
303.25495409965515,0.64,1.065,1.603,43.383,1.447,47.143,1.212,53.674,3.358
303.86162185668945,0.645,1.061,1.603,43.383,1.447,47.143,1.207,53.817,3.353
304.46833896636963,0.645,1.061,1.598,43.497,1.442,47.266,1.207,53.817,3.358
305.0750529766083,0.645,1.061,1.598,43.497,1.442,47.266,1.207,53.817,3.348
305.6817538738251,0.64,1.065,1.598,43.497,1.442,47.266,1.207,53.817,3.348
306.2881770133972,0.64,1.061,1.598,43.497,1.442,47.266,1.207,53.817,3.353
306.89502596855164,0.64,1.065,1.598,43.497,1.442,47.266,1.207,53.817,3.358
307.5017349720001,0.645,1.061,1.598,43.497,1.442,47.266,1.207,53.817,3.353
308.1083998680115,0.645,1.065,1.593,43.611,1.442,47.266,1.207,53.817,3.353
308.7151460647583,0.64,1.056,1.593,43.611,1.442,47.266,1.207,53.817,3.353
309.32177805900574,0.645,1.061,1.593,43.611,1.442,47.266,1.207,53.817,3.348
309.9285237789154,0.64,1.065,1.593,43.611,1.437,47.389,1.207,53.817,3.348
310.5351769924164,0.64,1.07,1.593,43.611,1.437,47.389,1.207,53.817,3.343
311.1417181491852,0.64,1.065,1.593,43.611,1.437,47.389,1.207,53.817,3.348
311.7485179901123,0.64,1.065,1.588,43.725,1.437,47.389,1.207,53.817,3.353
312.3551781177521,0.64,1.07,1.588,43.725,1.437,47.389,1.207,53.817,3.353
312.9617691040039,0.64,1.056,1.588,43.725,1.437,47.389,1.202,53.96,3.348
313.5683968067169,0.64,1.075,1.588,43.725,1.437,47.389,1.202,53.96,3.348
314.17510414123535,0.635,1.07,1.584,43.84,1.437,47.389,1.202,53.96,3.358
314.7818899154663,0.64,1.061,1.588,43.725,1.437,47.389,1.202,53.96,3.353
315.38848996162415,0.64,1.07,1.588,43.725,1.432,47.513,1.202,53.96,3.358
315.9950821399689,0.64,1.065,1.584,43.84,1.432,47.513,1.202,53.96,3.348
316.60179901123047,0.645,1.065,1.584,43.84,1.432,47.513,1.202,53.96,3.353
317.20848083496094,0.64,1.065,1.584,43.84,1.432,47.513,1.202,53.96,3.353
317.81531405448914,0.64,1.07,1.584,43.84,1.432,47.513,1.202,53.96,3.353
318.4218990802765,0.635,1.07,1.584,43.84,1.432,47.513,1.202,53.96,3.353
319.0285301208496,0.64,1.056,1.584,43.84,1.427,47.637,1.197,54.104,3.343
319.63515615463257,0.64,1.065,1.579,43.955,1.427,47.637,1.197,54.104,3.353
320.2419559955597,0.64,1.065,1.579,43.955,1.427,47.637,1.197,54.104,3.348
320.84864711761475,0.635,1.07,1.579,43.955,1.427,47.637,1.197,54.104,3.353
321.45526695251465,0.635,1.07,1.579,43.955,1.427,47.637,1.197,54.104,3.358
322.0619840621948,0.64,1.061,1.579,43.955,1.427,47.637,1.197,54.104,3.348
322.66875195503235,0.64,1.065,1.579,43.955,1.422,47.761,1.197,54.104,3.353
323.27526211738586,0.635,1.07,1.574,44.07,1.422,47.761,1.197,54.104,3.358
323.8820948600769,0.64,1.07,1.574,44.07,1.422,47.761,1.197,54.104,3.353
324.4886939525604,0.64,1.061,1.574,44.07,1.422,47.761,1.197,54.104,3.348
325.0955898761749,0.635,1.07,1.574,44.07,1.422,47.761,1.197,54.104,3.343
325.7021379470825,0.635,1.07,1.574,44.07,1.422,47.761,1.197,54.104,3.348
326.3086941242218,0.635,1.075,1.574,44.07,1.422,47.761,1.193,54.248,3.353
326.91549706459045,0.635,1.065,1.574,44.07,1.417,47.886,1.193,54.248,3.343
327.5221779346466,0.64,1.065,1.574,44.07,1.417,47.886,1.193,54.248,3.353
328.12894797325134,0.64,1.065,1.574,44.07,1.417,47.886,1.193,54.248,3.353
328.7356939315796,0.64,1.065,1.574,44.07,1.417,47.886,1.193,54.248,3.353
329.3422930240631,0.635,1.075,1.569,44.185,1.417,47.886,1.193,54.248,3.358
329.94879508018494,0.635,1.075,1.574,44.07,1.417,47.886,1.193,54.248,3.353
330.5556139945984,0.64,1.061,1.569,44.185,1.417,47.886,1.193,54.248,3.353
331.16221284866333,0.64,1.065,1.569,44.185,1.417,47.886,1.193,54.248,3.353
331.76889300346375,0.63,1.08,1.569,44.185,1.417,47.886,1.193,54.248,3.358
332.37561106681824,0.64,1.061,1.569,44.185,1.417,47.886,1.193,54.248,3.348
332.98228311538696,0.64,1.065,1.569,44.185,1.417,47.886,1.193,54.248,3.426
333.58887791633606,0.635,1.075,1.569,44.185,1.413,48.011,1.188,54.393,3.353
334.1957058906555,0.64,1.065,1.569,44.185,1.413,48.011,1.188,54.393,3.348
334.8024139404297,0.635,1.075,1.569,44.185,1.413,48.011,1.188,54.393,3.348
335.40921998023987,0.635,1.075,1.569,44.185,1.413,48.011,1.193,54.248,3.353
336.0158450603485,0.64,1.065,1.564,44.3,1.413,48.011,1.188,54.393,3.343
336.622447013855,0.635,1.07,1.564,44.3,1.413,48.011,1.188,54.393,3.358
337.22920417785645,0.635,1.07,1.564,44.3,1.408,48.137,1.188,54.393,3.348
337.83581805229187,0.64,1.065,1.564,44.3,1.408,48.137,1.188,54.393,3.343
338.4425139427185,0.635,1.075,1.564,44.3,1.408,48.137,1.188,54.393,3.358
339.04912996292114,0.64,1.065,1.564,44.3,1.413,48.011,1.188,54.393,3.353
339.65581917762756,0.635,1.07,1.564,44.3,1.413,48.011,1.188,54.393,3.358
340.2625811100006,0.635,1.075,1.564,44.3,1.413,48.011,1.188,54.393,3.348
340.86918687820435,0.64,1.065,1.564,44.3,1.413,48.011,1.183,54.539,3.353
341.47574400901794,0.635,1.065,1.564,44.3,1.413,48.011,1.183,54.539,3.353
342.08261489868164,0.63,1.08,1.564,44.3,1.413,48.011,1.183,54.539,3.343
342.68926095962524,0.635,1.07,1.564,44.3,1.408,48.137,1.178,54.684,3.348
343.29579615592957,0.635,1.07,1.564,44.3,1.408,48.137,1.178,54.684,3.421
343.90255999565125,0.635,1.075,1.564,44.3,1.408,48.137,1.178,54.684,3.353
344.50917196273804,0.635,1.07,1.564,44.3,1.408,48.137,1.178,54.684,3.343
345.1158359050751,0.635,1.061,1.564,44.3,1.408,48.137,1.178,54.684,3.353
345.72268986701965,0.63,1.08,1.564,44.3,1.408,48.137,1.178,54.684,3.348
346.3292031288147,0.64,1.065,1.564,44.3,1.408,48.137,1.178,54.684,3.353
346.93593096733093,0.63,1.08,1.564,44.3,1.408,48.137,1.178,54.684,3.353
347.5427670478821,0.635,1.065,1.564,44.3,1.408,48.137,1.178,54.684,3.348
348.1494119167328,0.635,1.075,1.559,44.416,1.408,48.137,1.178,54.684,3.358
348.7560889720917,0.635,1.065,1.559,44.416,1.408,48.137,1.178,54.684,3.343
349.3626368045807,0.635,1.07,1.559,44.416,1.408,48.137,1.178,54.684,3.353
349.9694480895996,0.635,1.065,1.559,44.416,1.403,48.262,1.178,54.684,3.348
350.5760169029236,0.635,1.075,1.554,44.532,1.408,48.137,1.178,54.684,3.353
351.18278312683105,0.635,1.07,1.554,44.532,1.408,48.137,1.178,54.684,3.358
351.7893531322479,0.635,1.075,1.554,44.532,1.403,48.262,1.178,54.684,3.353
352.39614701271057,0.635,1.07,1.554,44.532,1.403,48.262,1.178,54.684,3.348
353.003103017807,0.635,1.075,1.554,44.532,1.403,48.262,1.178,54.684,3.353
353.6094181537628,0.635,1.065,1.554,44.532,1.403,48.262,1.178,54.684,3.343
354.2160921096802,0.63,1.08,1.554,44.532,1.403,48.262,1.178,54.684,3.348
354.8229510784149,0.635,1.07,1.554,44.532,1.403,48.262,1.173,54.831,3.348
355.42956495285034,0.635,1.07,1.554,44.532,1.403,48.262,1.173,54.831,3.353
356.03618597984314,0.635,1.075,1.554,44.532,1.403,48.262,1.173,54.831,3.348
356.6428918838501,0.635,1.075,1.554,44.532,1.403,48.262,1.173,54.831,3.353
357.24959897994995,0.635,1.075,1.554,44.532,1.403,48.262,1.173,54.831,3.348
357.8563108444214,0.64,1.065,1.549,44.649,1.398,48.389,1.173,54.831,3.353
358.4629909992218,0.63,1.08,1.549,44.649,1.398,48.389,1.173,54.831,3.353
359.0697259902954,0.635,1.065,1.549,44.649,1.398,48.389,1.173,54.831,3.353
359.67624497413635,0.635,1.07,1.549,44.649,1.398,48.389,1.173,54.831,3.348
360.2830460071564,0.63,1.08,1.549,44.649,1.398,48.389,1.173,54.831,3.358
360.8897759914398,0.635,1.075,1.544,44.765,1.398,48.389,1.173,54.831,3.343
361.49639987945557,0.635,1.075,1.544,44.765,1.398,48.389,1.168,54.978,3.353
362.1031188964844,0.63,1.08,1.544,44.765,1.398,48.389,1.168,54.978,3.348
362.7098469734192,0.635,1.075,1.544,44.765,1.393,48.515,1.168,54.978,3.353
363.3164598941803,0.635,1.075,1.544,44.765,1.393,48.515,1.168,54.978,3.348
363.92315888404846,0.635,1.07,1.54,44.882,1.393,48.515,1.168,54.978,3.353
364.52985310554504,0.635,1.075,1.54,44.882,1.393,48.515,1.168,54.978,3.348
365.1365158557892,0.635,1.065,1.54,44.882,1.393,48.515,1.168,54.978,3.353
365.74315881729126,0.63,1.08,1.54,44.882,1.393,48.515,1.168,54.978,3.348
366.34979796409607,0.635,1.075,1.535,45.0,1.393,48.515,1.168,54.978,3.348
366.9565579891205,0.635,1.075,1.535,45.0,1.388,48.642,1.168,54.978,3.348
367.56318712234497,0.635,1.075,1.535,45.0,1.388,48.642,1.168,54.978,3.353
368.16995215415955,0.635,1.075,1.535,45.0,1.388,48.642,1.168,54.978,3.353
368.7765290737152,0.635,1.075,1.535,45.0,1.388,48.642,1.168,54.978,3.353
369.38332080841064,0.635,1.075,1.535,45.0,1.388,48.642,1.168,54.978,3.353
369.9899847507477,0.635,1.075,1.535,45.0,1.388,48.642,1.168,54.978,3.348
370.59652304649353,0.635,1.07,1.535,45.0,1.383,48.769,1.168,54.978,3.353
371.2034001350403,0.635,1.075,1.535,45.0,1.383,48.769,1.168,54.978,3.353
371.8099842071533,0.63,1.08,1.535,45.0,1.383,48.769,1.168,54.978,3.348
372.4166958332062,0.635,1.07,1.535,45.0,1.388,48.642,1.168,54.978,3.353
373.0233860015869,0.635,1.075,1.535,45.0,1.388,48.642,1.168,54.978,3.353
373.6297879219055,0.635,1.065,1.535,45.0,1.383,48.769,1.168,54.978,3.348
374.2367420196533,0.635,1.075,1.535,45.0,1.383,48.769,1.168,54.978,3.353
374.84341311454773,0.63,1.08,1.535,45.0,1.383,48.769,1.163,55.125,3.338
375.4498219490051,0.635,1.07,1.53,45.117,1.383,48.769,1.163,55.125,3.353
376.05659198760986,0.63,1.08,1.53,45.117,1.383,48.769,1.163,55.125,3.343
376.6632070541382,0.63,1.075,1.53,45.117,1.383,48.769,1.163,55.125,3.343
377.27000093460083,0.626,1.085,1.53,45.117,1.383,48.769,1.163,55.125,3.348
377.8767120838165,0.635,1.075,1.53,45.117,1.383,48.769,1.163,55.125,3.353
378.48334193229675,0.635,1.07,1.53,45.117,1.383,48.769,1.163,55.125,3.353
379.0902690887451,0.635,1.075,1.53,45.117,1.383,48.769,1.163,55.125,3.353
379.6967260837555,0.63,1.08,1.53,45.117,1.383,48.769,1.163,55.125,3.353
380.3054118156433,0.635,1.075,1.53,45.117,1.378,48.897,1.158,55.273,3.343
380.91030406951904,0.63,1.08,1.53,45.117,1.378,48.897,1.158,55.273,3.343
381.5168869495392,0.635,1.075,1.525,45.235,1.378,48.897,1.158,55.273,3.348
382.1235649585724,0.635,1.07,1.53,45.117,1.378,48.897,1.158,55.273,3.348
382.7302670478821,0.63,1.08,1.525,45.235,1.378,48.897,1.158,55.273,3.348
383.33689618110657,0.63,1.08,1.525,45.235,1.378,48.897,1.158,55.273,3.343
383.9435758590698,0.635,1.075,1.525,45.235,1.378,48.897,1.158,55.273,3.353
384.5503189563751,0.635,1.075,1.525,45.235,1.378,48.897,1.158,55.273,3.343
385.15687894821167,0.635,1.075,1.53,45.117,1.378,48.897,1.158,55.273,3.348
385.763680934906,0.63,1.08,1.53,45.117,1.378,48.897,1.158,55.273,3.348
386.370157957077,0.63,1.075,1.53,45.117,1.373,49.025,1.158,55.273,3.353
386.9770579338074,0.626,1.085,1.53,45.117,1.378,48.897,1.153,55.422,3.353
387.58372807502747,0.635,1.075,1.53,45.117,1.378,48.897,1.153,55.422,3.353
388.1903669834137,0.626,1.085,1.53,45.117,1.373,49.025,1.153,55.422,3.353
388.79715275764465,0.63,1.07,1.53,45.117,1.373,49.025,1.153,55.422,3.353
389.40372109413147,0.63,1.08,1.53,45.117,1.373,49.025,1.153,55.422,3.348
390.01046681404114,0.63,1.07,1.525,45.235,1.378,48.897,1.153,55.422,3.348
390.61698389053345,0.626,1.085,1.525,45.235,1.373,49.025,1.153,55.422,3.348
391.2240879535675,0.63,1.08,1.53,45.117,1.378,48.897,1.158,55.273,3.343
391.8305289745331,0.626,1.085,1.525,45.235,1.373,49.025,1.158,55.273,3.343
392.43719005584717,0.63,1.08,1.525,45.235,1.373,49.025,1.153,55.422,3.348
393.043879032135,0.63,1.065,1.525,45.235,1.373,49.025,1.153,55.422,3.348
393.6504080295563,0.635,1.075,1.525,45.235,1.373,49.025,1.153,55.422,3.348
394.2570309638977,0.63,1.08,1.525,45.235,1.373,49.025,1.153,55.422,3.343
394.86380410194397,0.63,1.08,1.525,45.235,1.373,49.025,1.153,55.422,3.348
395.4703938961029,0.63,1.075,1.525,45.235,1.373,49.025,1.153,55.422,3.348
396.077171087265,0.626,1.085,1.525,45.235,1.373,49.025,1.149,55.571,3.348
396.6838369369507,0.63,1.075,1.525,45.235,1.373,49.025,1.149,55.571,3.338
397.2906320095062,0.63,1.075,1.525,45.235,1.378,48.897,1.149,55.571,3.348
397.89750695228577,0.63,1.08,1.525,45.235,1.378,48.897,1.149,55.571,3.348
398.50394797325134,0.63,1.08,1.525,45.235,1.378,48.897,1.149,55.571,3.348
399.11068511009216,0.63,1.075,1.525,45.235,1.373,49.025,1.149,55.571,3.348
399.71732687950134,0.63,1.07,1.525,45.235,1.373,49.025,1.149,55.571,3.348
400.32405400276184,0.626,1.085,1.525,45.235,1.373,49.025,1.149,55.571,3.343
400.9307150840759,0.63,1.075,1.525,45.235,1.373,49.025,1.149,55.571,3.343
401.53738713264465,0.63,1.08,1.525,45.235,1.373,49.025,1.149,55.571,3.348
402.14429092407227,0.626,1.085,1.525,45.235,1.373,49.025,1.149,55.571,3.348
402.75089502334595,0.63,1.075,1.525,45.235,1.373,49.025,1.149,55.571,3.348
403.35750699043274,0.63,1.08,1.525,45.235,1.373,49.025,1.149,55.571,3.348
403.96423506736755,0.63,1.08,1.525,45.235,1.373,49.025,1.149,55.571,3.343
404.57095885276794,0.63,1.07,1.525,45.235,1.373,49.025,1.144,55.721,3.348
405.1775918006897,0.63,1.075,1.525,45.235,1.373,49.025,1.144,55.721,3.343
405.78428506851196,0.63,1.08,1.525,45.235,1.369,49.153,1.144,55.721,3.348
406.39077496528625,0.63,1.075,1.525,45.235,1.369,49.153,1.144,55.721,3.338
406.99763798713684,0.63,1.08,1.525,45.235,1.369,49.153,1.144,55.721,3.338
407.60435700416565,0.626,1.08,1.52,45.353,1.369,49.153,1.144,55.721,3.343
408.2108190059662,0.63,1.075,1.52,45.353,1.369,49.153,1.144,55.721,3.338
408.817556142807,0.63,1.08,1.52,45.353,1.369,49.153,1.144,55.721,3.343
409.4243369102478,0.626,1.085,1.52,45.353,1.369,49.153,1.144,55.721,3.343
410.0309600830078,0.63,1.08,1.52,45.353,1.364,49.282,1.144,55.721,3.338
410.6376750469208,0.63,1.075,1.52,45.353,1.364,49.282,1.144,55.721,3.338
411.2443370819092,0.63,1.065,1.52,45.353,1.364,49.282,1.144,55.721,3.343
411.8510720729828,0.63,1.08,1.515,45.471,1.364,49.282,1.144,55.721,3.343
412.457701921463,0.626,1.08,1.515,45.471,1.364,49.282,1.144,55.721,3.338
413.0644271373749,0.626,1.08,1.51,45.59,1.364,49.282,1.144,55.721,3.338
413.67110300064087,0.626,1.08,1.515,45.471,1.359,49.411,1.144,55.721,3.343
414.2778148651123,0.626,1.075,1.51,45.59,1.359,49.411,1.144,55.721,3.343
414.88438987731934,0.626,1.075,1.51,45.59,1.359,49.411,1.144,55.721,3.343
415.4910800457001,0.626,1.085,1.51,45.59,1.359,49.411,1.144,55.721,3.333
416.0977051258087,0.63,1.075,1.51,45.59,1.359,49.411,1.144,55.721,3.343
416.7044439315796,0.626,1.08,1.51,45.59,1.359,49.411,1.144,55.721,3.343
417.311231136322,0.63,1.075,1.51,45.59,1.359,49.411,1.144,55.721,3.348
417.91778802871704,0.63,1.07,1.51,45.59,1.359,49.411,1.149,55.571,3.338
418.52446389198303,0.63,1.08,1.51,45.59,1.359,49.411,1.149,55.571,3.343
419.1312210559845,0.63,1.075,1.505,45.709,1.359,49.411,1.149,55.571,3.338
419.7378499507904,0.63,1.08,1.51,45.59,1.354,49.54,1.144,55.721,3.343
420.34441781044006,0.63,1.075,1.505,45.709,1.354,49.54,1.144,55.721,3.343
420.9511260986328,0.63,1.075,1.51,45.59,1.354,49.54,1.149,55.571,3.343
421.55791187286377,0.626,1.085,1.51,45.59,1.354,49.54,1.144,55.721,3.343
422.1646978855133,0.63,1.08,1.51,45.59,1.354,49.54,1.144,55.721,3.348
422.7712171077728,0.63,1.08,1.51,45.59,1.359,49.411,1.144,55.721,3.348
423.37808895111084,0.626,1.08,1.51,45.59,1.359,49.411,1.144,55.721,3.343
423.9847729206085,0.626,1.085,1.51,45.59,1.359,49.411,1.144,55.721,3.343
424.5914661884308,0.626,1.085,1.51,45.59,1.359,49.411,1.139,55.871,3.343
425.1981289386749,0.63,1.08,1.51,45.59,1.359,49.411,1.139,55.871,3.348
425.8047630786896,0.63,1.08,1.51,45.59,1.359,49.411,1.139,55.871,3.353
426.411278963089,0.63,1.08,1.51,45.59,1.359,49.411,1.139,55.871,3.348
427.01817202568054,0.63,1.075,1.51,45.59,1.359,49.411,1.139,55.871,3.343
427.62482595443726,0.63,1.075,1.51,45.59,1.359,49.411,1.139,55.871,3.338
428.23159885406494,0.63,1.075,1.51,45.59,1.359,49.411,1.139,55.871,3.343
428.83818197250366,0.63,1.075,1.51,45.59,1.359,49.411,1.139,55.871,3.338
429.44477796554565,0.63,1.075,1.51,45.59,1.359,49.411,1.139,55.871,3.343
430.0515179634094,0.63,1.065,1.51,45.59,1.359,49.411,1.139,55.871,3.343
430.658194065094,0.626,1.085,1.505,45.709,1.354,49.54,1.139,55.871,3.338
431.2648129463196,0.626,1.085,1.505,45.709,1.354,49.54,1.139,55.871,3.338
431.87142300605774,0.63,1.075,1.505,45.709,1.354,49.54,1.139,55.871,3.343
432.4783058166504,0.626,1.08,1.505,45.709,1.354,49.54,1.139,55.871,3.348
433.0849370956421,0.626,1.085,1.505,45.709,1.354,49.54,1.139,55.871,3.338
433.6916968822479,0.626,1.085,1.505,45.709,1.354,49.54,1.139,55.871,3.338
434.2983498573303,0.63,1.075,1.505,45.709,1.354,49.54,1.139,55.871,3.338
434.9049530029297,0.626,1.075,1.505,45.709,1.354,49.54,1.139,55.871,3.348
435.5116550922394,0.626,1.075,1.505,45.709,1.354,49.54,1.139,55.871,3.338
436.1183240413666,0.626,1.075,1.505,45.709,1.354,49.54,1.134,56.022,3.343
436.72498393058777,0.626,1.085,1.5,45.828,1.354,49.54,1.134,56.022,3.343
437.3315348625183,0.63,1.08,1.5,45.828,1.354,49.54,1.134,56.022,3.348
437.93833208084106,0.626,1.08,1.5,45.828,1.354,49.54,1.139,55.871,3.348
438.5449709892273,0.63,1.08,1.5,45.828,1.354,49.54,1.134,56.022,3.343
439.15172004699707,0.626,1.08,1.5,45.828,1.354,49.54,1.134,56.022,3.338
439.7586190700531,0.626,1.085,1.5,45.828,1.349,49.67,1.134,56.022,3.343
440.36510610580444,0.63,1.075,1.496,45.948,1.349,49.67,1.134,56.022,3.343
440.9717810153961,0.626,1.085,1.496,45.948,1.349,49.67,1.134,56.022,3.348
441.5785491466522,0.63,1.08,1.496,45.948,1.349,49.67,1.134,56.022,3.348
442.18500995635986,0.626,1.08,1.496,45.948,1.349,49.67,1.134,56.022,3.348
442.7918109893799,0.63,1.08,1.491,46.068,1.349,49.67,1.134,56.022,3.343
443.3984200954437,0.63,1.08,1.491,46.068,1.349,49.67,1.139,55.871,3.343
444.00514101982117,0.626,1.08,1.491,46.068,1.344,49.8,1.134,56.022,3.338
444.61162400245667,0.626,1.085,1.491,46.068,1.344,49.8,1.134,56.022,3.343
445.2187180519104,0.626,1.08,1.491,46.068,1.344,49.8,1.139,55.871,3.338
445.82509994506836,0.626,1.085,1.491,46.068,1.344,49.8,1.134,56.022,3.343
446.43177676200867,0.63,1.075,1.486,46.188,1.344,49.8,1.134,56.022,3.338
447.03850412368774,0.63,1.08,1.486,46.188,1.344,49.8,1.134,56.022,3.343
447.6452040672302,0.626,1.075,1.486,46.188,1.344,49.8,1.139,55.871,3.333
448.25189208984375,0.63,1.08,1.486,46.188,1.344,49.8,1.139,55.871,3.333
448.8585801124573,0.63,1.075,1.486,46.188,1.344,49.8,1.139,55.871,3.343
449.4653148651123,0.626,1.085,1.486,46.188,1.344,49.8,1.139,55.871,3.348
450.0717830657959,0.626,1.075,1.486,46.188,1.344,49.8,1.139,55.871,3.343
450.67862582206726,0.63,1.08,1.486,46.188,1.339,49.931,1.134,56.022,3.338
451.28516387939453,0.626,1.08,1.486,46.188,1.344,49.8,1.139,55.871,3.343
451.8919439315796,0.626,1.08,1.481,46.308,1.339,49.931,1.134,56.022,3.348
452.4986479282379,0.626,1.085,1.486,46.188,1.339,49.931,1.134,56.022,3.348
453.10537981987,0.63,1.08,1.481,46.308,1.339,49.931,1.134,56.022,3.343
453.71182084083557,0.63,1.08,1.481,46.308,1.339,49.931,1.134,56.022,3.343
454.3187291622162,0.626,1.085,1.481,46.308,1.339,49.931,1.134,56.022,3.343
454.9252231121063,0.626,1.075,1.481,46.308,1.339,49.931,1.134,56.022,3.343
455.53191208839417,0.626,1.085,1.481,46.308,1.339,49.931,1.134,56.022,3.338
456.1389169692993,0.626,1.085,1.481,46.308,1.339,49.931,1.134,56.022,3.343
456.7452549934387,0.63,1.08,1.481,46.308,1.339,49.931,1.134,56.022,3.343
457.35187792778015,0.626,1.08,1.481,46.308,1.339,49.931,1.134,56.022,3.338
457.95862579345703,0.626,1.08,1.481,46.308,1.339,49.931,1.134,56.022,3.343
458.56538105010986,0.63,1.08,1.481,46.308,1.339,49.931,1.134,56.022,3.343
459.1721041202545,0.626,1.085,1.481,46.308,1.339,49.931,1.134,56.022,3.338
459.7785999774933,0.626,1.085,1.481,46.308,1.339,49.931,1.134,56.022,3.338
460.38534903526306,0.626,1.085,1.481,46.308,1.339,49.931,1.134,56.022,3.333
460.9922351837158,0.626,1.08,1.481,46.308,1.339,49.931,1.134,56.022,3.343
461.59881687164307,0.626,1.085,1.486,46.188,1.344,49.8,1.134,56.022,3.338
462.2054600715637,0.626,1.08,1.486,46.188,1.344,49.8,1.134,56.022,3.343
462.81223797798157,0.626,1.08,1.486,46.188,1.339,49.931,1.134,56.022,3.343
463.41877794265747,0.621,1.09,1.486,46.188,1.344,49.8,1.129,56.174,3.343
464.0255799293518,0.626,1.085,1.486,46.188,1.344,49.8,1.134,56.022,3.343
464.63218688964844,0.626,1.08,1.486,46.188,1.344,49.8,1.129,56.174,3.333
465.2389750480652,0.626,1.07,1.486,46.188,1.344,49.8,1.129,56.174,3.343
465.8457098007202,0.626,1.08,1.486,46.188,1.344,49.8,1.129,56.174,3.338
466.45222997665405,0.626,1.08,1.486,46.188,1.349,49.67,1.129,56.174,3.338
467.05894804000854,0.626,1.07,1.486,46.188,1.344,49.8,1.129,56.174,3.338
467.6656069755554,0.626,1.08,1.486,46.188,1.344,49.8,1.129,56.174,3.338
468.2723710536957,0.626,1.08,1.486,46.188,1.344,49.8,1.129,56.174,3.338
468.8791289329529,0.626,1.08,1.486,46.188,1.344,49.8,1.129,56.174,3.338
469.48577904701233,0.626,1.08,1.486,46.188,1.344,49.8,1.129,56.174,3.338
470.09228706359863,0.621,1.085,1.486,46.188,1.344,49.8,1.129,56.174,3.333
470.69915890693665,0.626,1.08,1.486,46.188,1.344,49.8,1.129,56.174,3.333
471.3057150840759,0.626,1.08,1.486,46.188,1.344,49.8,1.129,56.174,3.338
471.91226410865784,0.626,1.075,1.486,46.188,1.344,49.8,1.129,56.174,3.343
472.5190920829773,0.626,1.085,1.486,46.188,1.344,49.8,1.129,56.174,3.338
473.12575912475586,0.621,1.09,1.486,46.188,1.344,49.8,1.129,56.174,3.343
473.73240900039673,0.626,1.085,1.486,46.188,1.339,49.931,1.129,56.174,3.338
474.33905482292175,0.626,1.08,1.491,46.068,1.339,49.931,1.129,56.174,3.343
474.9457769393921,0.626,1.08,1.486,46.188,1.339,49.931,1.129,56.174,3.338
475.5524277687073,0.626,1.08,1.486,46.188,1.339,49.931,1.129,56.174,3.333
476.1591329574585,0.626,1.085,1.486,46.188,1.339,49.931,1.129,56.174,3.338
476.7658598423004,0.626,1.085,1.481,46.308,1.334,50.062,1.129,56.174,3.338
477.3724958896637,0.626,1.08,1.481,46.308,1.334,50.062,1.129,56.174,3.338
477.97929787635803,0.626,1.075,1.481,46.308,1.334,50.062,1.129,56.174,3.343
478.5859589576721,0.626,1.085,1.481,46.308,1.334,50.062,1.129,56.174,3.343
479.1926119327545,0.626,1.08,1.481,46.308,1.334,50.062,1.129,56.174,3.338
479.79927110671997,0.626,1.08,1.486,46.188,1.334,50.062,1.129,56.174,3.333
480.40603399276733,0.621,1.09,1.486,46.188,1.334,50.062,1.129,56.174,3.338
481.01282000541687,0.626,1.085,1.486,46.188,1.334,50.062,1.129,56.174,3.338
481.6192479133606,0.626,1.08,1.481,46.308,1.334,50.062,1.134,56.022,3.343
482.22595596313477,0.626,1.08,1.481,46.308,1.334,50.062,1.129,56.174,3.343
482.8325300216675,0.626,1.085,1.486,46.188,1.334,50.062,1.134,56.022,3.343
483.43940114974976,0.626,1.085,1.481,46.308,1.334,50.062,1.134,56.022,3.343
484.0460948944092,0.626,1.085,1.481,46.308,1.334,50.062,1.129,56.174,3.343
484.6527121067047,0.626,1.085,1.481,46.308,1.329,50.193,1.129,56.174,3.343
485.25939893722534,0.621,1.09,1.481,46.308,1.329,50.193,1.129,56.174,3.338
485.8660190105438,0.626,1.08,1.481,46.308,1.334,50.062,1.129,56.174,3.338
486.4727430343628,0.626,1.085,1.481,46.308,1.329,50.193,1.129,56.174,3.338
487.0793161392212,0.626,1.085,1.481,46.308,1.329,50.193,1.129,56.174,3.338
487.68610286712646,0.626,1.085,1.481,46.308,1.329,50.193,1.134,56.022,3.343
488.2927792072296,0.626,1.085,1.481,46.308,1.329,50.193,1.134,56.022,3.338
488.8994560241699,0.626,1.085,1.481,46.308,1.329,50.193,1.134,56.022,3.343
489.5061409473419,0.626,1.085,1.481,46.308,1.329,50.193,1.134,56.022,3.348
490.11287903785706,0.626,1.08,1.476,46.429,1.329,50.193,1.134,56.022,3.343
490.7196698188782,0.626,1.07,1.476,46.429,1.329,50.193,1.129,56.174,3.348
491.32627391815186,0.626,1.085,1.471,46.55,1.329,50.193,1.129,56.174,3.343
491.9330110549927,0.626,1.085,1.471,46.55,1.329,50.193,1.129,56.174,3.343
492.53964495658875,0.626,1.075,1.471,46.55,1.329,50.193,1.129,56.174,3.338
493.14626002311707,0.626,1.085,1.466,46.672,1.329,50.193,1.124,56.326,3.343
493.75293612480164,0.63,1.08,1.471,46.55,1.329,50.193,1.124,56.326,3.343
494.35966181755066,0.621,1.09,1.466,46.672,1.325,50.325,1.124,56.326,3.348
494.96629214286804,0.626,1.08,1.466,46.672,1.325,50.325,1.124,56.326,3.338
495.5729718208313,0.626,1.08,1.466,46.672,1.325,50.325,1.124,56.326,3.333
496.17966079711914,0.626,1.085,1.461,46.793,1.325,50.325,1.124,56.326,3.343
496.7863619327545,0.626,1.085,1.466,46.672,1.325,50.325,1.124,56.326,3.338
497.39315605163574,0.626,1.085,1.461,46.793,1.325,50.325,1.124,56.326,3.343
497.99974298477173,0.626,1.085,1.461,46.793,1.325,50.325,1.124,56.326,3.338
498.60647797584534,0.626,1.085,1.466,46.672,1.325,50.325,1.124,56.326,3.338
499.2132918834686,0.626,1.08,1.466,46.672,1.325,50.325,1.129,56.174,3.343
499.81995391845703,0.626,1.08,1.466,46.672,1.325,50.325,1.124,56.326,3.333
500.4264359474182,0.626,1.085,1.466,46.672,1.325,50.325,1.124,56.326,3.338
501.0330500602722,0.626,1.085,1.466,46.672,1.325,50.325,1.124,56.326,3.343
501.63985109329224,0.626,1.085,1.466,46.672,1.325,50.325,1.124,56.326,3.348
502.24676489830017,0.626,1.085,1.471,46.55,1.325,50.325,1.124,56.326,3.338
502.85319900512695,0.626,1.085,1.471,46.55,1.325,50.325,1.124,56.326,3.343
503.4598059654236,0.626,1.085,1.466,46.672,1.329,50.193,1.124,56.326,3.343
504.06659388542175,0.626,1.085,1.471,46.55,1.329,50.193,1.124,56.326,3.348
504.67323303222656,0.626,1.085,1.471,46.55,1.329,50.193,1.124,56.326,3.343
505.27993607521057,0.626,1.09,1.471,46.55,1.329,50.193,1.124,56.326,3.338
505.8866488933563,0.626,1.065,1.476,46.429,1.329,50.193,1.124,56.326,3.338
506.4932360649109,0.626,1.075,1.476,46.429,1.329,50.193,1.124,56.326,3.348
507.0998921394348,0.626,1.085,1.476,46.429,1.329,50.193,1.124,56.326,3.343
507.70661306381226,0.626,1.085,1.476,46.429,1.329,50.193,1.124,56.326,3.338
508.3134307861328,0.621,1.09,1.476,46.429,1.329,50.193,1.124,56.326,3.343
508.919881105423,0.626,1.075,1.476,46.429,1.329,50.193,1.124,56.326,3.343
509.52672505378723,0.65,1.061,1.476,46.429,1.329,50.193,1.124,56.326,3.343
510.13333892822266,0.626,1.085,1.476,46.429,1.329,50.193,1.119,56.478,3.343
510.74000906944275,0.626,1.085,1.476,46.429,1.329,50.193,1.119,56.478,3.343
511.34659910202026,0.626,1.085,1.476,46.429,1.329,50.193,1.119,56.478,3.343
511.9534089565277,0.626,1.08,1.476,46.429,1.329,50.193,1.119,56.478,3.338
512.5599589347839,0.626,1.08,1.476,46.429,1.329,50.193,1.119,56.478,3.338
513.1667768955231,0.626,1.085,1.476,46.429,1.329,50.193,1.119,56.478,3.338
513.7734868526459,0.626,1.085,1.476,46.429,1.329,50.193,1.119,56.478,3.338
514.3801310062408,0.626,1.08,1.476,46.429,1.329,50.193,1.119,56.478,3.343
514.9867208003998,0.626,1.085,1.476,46.429,1.329,50.193,1.119,56.478,3.343
515.5935351848602,0.626,1.085,1.476,46.429,1.329,50.193,1.119,56.478,3.338
516.2001979351044,0.626,1.075,1.476,46.429,1.329,50.193,1.119,56.478,3.338
516.8068251609802,0.626,1.085,1.476,46.429,1.325,50.325,1.119,56.478,3.338
517.413535118103,0.626,1.075,1.476,46.429,1.329,50.193,1.119,56.478,3.338
518.0202550888062,0.626,1.085,1.471,46.55,1.325,50.325,1.119,56.478,3.333
518.6271719932556,0.626,1.085,1.471,46.55,1.325,50.325,1.119,56.478,3.343
519.2337539196014,0.626,1.08,1.471,46.55,1.325,50.325,1.119,56.478,3.333
519.8403809070587,0.616,1.095,1.466,46.672,1.325,50.325,1.114,56.632,3.338
520.4467318058014,0.626,1.085,1.466,46.672,1.325,50.325,1.114,56.632,3.338
521.0536510944366,0.626,1.075,1.466,46.672,1.325,50.325,1.114,56.632,3.333
521.6603338718414,0.626,1.085,1.466,46.672,1.32,50.457,1.119,56.478,3.328
522.2669188976288,0.626,1.075,1.466,46.672,1.32,50.457,1.114,56.632,3.333
522.8735339641571,0.626,1.08,1.466,46.672,1.32,50.457,1.119,56.478,3.338
523.4802088737488,0.616,1.095,1.466,46.672,1.32,50.457,1.119,56.478,3.338
524.0870921611786,0.626,1.07,1.466,46.672,1.32,50.457,1.119,56.478,3.328
524.6938540935516,0.626,1.085,1.466,46.672,1.32,50.457,1.119,56.478,3.333
525.3001627922058,0.626,1.041,1.466,46.672,1.32,50.457,1.119,56.478,3.333
525.9069430828094,0.626,1.08,1.466,46.672,1.32,50.457,1.114,56.632,3.333
526.5136511325836,0.626,1.08,1.466,46.672,1.32,50.457,1.114,56.632,3.333
527.1203317642212,0.626,1.075,1.466,46.672,1.32,50.457,1.114,56.632,3.333
527.7270460128784,0.626,1.08,1.466,46.672,1.32,50.457,1.114,56.632,3.319
528.3337390422821,0.626,1.08,1.466,46.672,1.32,50.457,1.114,56.632,3.333
528.9404277801514,0.626,1.08,1.466,46.672,1.32,50.457,1.114,56.632,3.333
529.5470328330994,0.616,1.095,1.471,46.55,1.32,50.457,1.114,56.632,3.333
530.1537108421326,0.626,1.085,1.471,46.55,1.32,50.457,1.114,56.632,3.328
530.7603888511658,0.621,1.09,1.471,46.55,1.32,50.457,1.114,56.632,3.328
531.3671131134033,0.626,1.08,1.466,46.672,1.32,50.457,1.114,56.632,3.333
531.9738130569458,0.616,1.09,1.466,46.672,1.32,50.457,1.114,56.632,3.333
532.5803909301758,0.626,1.08,1.466,46.672,1.32,50.457,1.114,56.632,3.333
533.1871209144592,0.626,1.08,1.466,46.672,1.32,50.457,1.114,56.632,3.333
533.7938919067383,0.626,1.08,1.466,46.672,1.32,50.457,1.114,56.632,3.328
534.4004440307617,0.621,1.09,1.461,46.793,1.32,50.457,1.114,56.632,3.338
535.0072159767151,0.626,1.08,1.461,46.793,1.32,50.457,1.114,56.632,3.338
535.6137781143188,0.626,1.08,1.466,46.672,1.32,50.457,1.114,56.632,3.343
536.2208778858185,0.626,1.08,1.466,46.672,1.32,50.457,1.114,56.632,3.338
536.8274259567261,0.626,1.075,1.461,46.793,1.32,50.457,1.114,56.632,3.333
537.4337818622589,0.626,1.08,1.461,46.793,1.32,50.457,1.114,56.632,3.328
538.0406279563904,0.626,1.085,1.461,46.793,1.32,50.457,1.114,56.632,3.343
538.6472327709198,0.626,1.085,1.466,46.672,1.32,50.457,1.114,56.632,3.333
539.2539229393005,0.626,1.075,1.466,46.672,1.32,50.457,1.114,56.632,3.333
539.8606719970703,0.626,1.07,1.466,46.672,1.32,50.457,1.114,56.632,3.338
540.467392206192,0.626,1.08,1.466,46.672,1.32,50.457,1.109,56.786,3.333
541.0739710330963,0.621,1.085,1.471,46.55,1.325,50.325,1.109,56.786,3.333
541.6807849407196,0.626,1.075,1.471,46.55,1.325,50.325,1.109,56.786,3.333
542.2874240875244,0.626,1.08,1.471,46.55,1.325,50.325,1.109,56.786,3.319
542.8940050601959,0.626,1.08,1.471,46.55,1.329,50.193,1.109,56.786,3.333
543.5010249614716,0.626,1.08,1.476,46.429,1.329,50.193,1.109,56.786,3.338
544.1074650287628,0.626,1.07,1.476,46.429,1.329,50.193,1.109,56.786,3.338
544.7141010761261,0.626,1.08,1.476,46.429,1.329,50.193,1.109,56.786,3.328
545.3207929134369,0.616,1.09,1.476,46.429,1.329,50.193,1.109,56.786,3.333
545.927435874939,0.626,1.08,1.476,46.429,1.329,50.193,1.109,56.786,3.333
546.53404712677,0.621,1.08,1.476,46.429,1.329,50.193,1.109,56.786,3.324
547.1408081054688,0.626,1.08,1.476,46.429,1.329,50.193,1.114,56.632,3.333
547.7474608421326,0.626,1.08,1.476,46.429,1.329,50.193,1.114,56.632,3.328
548.3541657924652,0.616,1.09,1.476,46.429,1.329,50.193,1.114,56.632,3.328
548.96093916893,0.626,1.07,1.476,46.429,1.329,50.193,1.114,56.632,3.328
549.567489862442,0.626,1.08,1.476,46.429,1.329,50.193,1.109,56.786,3.328
550.1743040084839,0.616,1.09,1.476,46.429,1.329,50.193,1.109,56.786,3.328
550.7808499336243,0.626,1.08,1.476,46.429,1.329,50.193,1.109,56.786,3.324
551.3874840736389,0.621,1.075,1.471,46.55,1.329,50.193,1.109,56.786,3.328
551.9943110942841,0.621,1.085,1.471,46.55,1.329,50.193,1.109,56.786,3.338
552.6009709835052,0.626,1.08,1.471,46.55,1.325,50.325,1.109,56.786,3.328
553.2077121734619,0.626,1.08,1.471,46.55,1.329,50.193,1.109,56.786,3.328
553.8142580986023,0.616,1.095,1.471,46.55,1.325,50.325,1.114,56.632,3.333
554.4210960865021,0.621,1.085,1.471,46.55,1.325,50.325,1.114,56.632,3.333
555.0276911258698,0.626,1.08,1.471,46.55,1.32,50.457,1.114,56.632,3.343
555.6344239711761,0.626,1.085,1.466,46.672,1.32,50.457,1.114,56.632,3.338
556.2411270141602,0.626,1.075,1.466,46.672,1.32,50.457,1.119,56.478,3.338
556.8476939201355,0.621,1.085,1.461,46.793,1.32,50.457,1.114,56.632,3.333
557.4544470310211,0.626,1.085,1.461,46.793,1.32,50.457,1.114,56.632,3.338
558.061094045639,0.626,1.075,1.461,46.793,1.32,50.457,1.114,56.632,3.333
558.6677980422974,0.626,1.08,1.457,46.915,1.32,50.457,1.114,56.632,3.338
559.274432182312,0.626,1.085,1.457,46.915,1.32,50.457,1.114,56.632,3.338
559.8811399936676,0.626,1.08,1.457,46.915,1.32,50.457,1.114,56.632,3.333
560.4877440929413,0.626,1.08,1.457,46.915,1.32,50.457,1.114,56.632,3.333
561.0945010185242,0.621,1.09,1.457,46.915,1.315,50.59,1.114,56.632,3.338
561.7010340690613,0.626,1.085,1.452,47.038,1.315,50.59,1.114,56.632,3.338
562.3079240322113,0.626,1.075,1.452,47.038,1.315,50.59,1.119,56.478,3.338
562.9144639968872,0.626,1.075,1.452,47.038,1.32,50.457,1.119,56.478,3.338
563.5212550163269,0.626,1.075,1.452,47.038,1.32,50.457,1.114,56.632,3.343
564.1279909610748,0.626,1.08,1.452,47.038,1.32,50.457,1.114,56.632,3.338
564.7346467971802,0.626,1.08,1.452,47.038,1.32,50.457,1.114,56.632,3.338
565.3412189483643,0.626,1.085,1.452,47.038,1.32,50.457,1.114,56.632,3.348
565.948009967804,0.626,1.09,1.452,47.038,1.32,50.457,1.114,56.632,3.333
566.5545539855957,0.616,1.095,1.452,47.038,1.32,50.457,1.114,56.632,3.338
567.1613121032715,0.626,1.085,1.452,47.038,1.32,50.457,1.109,56.786,3.338
567.7680368423462,0.621,1.09,1.457,46.915,1.32,50.457,1.109,56.786,3.338
568.3747260570526,0.626,1.075,1.457,46.915,1.32,50.457,1.109,56.786,3.338
568.9812488555908,0.626,1.085,1.457,46.915,1.32,50.457,1.114,56.632,3.343
569.588052034378,0.626,1.08,1.457,46.915,1.32,50.457,1.114,56.632,3.338
570.1947968006134,0.626,1.085,1.461,46.793,1.32,50.457,1.114,56.632,3.343
570.8014149665833,0.626,1.08,1.461,46.793,1.32,50.457,1.114,56.632,3.343
571.408124923706,0.626,1.08,1.461,46.793,1.32,50.457,1.109,56.786,3.343
572.0147528648376,0.626,1.08,1.461,46.793,1.32,50.457,1.109,56.786,3.333
572.62149310112,0.616,1.1,1.461,46.793,1.32,50.457,1.109,56.786,3.338
573.2282230854034,0.626,1.085,1.461,46.793,1.32,50.457,1.109,56.786,3.343
573.834912776947,0.626,1.075,1.461,46.793,1.32,50.457,1.114,56.632,3.338
574.4416060447693,0.626,1.085,1.461,46.793,1.32,50.457,1.114,56.632,3.343
575.0482788085938,0.626,1.085,1.461,46.793,1.32,50.457,1.114,56.632,3.338
575.654956817627,0.626,1.085,1.461,46.793,1.32,50.457,1.114,56.632,3.338
576.2616541385651,0.626,1.085,1.461,46.793,1.32,50.457,1.114,56.632,3.333
576.8683819770813,0.626,1.085,1.461,46.793,1.32,50.457,1.114,56.632,3.333
577.4749667644501,0.616,1.095,1.461,46.793,1.32,50.457,1.114,56.632,3.333
578.0816328525543,0.626,1.085,1.461,46.793,1.32,50.457,1.114,56.632,3.338
578.6883637905121,0.626,1.075,1.461,46.793,1.32,50.457,1.109,56.786,3.333
579.2950019836426,0.626,1.085,1.457,46.915,1.32,50.457,1.109,56.786,3.338
579.9017760753632,0.626,1.085,1.457,46.915,1.32,50.457,1.105,56.94,3.338
580.5086040496826,0.626,1.085,1.457,46.915,1.32,50.457,1.105,56.94,3.338
581.1150548458099,0.626,1.08,1.457,46.915,1.32,50.457,1.105,56.94,3.348
581.7217149734497,0.626,1.085,1.457,46.915,1.32,50.457,1.109,56.786,3.343
582.3285489082336,0.626,1.075,1.457,46.915,1.32,50.457,1.109,56.786,3.338
582.9350831508636,0.626,1.085,1.452,47.038,1.32,50.457,1.109,56.786,3.338
583.541846036911,0.626,1.08,1.452,47.038,1.32,50.457,1.109,56.786,3.333
584.1486999988556,0.626,1.085,1.457,46.915,1.32,50.457,1.109,56.786,3.333
584.7553608417511,0.616,1.095,1.457,46.915,1.32,50.457,1.109,56.786,3.343
585.3620660305023,0.626,1.085,1.457,46.915,1.32,50.457,1.109,56.786,3.333
585.9686081409454,0.626,1.08,1.457,46.915,1.32,50.457,1.109,56.786,3.338
586.5749769210815,0.626,1.085,1.457,46.915,1.32,50.457,1.109,56.786,3.343
587.1819190979004,0.626,1.08,1.457,46.915,1.32,50.457,1.109,56.786,3.338
587.7886619567871,0.626,1.085,1.457,46.915,1.32,50.457,1.109,56.786,3.338
588.3950879573822,0.626,1.08,1.457,46.915,1.32,50.457,1.109,56.786,3.333
589.0020639896393,0.616,1.095,1.457,46.915,1.32,50.457,1.114,56.632,3.333
589.6083619594574,0.626,1.07,1.461,46.793,1.32,50.457,1.109,56.786,3.328
590.2152349948883,0.626,1.08,1.461,46.793,1.32,50.457,1.109,56.786,3.333
590.8219630718231,0.616,1.095,1.461,46.793,1.32,50.457,1.109,56.786,3.333
591.4284439086914,0.626,1.085,1.461,46.793,1.315,50.59,1.109,56.786,3.338
592.0354058742523,0.626,1.085,1.461,46.793,1.32,50.457,1.105,56.94,3.333
592.6417608261108,0.621,1.09,1.461,46.793,1.315,50.59,1.105,56.94,3.324
593.2486219406128,0.616,1.095,1.461,46.793,1.32,50.457,1.105,56.94,3.333
593.8551168441772,0.626,1.08,1.461,46.793,1.315,50.59,1.105,56.94,3.333
594.4618148803711,0.626,1.08,1.457,46.915,1.315,50.59,1.105,56.94,3.328
595.0686228275299,0.626,1.085,1.457,46.915,1.315,50.59,1.105,56.94,3.333
595.6752438545227,0.621,1.085,1.457,46.915,1.315,50.59,1.105,56.94,3.333
596.2820219993591,0.626,1.075,1.457,46.915,1.315,50.59,1.105,56.94,3.328
596.8885531425476,0.626,1.08,1.457,46.915,1.315,50.59,1.105,56.94,3.333
597.4953150749207,0.626,1.08,1.457,46.915,1.315,50.59,1.105,56.94,3.324
598.1020381450653,0.626,1.08,1.457,46.915,1.315,50.59,1.105,56.94,3.333
598.7086110115051,0.621,1.09,1.457,46.915,1.315,50.59,1.105,56.94,3.328
599.3153810501099,0.626,1.075,1.457,46.915,1.31,50.723,1.105,56.94,3.333
599.9220948219299,0.626,1.085,1.457,46.915,1.31,50.723,1.105,56.94,3.333
600.5288190841675,0.626,1.08,1.457,46.915,1.31,50.723,1.105,56.94,3.333
601.1354219913483,0.626,1.085,1.457,46.915,1.315,50.59,1.1,57.095,3.328
601.7422008514404,0.626,1.08,1.461,46.793,1.315,50.59,1.105,56.94,3.328
602.348739862442,0.626,1.085,1.461,46.793,1.315,50.59,1.105,56.94,3.333
602.9554159641266,0.626,1.08,1.461,46.793,1.315,50.59,1.105,56.94,3.324
603.5621299743652,0.626,1.085,1.461,46.793,1.315,50.59,1.105,56.94,3.333
604.1688280105591,0.626,1.08,1.461,46.793,1.315,50.59,1.1,57.095,3.328
604.7754180431366,0.626,1.075,1.461,46.793,1.315,50.59,1.1,57.095,3.333
605.3823049068451,0.626,1.08,1.461,46.793,1.315,50.59,1.1,57.095,3.328
605.9888489246368,0.626,1.08,1.461,46.793,1.315,50.59,1.1,57.095,3.328
606.5954101085663,0.616,1.095,1.457,46.915,1.315,50.59,1.1,57.095,3.333
607.2023408412933,0.626,1.085,1.457,46.915,1.315,50.59,1.1,57.095,3.328
607.8089640140533,0.626,1.08,1.457,46.915,1.315,50.59,1.1,57.095,3.333
608.4157149791718,0.626,1.08,1.457,46.915,1.315,50.59,1.105,56.94,3.333
609.0222060680389,0.626,1.08,1.457,46.915,1.315,50.59,1.1,57.095,3.333
609.6290369033813,0.626,1.085,1.457,46.915,1.315,50.59,1.105,56.94,3.328
610.2355780601501,0.626,1.085,1.457,46.915,1.315,50.59,1.105,56.94,3.328
610.8422889709473,0.626,1.085,1.457,46.915,1.315,50.59,1.105,56.94,3.333
611.4489989280701,0.626,1.085,1.452,47.038,1.315,50.59,1.105,56.94,3.333
612.0558481216431,0.626,1.085,1.452,47.038,1.315,50.59,1.105,56.94,3.338
612.6623299121857,0.616,1.095,1.452,47.038,1.315,50.59,1.105,56.94,3.338
613.2691118717194,0.626,1.08,1.452,47.038,1.315,50.59,1.105,56.94,3.338
613.8756890296936,0.616,1.095,1.452,47.038,1.315,50.59,1.105,56.94,3.333
614.4824311733246,0.626,1.085,1.452,47.038,1.31,50.723,1.105,56.94,3.333
615.0892210006714,0.616,1.095,1.452,47.038,1.31,50.723,1.105,56.94,3.338
615.6956911087036,0.626,1.08,1.452,47.038,1.315,50.59,1.109,56.786,3.333
616.3025178909302,0.626,1.085,1.447,47.161,1.31,50.723,1.105,56.94,3.333
616.9091799259186,0.626,1.08,1.447,47.161,1.31,50.723,1.109,56.786,3.338
617.5158381462097,0.626,1.085,1.447,47.161,1.315,50.59,1.109,56.786,3.343
618.1225938796997,0.626,1.075,1.447,47.161,1.31,50.723,1.109,56.786,3.338
618.729348897934,0.626,1.085,1.447,47.161,1.31,50.723,1.109,56.786,3.338
619.3357689380646,0.626,1.085,1.447,47.161,1.31,50.723,1.109,56.786,3.343
619.942440032959,0.626,1.085,1.447,47.161,1.31,50.723,1.109,56.786,3.338
620.5492870807648,0.626,1.085,1.447,47.161,1.31,50.723,1.109,56.786,3.338
621.1559569835663,0.616,1.095,1.447,47.161,1.31,50.723,1.109,56.786,3.343
621.7625689506531,0.621,1.09,1.447,47.161,1.31,50.723,1.109,56.786,3.338
622.3693630695343,0.616,1.095,1.452,47.038,1.31,50.723,1.109,56.786,3.338
622.9760270118713,0.626,1.08,1.452,47.038,1.31,50.723,1.109,56.786,3.338
623.5828168392181,0.626,1.085,1.452,47.038,1.31,50.723,1.109,56.786,3.333
624.1894791126251,0.626,1.085,1.452,47.038,1.31,50.723,1.109,56.786,3.333
624.7961008548737,0.626,1.085,1.452,47.038,1.31,50.723,1.109,56.786,3.338
625.4028098583221,0.621,1.09,1.452,47.038,1.31,50.723,1.109,56.786,3.338
626.0094301700592,0.626,1.085,1.452,47.038,1.31,50.723,1.105,56.94,3.333
626.6160337924957,0.621,1.09,1.452,47.038,1.31,50.723,1.109,56.786,3.338
627.2227449417114,0.626,1.08,1.452,47.038,1.31,50.723,1.105,56.94,3.338
627.8295068740845,0.621,1.095,1.457,46.915,1.31,50.723,1.105,56.94,3.333
628.4362490177155,0.626,1.085,1.457,46.915,1.31,50.723,1.105,56.94,3.333
629.0428719520569,0.626,1.085,1.457,46.915,1.31,50.723,1.105,56.94,3.343
629.6496279239655,0.626,1.085,1.457,46.915,1.31,50.723,1.105,56.94,3.348
630.2562730312347,0.626,1.085,1.457,46.915,1.31,50.723,1.105,56.94,3.338
630.862774848938,0.626,1.08,1.457,46.915,1.31,50.723,1.105,56.94,3.333
631.4694919586182,0.626,1.075,1.452,47.038,1.31,50.723,1.105,56.94,3.333
632.076150894165,0.626,1.085,1.452,47.038,1.31,50.723,1.105,56.94,3.333
632.6829259395599,0.626,1.085,1.452,47.038,1.305,50.856,1.105,56.94,3.343
633.2896647453308,0.626,1.085,1.447,47.161,1.305,50.856,1.1,57.095,3.338
633.8961238861084,0.626,1.08,1.447,47.161,1.305,50.856,1.1,57.095,3.338
634.5030059814453,0.616,1.095,1.447,47.161,1.305,50.856,1.1,57.095,3.328
635.1096768379211,0.626,1.085,1.447,47.161,1.3,50.99,1.105,56.94,3.333
635.7164089679718,0.626,1.085,1.442,47.284,1.305,50.856,1.1,57.095,3.338
636.3230199813843,0.626,1.085,1.442,47.284,1.3,50.99,1.1,57.095,3.338
636.9297099113464,0.626,1.08,1.442,47.284,1.3,50.99,1.1,57.095,3.343
637.536318063736,0.626,1.075,1.442,47.284,1.3,50.99,1.105,56.94,3.328
638.1432008743286,0.626,1.08,1.442,47.284,1.3,50.99,1.105,56.94,3.343
638.7501349449158,0.626,1.085,1.437,47.407,1.305,50.856,1.105,56.94,3.333
639.3566250801086,0.626,1.085,1.437,47.407,1.305,50.856,1.105,56.94,3.338
639.9630770683289,0.626,1.08,1.437,47.407,1.305,50.856,1.105,56.94,3.338
640.5699038505554,0.626,1.085,1.437,47.407,1.305,50.856,1.105,56.94,3.333
641.1766390800476,0.626,1.085,1.437,47.407,1.3,50.99,1.109,56.786,3.338
641.7831540107727,0.626,1.085,1.437,47.407,1.305,50.856,1.109,56.786,3.338
642.3897619247437,0.626,1.085,1.437,47.407,1.305,50.856,1.109,56.786,3.338
642.9964869022369,0.626,1.085,1.437,47.407,1.305,50.856,1.109,56.786,3.338
643.6032660007477,0.621,1.09,1.437,47.407,1.305,50.856,1.109,56.786,3.338
644.2099649906158,0.626,1.09,1.432,47.531,1.305,50.856,1.114,56.632,3.338
644.8166120052338,0.626,1.085,1.432,47.531,1.305,50.856,1.114,56.632,3.338
645.4237201213837,0.626,1.085,1.432,47.531,1.305,50.856,1.114,56.632,3.343
646.0301179885864,0.626,1.09,1.437,47.407,1.305,50.856,1.114,56.632,3.343
646.6366250514984,0.626,1.085,1.437,47.407,1.305,50.856,1.114,56.632,3.338
647.24334192276,0.626,1.09,1.437,47.407,1.305,50.856,1.114,56.632,3.343
647.8500499725342,0.626,1.09,1.437,47.407,1.305,50.856,1.109,56.786,3.343
648.4567539691925,0.621,1.095,1.442,47.284,1.31,50.723,1.109,56.786,3.343
649.0636298656464,0.621,1.095,1.442,47.284,1.305,50.856,1.109,56.786,3.338
649.6701138019562,0.626,1.09,1.447,47.161,1.305,50.856,1.109,56.786,3.338
650.2767078876495,0.626,1.085,1.447,47.161,1.31,50.723,1.109,56.786,3.338
650.8833150863647,0.626,1.08,1.447,47.161,1.31,50.723,1.109,56.786,3.333
651.4901149272919,0.626,1.09,1.447,47.161,1.31,50.723,1.109,56.786,3.333
652.0967919826508,0.621,1.09,1.447,47.161,1.31,50.723,1.109,56.786,3.338
652.7033700942993,0.626,1.085,1.452,47.038,1.31,50.723,1.109,56.786,3.343
653.3102099895477,0.626,1.085,1.452,47.038,1.31,50.723,1.109,56.786,3.333
653.9169330596924,0.626,1.085,1.452,47.038,1.31,50.723,1.109,56.786,3.333
654.5234289169312,0.626,1.085,1.452,47.038,1.31,50.723,1.109,56.786,3.338
655.1302428245544,0.626,1.08,1.457,46.915,1.315,50.59,1.105,56.94,3.338
655.7369251251221,0.626,1.085,1.457,46.915,1.31,50.723,1.105,56.94,3.338
656.3436579704285,0.626,1.085,1.457,46.915,1.315,50.59,1.105,56.94,3.338
656.9501569271088,0.626,1.085,1.457,46.915,1.315,50.59,1.105,56.94,3.343
657.5568962097168,0.626,1.09,1.457,46.915,1.315,50.59,1.105,56.94,3.343
658.1636800765991,0.626,1.09,1.457,46.915,1.315,50.59,1.105,56.94,3.338
658.7702829837799,0.626,1.085,1.457,46.915,1.315,50.59,1.105,56.94,3.338
659.376965045929,0.621,1.095,1.457,46.915,1.315,50.59,1.105,56.94,3.328
659.9836239814758,0.626,1.085,1.457,46.915,1.315,50.59,1.105,56.94,3.343
660.5902709960938,0.626,1.09,1.457,46.915,1.31,50.723,1.105,56.94,3.338
661.1967859268188,0.621,1.09,1.457,46.915,1.315,50.59,1.105,56.94,3.333
661.8034219741821,0.626,1.085,1.457,46.915,1.31,50.723,1.105,56.94,3.338
662.4104480743408,0.626,1.085,1.457,46.915,1.31,50.723,1.105,56.94,3.338
663.0168659687042,0.621,1.09,1.457,46.915,1.31,50.723,1.105,56.94,3.338
663.6235568523407,0.626,1.08,1.452,47.038,1.31,50.723,1.105,56.94,3.338
664.2303290367126,0.621,1.095,1.457,46.915,1.31,50.723,1.105,56.94,3.343
664.8369297981262,0.626,1.085,1.457,46.915,1.31,50.723,1.105,56.94,3.338
665.4436960220337,0.626,1.085,1.457,46.915,1.31,50.723,1.105,56.94,3.333
666.0502290725708,0.626,1.085,1.457,46.915,1.31,50.723,1.105,56.94,3.338
666.6569077968597,0.626,1.08,1.457,46.915,1.31,50.723,1.105,56.94,3.338
667.2637951374054,0.621,1.095,1.457,46.915,1.31,50.723,1.1,57.095,3.348
667.8704898357391,0.626,1.085,1.457,46.915,1.315,50.59,1.1,57.095,3.338
668.477080821991,0.626,1.085,1.457,46.915,1.31,50.723,1.1,57.095,3.333
669.0836818218231,0.621,1.09,1.457,46.915,1.315,50.59,1.1,57.095,3.338
669.6904530525208,0.626,1.075,1.457,46.915,1.31,50.723,1.1,57.095,3.333
670.2970809936523,0.626,1.085,1.457,46.915,1.31,50.723,1.1,57.095,3.333
670.9037761688232,0.626,1.09,1.457,46.915,1.31,50.723,1.095,57.251,3.333
671.5105061531067,0.626,1.08,1.452,47.038,1.31,50.723,1.095,57.251,3.338
672.1170649528503,0.626,1.085,1.452,47.038,1.31,50.723,1.095,57.251,3.333
672.7240068912506,0.616,1.095,1.452,47.038,1.31,50.723,1.095,57.251,3.338
673.3306031227112,0.626,1.08,1.452,47.038,1.31,50.723,1.095,57.251,3.333
673.9372298717499,0.626,1.085,1.452,47.038,1.31,50.723,1.1,57.095,3.338
674.5439150333405,0.626,1.085,1.452,47.038,1.305,50.856,1.1,57.095,3.338
675.150640964508,0.626,1.075,1.452,47.038,1.305,50.856,1.1,57.095,3.328
675.7571930885315,0.626,1.085,1.452,47.038,1.31,50.723,1.1,57.095,3.338
676.3639059066772,0.626,1.075,1.452,47.038,1.31,50.723,1.1,57.095,3.338
676.970978975296,0.616,1.1,1.452,47.038,1.305,50.856,1.1,57.095,3.343
677.5773730278015,0.626,1.09,1.452,47.038,1.31,50.723,1.1,57.095,3.338
678.1841659545898,0.626,1.09,1.452,47.038,1.31,50.723,1.1,57.095,3.338
678.7908461093903,0.626,1.09,1.452,47.038,1.31,50.723,1.1,57.095,3.343
679.3974750041962,0.626,1.09,1.452,47.038,1.31,50.723,1.1,57.095,3.343
680.0040678977966,0.626,1.09,1.452,47.038,1.31,50.723,1.1,57.095,3.333
680.6105999946594,0.626,1.085,1.452,47.038,1.31,50.723,1.1,57.095,3.343
681.2175240516663,0.626,1.085,1.452,47.038,1.31,50.723,1.1,57.095,3.338
681.82408618927,0.626,1.085,1.452,47.038,1.31,50.723,1.1,57.095,3.343
682.4308309555054,0.626,1.09,1.452,47.038,1.31,50.723,1.1,57.095,3.333
683.0375728607178,0.626,1.085,1.452,47.038,1.31,50.723,1.1,57.095,3.343
683.6441860198975,0.626,1.09,1.452,47.038,1.305,50.856,1.1,57.095,3.338
684.2509100437164,0.626,1.09,1.452,47.038,1.305,50.856,1.1,57.095,3.343
684.8577890396118,0.626,1.075,1.452,47.038,1.305,50.856,1.095,57.251,3.338
685.4642851352692,0.626,1.085,1.447,47.161,1.305,50.856,1.1,57.095,3.333
686.0711419582367,0.626,1.09,1.447,47.161,1.305,50.856,1.1,57.095,3.338
686.6777398586273,0.626,1.085,1.447,47.161,1.3,50.99,1.095,57.251,3.333
687.2842450141907,0.621,1.09,1.442,47.284,1.305,50.856,1.1,57.095,3.338
687.890783071518,0.626,1.085,1.442,47.284,1.305,50.856,1.1,57.095,3.338
688.4977118968964,0.626,1.085,1.442,47.284,1.305,50.856,1.1,57.095,3.343
689.1043128967285,0.626,1.09,1.442,47.284,1.3,50.99,1.1,57.095,3.338
689.7124330997467,0.626,1.085,1.442,47.284,1.3,50.99,1.1,57.095,3.338
690.3205440044403,0.626,1.09,1.437,47.407,1.3,50.99,1.1,57.095,3.338
690.9285588264465,0.626,1.09,1.437,47.407,1.3,50.99,1.105,56.94,3.343
691.5365650653839,0.626,1.075,1.437,47.407,1.3,50.99,1.1,57.095,3.338
692.1446659564972,0.626,1.085,1.437,47.407,1.3,50.99,1.1,57.095,3.338
692.7526309490204,0.626,1.09,1.437,47.407,1.3,50.99,1.1,57.095,3.338
693.3604130744934,0.626,1.085,1.437,47.407,1.3,50.99,1.1,57.095,3.338
693.9683117866516,0.626,1.085,1.437,47.407,1.3,50.99,1.1,57.095,3.338
694.5760269165039,0.626,1.09,1.437,47.407,1.3,50.99,1.1,57.095,3.338
814.7034468650818,0.616,1.1,1.432,47.531,1.29,51.259,1.09,57.407,3.343
815.3098289966583,0.626,1.09,1.432,47.531,1.29,51.259,1.09,57.407,3.343
815.9174799919128,0.621,1.085,1.432,47.531,1.295,51.124,1.09,57.407,3.343
816.524955034256,0.626,1.085,1.432,47.531,1.295,51.124,1.09,57.407,3.343
817.1325769424438,0.621,1.09,1.437,47.407,1.3,50.99,1.095,57.251,3.338
817.7400960922241,0.621,1.09,1.437,47.407,1.3,50.99,1.095,57.251,3.338
818.3476729393005,0.621,1.09,1.437,47.407,1.3,50.99,1.095,57.251,3.343
818.9551141262054,0.616,1.09,1.437,47.407,1.3,50.99,1.095,57.251,3.338
819.562518119812,0.616,1.1,1.442,47.284,1.3,50.99,1.095,57.251,3.343
820.1700251102448,0.621,1.09,1.442,47.284,1.3,50.99,1.095,57.251,3.343
820.7781960964203,0.621,1.09,1.447,47.161,1.305,50.856,1.095,57.251,3.348
821.3844649791718,0.621,1.08,1.447,47.161,1.305,50.856,1.095,57.251,3.343
821.9953880310059,0.621,1.09,1.447,47.161,1.305,50.856,1.095,57.251,3.338
822.5993559360504,0.616,1.095,1.447,47.161,1.305,50.856,1.095,57.251,3.338
823.2066531181335,0.616,1.085,1.447,47.161,1.31,50.723,1.095,57.251,3.338
823.8137969970703,0.616,1.095,1.447,47.161,1.31,50.723,1.095,57.251,3.343
824.4209399223328,0.616,1.095,1.447,47.161,1.31,50.723,1.095,57.251,3.343
825.0281219482422,0.616,1.095,1.447,47.161,1.31,50.723,1.1,57.095,3.343
825.63525390625,0.621,1.09,1.447,47.161,1.31,50.723,1.1,57.095,3.338
826.2425711154938,0.616,1.095,1.447,47.161,1.305,50.856,1.095,57.251,3.338
826.8495697975159,0.616,1.095,1.447,47.161,1.31,50.723,1.095,57.251,3.338
827.4568500518799,0.616,1.09,1.452,47.038,1.31,50.723,1.1,57.095,3.333
828.0640678405762,0.616,1.095,1.452,47.038,1.31,50.723,1.1,57.095,3.338
828.6709809303284,0.616,1.09,1.447,47.161,1.305,50.856,1.1,57.095,3.338
829.2780470848083,0.616,1.09,1.452,47.038,1.305,50.856,1.095,57.251,3.343
829.885006904602,0.616,1.09,1.447,47.161,1.305,50.856,1.095,57.251,3.338
830.4921319484711,0.611,1.1,1.452,47.038,1.305,50.856,1.095,57.251,3.333
831.0991599559784,0.616,1.09,1.447,47.161,1.305,50.856,1.095,57.251,3.333
831.7061710357666,0.616,1.085,1.447,47.161,1.305,50.856,1.095,57.251,3.333
832.3132879734039,0.616,1.095,1.447,47.161,1.305,50.856,1.095,57.251,3.338
832.9201419353485,0.616,1.095,1.447,47.161,1.305,50.856,1.095,57.251,3.333
833.527195930481,0.616,1.095,1.447,47.161,1.305,50.856,1.095,57.251,3.333
834.1341469287872,0.616,1.09,1.447,47.161,1.305,50.856,1.09,57.407,3.328
834.7410600185394,0.616,1.09,1.447,47.161,1.305,50.856,1.09,57.407,3.328
835.3480360507965,0.611,1.095,1.447,47.161,1.3,50.99,1.09,57.407,3.338
835.9549269676208,0.616,1.09,1.447,47.161,1.3,50.99,1.09,57.407,3.333
836.5621569156647,0.616,1.09,1.442,47.284,1.3,50.99,1.09,57.407,3.333
837.1688079833984,0.616,1.09,1.442,47.284,1.3,50.99,1.095,57.251,3.338
837.775810956955,0.616,1.09,1.447,47.161,1.3,50.99,1.095,57.251,3.333
838.3826298713684,0.616,1.09,1.447,47.161,1.3,50.99,1.095,57.251,3.338
838.9896001815796,0.616,1.09,1.447,47.161,1.295,51.124,1.09,57.407,3.333
839.5963978767395,0.616,1.095,1.442,47.284,1.3,50.99,1.09,57.407,3.333
840.2034180164337,0.616,1.085,1.447,47.161,1.295,51.124,1.09,57.407,3.338
840.810131072998,0.616,1.09,1.447,47.161,1.295,51.124,1.09,57.407,3.333
841.4170389175415,0.611,1.095,1.447,47.161,1.3,50.99,1.09,57.407,3.338
842.0238499641418,0.621,1.085,1.447,47.161,1.3,50.99,1.09,57.407,3.324
842.6307349205017,0.616,1.095,1.447,47.161,1.3,50.99,1.09,57.407,3.333
843.237804889679,0.616,1.085,1.447,47.161,1.3,50.99,1.09,57.407,3.333
843.8445498943329,0.616,1.09,1.442,47.284,1.3,50.99,1.09,57.407,3.338
844.4514498710632,0.616,1.09,1.447,47.161,1.3,50.99,1.09,57.407,3.328
845.0582559108734,0.611,1.095,1.447,47.161,1.3,50.99,1.09,57.407,3.324
845.6647720336914,0.606,1.1,1.447,47.161,1.3,50.99,1.09,57.407,3.324
846.2718529701233,0.611,1.095,1.447,47.161,1.3,50.99,1.09,57.407,3.324
846.8785259723663,0.606,1.1,1.447,47.161,1.3,50.99,1.09,57.407,3.324
847.48534989357,0.616,1.09,1.447,47.161,1.3,50.99,1.09,57.407,3.328
848.0920841693878,0.606,1.1,1.447,47.161,1.3,50.99,1.09,57.407,3.333
848.6988661289215,0.611,1.095,1.447,47.161,1.3,50.99,1.09,57.407,3.324
849.3057219982147,0.611,1.095,1.447,47.161,1.3,50.99,1.09,57.407,3.324
849.9124219417572,0.611,1.095,1.447,47.161,1.3,50.99,1.09,57.407,3.324
850.5193240642548,0.611,1.095,1.447,47.161,1.3,50.99,1.09,57.407,3.328
851.1260719299316,0.606,1.1,1.447,47.161,1.3,50.99,1.09,57.407,3.328
851.7328500747681,0.611,1.095,1.447,47.161,1.3,50.99,1.09,57.407,3.333
852.3395638465881,0.611,1.095,1.447,47.161,1.3,50.99,1.09,57.407,3.328
852.9463679790497,0.616,1.09,1.447,47.161,1.3,50.99,1.09,57.407,3.328
853.5532131195068,0.611,1.09,1.447,47.161,1.3,50.99,1.09,57.407,3.324
854.1598629951477,0.616,1.085,1.447,47.161,1.3,50.99,1.09,57.407,3.328
854.7665979862213,0.616,1.09,1.447,47.161,1.3,50.99,1.09,57.407,3.333
855.373429775238,0.611,1.095,1.447,47.161,1.3,50.99,1.09,57.407,3.328
855.9801208972931,0.611,1.095,1.447,47.161,1.3,50.99,1.09,57.407,3.328
856.5869851112366,0.616,1.09,1.447,47.161,1.3,50.99,1.095,57.251,3.333
857.1937110424042,0.616,1.09,1.447,47.161,1.3,50.99,1.095,57.251,3.328
857.8004169464111,0.616,1.08,1.447,47.161,1.3,50.99,1.09,57.407,3.333
858.4072709083557,0.616,1.085,1.447,47.161,1.3,50.99,1.09,57.407,3.328
859.013858795166,0.616,1.085,1.447,47.161,1.3,50.99,1.095,57.251,3.333
859.6206648349762,0.616,1.085,1.447,47.161,1.3,50.99,1.095,57.251,3.324
860.2274069786072,0.616,1.09,1.447,47.161,1.3,50.99,1.095,57.251,3.324
860.8342390060425,0.616,1.08,1.447,47.161,1.295,51.124,1.095,57.251,3.328
861.4408659934998,0.616,1.085,1.447,47.161,1.3,50.99,1.095,57.251,3.328
862.047728061676,0.616,1.09,1.447,47.161,1.3,50.99,1.1,57.095,3.324
862.6544420719147,0.616,1.085,1.447,47.161,1.3,50.99,1.095,57.251,3.328
863.2611010074615,0.611,1.08,1.447,47.161,1.3,50.99,1.095,57.251,3.333
863.8678109645844,0.616,1.08,1.447,47.161,1.3,50.99,1.095,57.251,3.324
864.4746577739716,0.611,1.09,1.447,47.161,1.295,51.124,1.095,57.251,3.324
865.0814847946167,0.616,1.085,1.442,47.284,1.295,51.124,1.095,57.251,3.328
865.6880478858948,0.611,1.09,1.442,47.284,1.295,51.124,1.095,57.251,3.328
866.2948451042175,0.616,1.085,1.442,47.284,1.295,51.124,1.1,57.095,3.328
866.9016830921173,0.616,1.085,1.437,47.407,1.295,51.124,1.1,57.095,3.328
867.5081689357758,0.616,1.085,1.442,47.284,1.295,51.124,1.1,57.095,3.324
868.1149070262909,0.616,1.085,1.442,47.284,1.295,51.124,1.1,57.095,3.328
868.7214570045471,0.616,1.1,1.442,47.284,1.295,51.124,1.1,57.095,3.324
869.3282799720764,0.611,1.095,1.442,47.284,1.295,51.124,1.095,57.251,3.328
869.9351551532745,0.616,1.085,1.442,47.284,1.295,51.124,1.095,57.251,3.324
870.5420150756836,0.611,1.09,1.442,47.284,1.29,51.259,1.095,57.251,3.328
871.1484670639038,0.616,1.085,1.442,47.284,1.29,51.259,1.095,57.251,3.324
871.7552869319916,0.611,1.085,1.442,47.284,1.295,51.124,1.095,57.251,3.324
872.362154006958,0.611,1.09,1.442,47.284,1.295,51.124,1.095,57.251,3.328
872.9707291126251,0.616,1.085,1.437,47.407,1.295,51.124,1.095,57.251,3.328
873.5753078460693,0.606,1.095,1.442,47.284,1.295,51.124,1.095,57.251,3.324
874.1821000576019,0.616,1.08,1.442,47.284,1.295,51.124,1.095,57.251,3.328
874.7889811992645,0.611,1.09,1.437,47.407,1.295,51.124,1.095,57.251,3.333
875.3956189155579,0.616,1.08,1.437,47.407,1.295,51.124,1.095,57.251,3.324
876.002357006073,0.616,1.085,1.437,47.407,1.295,51.124,1.095,57.251,3.324
876.6090168952942,0.616,1.085,1.437,47.407,1.295,51.124,1.09,57.407,3.324
877.2158088684082,0.616,1.085,1.437,47.407,1.295,51.124,1.09,57.407,3.324
877.822417974472,0.611,1.09,1.437,47.407,1.295,51.124,1.095,57.251,3.324
878.4290020465851,0.616,1.085,1.437,47.407,1.295,51.124,1.095,57.251,3.328
879.0357320308685,0.611,1.095,1.437,47.407,1.295,51.124,1.095,57.251,3.328
879.6424190998077,0.616,1.085,1.437,47.407,1.295,51.124,1.095,57.251,3.324
880.2491941452026,0.616,1.085,1.442,47.284,1.295,51.124,1.095,57.251,3.328
880.8560199737549,0.616,1.085,1.437,47.407,1.295,51.124,1.095,57.251,3.333
881.4624609947205,0.606,1.095,1.437,47.407,1.295,51.124,1.095,57.251,3.324
882.0693159103394,0.616,1.085,1.437,47.407,1.295,51.124,1.095,57.251,3.328
882.6758170127869,0.616,1.085,1.437,47.407,1.295,51.124,1.095,57.251,3.333
883.2827360630035,0.616,1.085,1.437,47.407,1.295,51.124,1.095,57.251,3.328
883.8893539905548,0.616,1.085,1.437,47.407,1.295,51.124,1.095,57.251,3.328
884.4958591461182,0.616,1.085,1.437,47.407,1.29,51.259,1.095,57.251,3.333
885.1027071475983,0.616,1.075,1.437,47.407,1.295,51.124,1.095,57.251,3.328
885.7092969417572,0.616,1.085,1.432,47.531,1.29,51.259,1.095,57.251,3.324
886.3161160945892,0.616,1.085,1.437,47.407,1.29,51.259,1.1,57.095,3.328
886.9225800037384,0.616,1.085,1.432,47.531,1.29,51.259,1.095,57.251,3.324
887.5293641090393,0.606,1.1,1.432,47.531,1.29,51.259,1.095,57.251,3.328
888.1360058784485,0.611,1.09,1.432,47.531,1.29,51.259,1.1,57.095,3.328
888.7428231239319,0.611,1.09,1.432,47.531,1.29,51.259,1.095,57.251,3.328
889.3495261669159,0.611,1.08,1.432,47.531,1.29,51.259,1.095,57.251,3.333
889.9560849666595,0.616,1.085,1.432,47.531,1.29,51.259,1.095,57.251,3.324
890.5629048347473,0.606,1.095,1.432,47.531,1.29,51.259,1.095,57.251,3.328
891.1696610450745,0.611,1.08,1.432,47.531,1.29,51.259,1.095,57.251,3.324
891.776172876358,0.616,1.085,1.432,47.531,1.29,51.259,1.095,57.251,3.333
892.383003950119,0.616,1.085,1.432,47.531,1.29,51.259,1.095,57.251,3.324
892.98956990242,0.616,1.085,1.432,47.531,1.29,51.259,1.095,57.251,3.333
893.5963940620422,0.616,1.085,1.432,47.531,1.295,51.124,1.095,57.251,3.328
894.2030868530273,0.616,1.085,1.432,47.531,1.295,51.124,1.095,57.251,3.333
894.809732913971,0.616,1.085,1.437,47.407,1.295,51.124,1.095,57.251,3.324
895.4163229465485,0.611,1.09,1.437,47.407,1.295,51.124,1.095,57.251,3.328
896.0231740474701,0.616,1.085,1.437,47.407,1.295,51.124,1.095,57.251,3.328
896.629832983017,0.616,1.085,1.442,47.284,1.295,51.124,1.095,57.251,3.328
897.2364399433136,0.611,1.085,1.442,47.284,1.295,51.124,1.095,57.251,3.333
897.8432080745697,0.616,1.09,1.442,47.284,1.295,51.124,1.095,57.251,3.328
898.4498620033264,0.616,1.09,1.442,47.284,1.295,51.124,1.09,57.407,3.333
899.0566689968109,0.616,1.085,1.442,47.284,1.295,51.124,1.09,57.407,3.328
899.6633429527283,0.616,1.09,1.442,47.284,1.295,51.124,1.09,57.407,3.328
900.269926071167,0.616,1.085,1.442,47.284,1.3,50.99,1.09,57.407,3.333
900.8766930103302,0.616,1.085,1.442,47.284,1.3,50.99,1.09,57.407,3.333
901.483283996582,0.616,1.085,1.442,47.284,1.3,50.99,1.09,57.407,3.333
902.0900690555573,0.611,1.095,1.442,47.284,1.3,50.99,1.09,57.407,3.328
902.6967959403992,0.606,1.1,1.442,47.284,1.295,51.124,1.09,57.407,3.328
903.3035931587219,0.616,1.09,1.442,47.284,1.295,51.124,1.09,57.407,3.324
903.9102280139923,0.611,1.09,1.442,47.284,1.295,51.124,1.09,57.407,3.328
904.5168437957764,0.611,1.09,1.442,47.284,1.295,51.124,1.09,57.407,3.328
905.1234359741211,0.606,1.1,1.442,47.284,1.295,51.124,1.095,57.251,3.328
905.7302060127258,0.616,1.085,1.442,47.284,1.295,51.124,1.095,57.251,3.319
906.3369228839874,0.616,1.085,1.442,47.284,1.295,51.124,1.095,57.251,3.328
906.9435269832611,0.611,1.095,1.442,47.284,1.295,51.124,1.095,57.251,3.324
907.5502948760986,0.606,1.1,1.442,47.284,1.295,51.124,1.095,57.251,3.333
908.1569700241089,0.611,1.09,1.442,47.284,1.295,51.124,1.095,57.251,3.333
908.7638280391693,0.611,1.085,1.442,47.284,1.295,51.124,1.09,57.407,3.324
909.3703210353851,0.611,1.09,1.442,47.284,1.295,51.124,1.09,57.407,3.324
909.9769859313965,0.611,1.09,1.442,47.284,1.295,51.124,1.09,57.407,3.328
910.5838539600372,0.606,1.095,1.447,47.161,1.295,51.124,1.09,57.407,3.328
911.1904621124268,0.611,1.09,1.447,47.161,1.295,51.124,1.09,57.407,3.333
911.7972068786621,0.616,1.085,1.442,47.284,1.3,50.99,1.09,57.407,3.324
912.4038758277893,0.616,1.085,1.447,47.161,1.295,51.124,1.09,57.407,3.324
913.0105891227722,0.616,1.085,1.447,47.161,1.295,51.124,1.095,57.251,3.328
913.6172769069672,0.616,1.085,1.447,47.161,1.3,50.99,1.095,57.251,3.343
914.2239789962769,0.616,1.085,1.447,47.161,1.3,50.99,1.09,57.407,3.328
914.8306159973145,0.616,1.08,1.447,47.161,1.3,50.99,1.09,57.407,3.328
915.4373128414154,0.616,1.085,1.447,47.161,1.295,51.124,1.09,57.407,3.328
916.0440368652344,0.616,1.085,1.447,47.161,1.3,50.99,1.09,57.407,3.324
916.6507279872894,0.611,1.09,1.447,47.161,1.3,50.99,1.095,57.251,3.328
917.2572870254517,0.611,1.085,1.442,47.284,1.3,50.99,1.095,57.251,0.0
917.8638439178467,0.0,0.0,1.471,46.55,1.325,50.325,1.114,56.632,0.0
918.470486164093,0.0,0.0,1.466,46.672,1.325,50.325,1.119,56.478,0.0
919.0773270130157,0.0,0.0,1.466,46.672,1.325,50.325,1.124,56.326,0.0
919.6840138435364,0.0,0.0,1.466,46.672,1.325,50.325,1.134,56.022,0.0
920.2906739711761,0.0,0.0,1.466,46.672,1.325,50.325,1.144,55.721,0.0
920.8973999023438,0.0,0.0,1.466,46.672,1.325,50.325,1.158,55.273,0.0
921.5040338039398,0.0,0.0,1.471,46.55,1.329,50.193,1.173,54.831,0.0
922.1107988357544,0.0,0.0,1.471,46.55,1.329,50.193,1.183,54.539,0.0
922.717472076416,0.0,0.0,1.471,46.55,1.329,50.193,1.197,54.104,0.0
923.3239769935608,0.0,0.0,1.471,46.55,1.329,50.193,1.212,53.674,0.0
923.9306950569153,0.0,0.0,1.476,46.429,1.334,50.062,1.222,53.39,0.0
924.5374639034271,0.0,0.0,1.476,46.429,1.334,50.062,1.237,52.967,0.0
925.1442940235138,0.0,0.0,1.476,46.429,1.339,49.931,1.246,52.688,0.0
925.7507810592651,0.0,0.0,1.476,46.429,1.339,49.931,1.256,52.411,0.0
926.3574879169464,0.0,0.0,1.476,46.429,1.339,49.931,1.266,52.135,0.0
926.9641938209534,0.0,0.0,1.476,46.429,1.344,49.8,1.281,51.725,0.0
927.5709898471832,0.0,0.0,1.481,46.308,1.344,49.8,1.29,51.454,0.0
928.1776509284973,0.0,0.0,1.481,46.308,1.349,49.67,1.3,51.185,0.0
928.7843730449677,0.0,0.0,1.481,46.308,1.349,49.67,1.305,51.051,0.0
929.3910298347473,0.0,0.0,1.481,46.308,1.354,49.54,1.315,50.784,0.0
929.9976201057434,0.0,0.0,1.486,46.188,1.354,49.54,1.325,50.519,0.0
930.6043798923492,0.0,0.0,1.486,46.188,1.359,49.411,1.334,50.256,0.0
931.2109699249268,0.0,0.0,1.486,46.188,1.364,49.282,1.344,49.994,0.0
931.8177390098572,0.0,0.0,1.486,46.188,1.364,49.282,1.354,49.733,0.0
932.4244420528412,0.0,0.0,1.486,46.188,1.369,49.153,1.364,49.475,0.0
933.0311589241028,0.0,0.0,1.486,46.188,1.369,49.153,1.369,49.346,0.0
933.6379940509796,0.0,0.0,1.491,46.068,1.373,49.025,1.378,49.089,0.0
934.2445111274719,0.0,0.0,1.491,46.068,1.378,48.897,1.388,48.834,0.0
934.8512029647827,0.0,0.0,1.491,46.068,1.378,48.897,1.393,48.707,0.0
935.4579420089722,0.0,0.0,1.491,46.068,1.383,48.769,1.408,48.329,0.0
936.0645761489868,0.0,0.0,1.491,46.068,1.388,48.642,1.413,48.203,0.0
936.6713390350342,0.0,0.0,1.496,45.948,1.388,48.642,1.417,48.078,0.0
937.2780168056488,0.0,0.0,1.496,45.948,1.393,48.515,1.427,47.828,0.0
937.8846490383148,0.0,0.0,1.496,45.948,1.398,48.389,1.437,47.58,0.0
938.4913849830627,0.0,0.0,1.496,45.948,1.403,48.262,1.442,47.457,0.0
939.0980241298676,0.0,0.0,1.496,45.948,1.403,48.262,1.447,47.334,0.0
939.7046408653259,0.0,0.0,1.496,45.948,1.408,48.137,1.452,47.211,0.0
940.3115081787109,0.0,0.0,1.5,45.828,1.413,48.011,1.461,46.966,0.0
940.9181220531464,0.0,0.0,1.5,45.828,1.413,48.011,1.466,46.844,0.0
941.5247240066528,0.0,0.0,1.5,45.828,1.417,47.886,1.471,46.723,0.0
942.1315422058105,0.0,0.0,1.5,45.828,1.422,47.761,1.481,46.481,0.0
942.738203048706,0.0,0.0,1.5,45.828,1.422,47.761,1.486,46.36,0.0
943.3450739383698,0.0,0.0,1.5,45.828,1.427,47.637,1.491,46.24,0.0
943.9515080451965,0.0,0.0,1.5,45.828,1.432,47.513,1.496,46.12,0.0
944.5582249164581,0.0,0.0,1.505,45.709,1.432,47.513,1.505,45.881,0.0
945.1649739742279,0.0,0.0,1.505,45.709,1.437,47.389,1.51,45.762,0.0
945.7716779708862,0.0,0.0,1.51,45.59,1.442,47.266,1.515,45.643,0.0
946.3783838748932,0.0,0.0,1.51,45.59,1.447,47.143,1.52,45.525,0.0
946.9850490093231,0.0,0.0,1.515,45.471,1.447,47.143,1.525,45.406,0.0
947.5915911197662,0.0,0.0,1.515,45.471,1.452,47.02,1.53,45.288,0.0
948.198469877243,0.0,0.0,1.515,45.471,1.457,46.898,1.535,45.171,0.0
948.8048510551453,0.0,0.0,1.515,45.471,1.461,46.776,1.54,45.053,0.0
949.4117999076843,0.0,0.0,1.52,45.353,1.466,46.654,1.544,44.936,0.0
950.018324136734,0.0,0.0,1.52,45.353,1.466,46.654,1.549,44.82,0.0
950.624922990799,0.0,0.0,1.52,45.353,1.471,46.533,1.554,44.703,0.0
951.2318811416626,0.0,0.0,1.525,45.235,1.476,46.412,1.559,44.587,0.0
951.8384358882904,0.0,0.0,1.525,45.235,1.481,46.291,1.564,44.471,0.0
952.4451820850372,0.0,0.0,1.53,45.117,1.486,46.17,1.569,44.355,0.0
953.0518298149109,0.0,0.0,1.535,45.0,1.491,46.05,1.574,44.24,0.0
953.6585590839386,0.0,0.0,1.535,45.0,1.496,45.93,1.579,44.125,0.0
954.2653279304504,0.0,0.0,1.54,44.882,1.496,45.93,1.584,44.01,0.0
954.872043132782,0.0,0.0,1.54,44.882,1.5,45.811,1.588,43.895,0.0
955.4787831306458,0.0,0.0,1.544,44.765,1.505,45.692,1.593,43.781,0.0
956.0853018760681,0.0,0.0,1.549,44.649,1.51,45.573,1.598,43.667,0.0
956.6920499801636,0.0,0.0,1.554,44.532,1.515,45.454,1.598,43.667,0.0
957.2987689971924,0.0,0.0,1.554,44.532,1.52,45.336,1.608,43.439,0.0
957.9054391384125,0.0,0.0,1.559,44.416,1.525,45.218,1.608,43.439,0.0
958.5119290351868,0.0,0.0,1.564,44.3,1.525,45.218,1.613,43.326,0.0
959.1189160346985,0.0,0.0,1.564,44.3,1.53,45.1,1.618,43.213,0.0
959.7255368232727,0.0,0.0,1.569,44.185,1.535,44.982,1.623,43.1,0.0
960.331995010376,0.0,0.0,1.574,44.07,1.54,44.865,1.628,42.988,0.0
960.9389698505402,0.0,0.0,1.579,43.955,1.544,44.748,1.632,42.875,0.0
961.5456521511078,0.0,0.0,1.579,43.955,1.544,44.748,1.637,42.763,0.0
962.1522929668427,0.0,0.0,1.584,43.84,1.549,44.631,1.642,42.651,0.0
962.758957862854,0.0,0.0,1.584,43.84,1.554,44.515,1.647,42.54,0.0
963.3656799793243,0.0,0.0,1.588,43.725,1.554,44.515,1.647,42.54,0.0
963.972375869751,0.0,0.0,1.593,43.611,1.559,44.399,1.657,42.317,0.0
964.5788698196411,0.0,0.0,1.593,43.611,1.564,44.283,1.662,42.206,0.0
965.185494184494,0.0,0.0,1.598,43.497,1.564,44.283,1.662,42.206,0.0
965.7924110889435,0.0,0.0,1.603,43.383,1.569,44.168,1.672,41.985,0.0
966.3991298675537,0.0,0.0,1.603,43.383,1.574,44.052,1.672,41.985,0.0
967.0057780742645,0.0,0.0,1.608,43.27,1.574,44.052,1.676,41.875,0.0
967.6123740673065,0.0,0.0,1.608,43.27,1.579,43.937,1.681,41.765,0.0
968.2190208435059,0.0,0.0,1.608,43.27,1.579,43.937,1.686,41.655,0.0
968.8259091377258,0.0,0.0,1.613,43.157,1.584,43.823,1.691,41.546,0.0
969.432345867157,0.0,0.0,1.618,43.044,1.588,43.708,1.691,41.546,0.0
970.0389878749847,0.0,0.0,1.618,43.044,1.593,43.594,1.696,41.436,0.0
970.6458258628845,0.0,0.0,1.623,42.931,1.593,43.594,1.701,41.327,0.0
971.2524290084839,0.0,0.0,1.623,42.931,1.598,43.48,1.701,41.327,0.0
971.8592939376831,0.0,0.0,1.628,42.819,1.603,43.366,1.706,41.218,0.0
972.4658510684967,0.0,0.0,1.628,42.819,1.608,43.253,1.706,41.218,0.0
973.0724940299988,0.0,0.0,1.628,42.819,1.608,43.253,1.711,41.11,0.0
973.6793949604034,0.0,0.0,1.632,42.706,1.613,43.139,1.716,41.001,0.0
974.2857491970062,0.0,0.0,1.637,42.594,1.618,43.027,1.72,40.893,0.0
974.8924860954285,0.0,0.0,1.637,42.594,1.618,43.027,1.725,40.785,0.0
975.4993159770966,0.0,0.0,1.642,42.483,1.623,42.914,1.725,40.785,0.0
976.1059939861298,0.0,0.0,1.647,42.371,1.628,42.801,1.73,40.677,0.0
976.7125639915466,0.0,0.0,1.647,42.371,1.628,42.801,1.735,40.57,0.0
977.3193471431732,0.0,0.0,1.652,42.26,1.632,42.689,1.74,40.462,0.0
977.9260139465332,0.0,0.0,1.652,42.26,1.637,42.577,1.74,40.462,0.0
978.5327808856964,0.0,0.0,1.657,42.149,1.637,42.577,1.745,40.355,0.0
979.1394240856171,0.0,0.0,1.662,42.038,1.642,42.465,1.75,40.248,0.0
979.7461137771606,0.0,0.0,1.662,42.038,1.642,42.465,1.75,40.248,0.0
980.3526620864868,0.0,0.0,1.662,42.038,1.647,42.354,1.755,40.141,0.0
980.959450006485,0.0,0.0,1.667,41.927,1.647,42.354,1.76,40.035,0.0
981.5661787986755,0.0,0.0,1.667,41.927,1.652,42.243,1.764,39.928,0.0
982.1727907657623,0.0,0.0,1.672,41.817,1.652,42.243,1.764,39.928,0.0
982.779394865036,0.0,0.0,1.676,41.707,1.657,42.132,1.769,39.822,0.0
983.3860828876495,0.0,0.0,1.676,41.707,1.657,42.132,1.774,39.716,0.0
983.9928658008575,0.0,0.0,1.681,41.597,1.662,42.021,1.774,39.716,0.0
984.5995740890503,0.0,0.0,1.686,41.487,1.667,41.91,1.779,39.61,0.0
985.2061820030212,0.0,0.0,1.691,41.378,1.672,41.8,1.779,39.61,0.0
985.812864780426,0.0,0.0,1.691,41.378,1.672,41.8,1.784,39.505,0.0
986.4196708202362,0.0,0.0,1.696,41.269,1.676,41.69,1.789,39.399,0.0
987.0263459682465,0.0,0.0,1.701,41.16,1.681,41.58,1.789,39.399,0.0
987.6329259872437,0.0,0.0,1.701,41.16,1.686,41.47,1.794,39.294,0.0
988.2396559715271,0.0,0.0,1.706,41.051,1.691,41.361,1.799,39.189,0.0
988.84641289711,0.0,0.0,1.711,40.942,1.691,41.361,1.799,39.189,0.0
989.4531090259552,0.0,0.0,1.716,40.834,1.696,41.252,1.804,39.084,0.0
990.0596919059753,0.0,0.0,1.716,40.834,1.701,41.143,1.808,38.979,0.0
990.666384935379,0.0,0.0,1.72,40.726,1.701,41.143,1.808,38.979,0.0
991.2731528282166,0.0,0.0,1.725,40.618,1.706,41.034,1.813,38.875,0.0
991.879889011383,0.0,0.0,1.73,40.51,1.711,40.925,1.813,38.875,0.0
992.4865717887878,0.0,0.0,1.73,40.51,1.716,40.817,1.818,38.771,0.0
993.0932939052582,0.0,0.0,1.735,40.403,1.716,40.817,1.823,38.667,0.0
993.6999378204346,0.0,0.0,1.74,40.296,1.72,40.709,1.823,38.667,0.0
994.3066120147705,0.0,0.0,1.74,40.296,1.725,40.601,1.828,38.563,0.0
994.9131870269775,0.0,0.0,1.745,40.188,1.725,40.601,1.828,38.563,0.0
995.5200080871582,0.0,0.0,1.745,40.188,1.73,40.493,1.828,38.563,0.0
996.1267328262329,0.0,0.0,1.75,40.082,1.735,40.386,1.833,38.459,0.0
996.7333679199219,0.0,0.0,1.75,40.082,1.735,40.386,1.838,38.355,0.0
997.3399670124054,0.0,0.0,1.755,39.975,1.74,40.279,1.838,38.355,0.0
997.946713924408,0.0,0.0,1.76,39.868,1.74,40.279,1.843,38.252,0.0
998.5534501075745,0.0,0.0,1.76,39.868,1.745,40.171,1.843,38.252,0.0
999.1602010726929,0.0,0.0,1.764,39.762,1.75,40.065,1.848,38.149,0.0
999.766923904419,0.0,0.0,1.769,39.656,1.75,40.065,1.848,38.149,0.0
1000.3736898899078,0.0,0.0,1.769,39.656,1.755,39.958,1.852,38.046,0.0
1000.9800977706909,0.0,0.0,1.774,39.55,1.76,39.851,1.857,37.943,0.0
1001.5868890285492,0.0,0.0,1.774,39.55,1.76,39.851,1.857,37.943,0.0
1002.1934669017792,0.0,0.0,1.779,39.444,1.764,39.745,1.862,37.84,0.0
1002.8002951145172,0.0,0.0,1.779,39.444,1.764,39.745,1.867,37.737,0.0
1003.4070019721985,0.0,0.0,1.784,39.339,1.769,39.639,1.867,37.737,0.0
1004.0136008262634,0.0,0.0,1.784,39.339,1.769,39.639,1.872,37.635,0.0
1004.6203711032867,0.0,0.0,1.789,39.234,1.774,39.533,1.872,37.635,0.0
1005.2272069454193,0.0,0.0,1.789,39.234,1.774,39.533,1.877,37.533,0.0
1005.8340899944305,0.0,0.0,1.789,39.234,1.779,39.427,1.882,37.431,0.0
1006.4403941631317,0.0,0.0,1.794,39.128,1.779,39.427,1.887,37.329,0.0
1007.0472002029419,0.0,0.0,1.799,39.023,1.784,39.322,1.887,37.329,0.0
1007.6538400650024,0.0,0.0,1.804,38.919,1.784,39.322,1.887,37.329,0.0
1008.2603569030762,0.0,0.0,1.804,38.919,1.789,39.217,1.891,37.227,0.0
1008.867253780365,0.0,0.0,1.808,38.814,1.794,39.112,1.891,37.227,0.0
1009.4738698005676,0.0,0.0,1.813,38.71,1.794,39.112,1.896,37.125,0.0
1010.0804371833801,0.0,0.0,1.813,38.71,1.799,39.007,1.901,37.024,0.0
1010.6871869564056,0.0,0.0,1.818,38.605,1.804,38.902,1.901,37.024,0.0
1011.2939348220825,0.0,0.0,1.823,38.501,1.804,38.902,1.906,36.923,0.0
1011.900631904602,0.0,0.0,1.823,38.501,1.808,38.797,1.906,36.923,0.0
1012.5073838233948,0.0,0.0,1.828,38.398,1.813,38.693,1.911,36.822,0.0
1013.1138708591461,0.0,0.0,1.828,38.398,1.813,38.693,1.911,36.822,0.0
1013.7206540107727,0.0,0.0,1.833,38.294,1.818,38.589,1.916,36.721,0.0
1014.3274068832397,0.0,0.0,1.838,38.19,1.823,38.485,1.916,36.721,0.0
1014.9340879917145,0.0,0.0,1.838,38.19,1.823,38.485,1.916,36.721,0.0
1015.5406839847565,0.0,0.0,1.838,38.19,1.828,38.381,1.921,36.62,0.0
1016.1474871635437,0.0,0.0,1.843,38.087,1.828,38.381,1.921,36.62,0.0
1016.7541878223419,0.0,0.0,1.848,37.984,1.833,38.277,1.921,36.62,0.0
1017.3609209060669,0.0,0.0,1.848,37.984,1.833,38.277,1.926,36.519,0.0
1017.9675679206848,0.0,0.0,1.852,37.881,1.838,38.174,1.931,36.419,0.0
1018.5741541385651,0.0,0.0,1.852,37.881,1.838,38.174,1.931,36.419,0.0
1019.180871963501,0.0,0.0,1.857,37.778,1.843,38.07,1.931,36.419,0.0
1019.787449836731,0.0,0.0,1.862,37.676,1.843,38.07,1.935,36.319,0.0
1020.3942408561707,0.0,0.0,1.862,37.676,1.848,37.967,1.94,36.218,0.0
1021.0008869171143,0.0,0.0,1.867,37.573,1.852,37.864,1.94,36.218,0.0
1021.6076278686523,0.0,0.0,1.872,37.471,1.857,37.762,1.94,36.218,0.0
1022.2143321037292,0.0,0.0,1.872,37.471,1.857,37.762,1.945,36.118,0.0
1022.8208680152893,0.0,0.0,1.877,37.369,1.862,37.659,1.945,36.118,0.0
1023.4277641773224,0.0,0.0,1.882,37.267,1.862,37.659,1.945,36.118,0.0
1024.0342721939087,0.0,0.0,1.882,37.267,1.867,37.556,1.95,36.019,0.0
1024.6411559581757,0.0,0.0,1.887,37.165,1.867,37.556,1.95,36.019,0.0
1025.2476689815521,0.0,0.0,1.887,37.165,1.872,37.454,1.955,35.919,0.0
1025.8542408943176,0.0,0.0,1.891,37.063,1.872,37.454,1.955,35.919,0.0
1026.4611330032349,0.0,0.0,1.891,37.063,1.877,37.352,1.955,35.919,0.0
1027.0676808357239,0.0,0.0,1.896,36.962,1.877,37.352,1.96,35.819,0.0
1027.674411058426,0.0,0.0,1.896,36.962,1.882,37.25,1.96,35.819,0.0
1028.2809717655182,0.0,0.0,1.901,36.861,1.882,37.25,1.965,35.72,0.0
1028.8877630233765,0.0,0.0,1.901,36.861,1.887,37.148,1.965,35.72,0.0
1029.4943940639496,0.0,0.0,1.906,36.759,1.891,37.047,1.97,35.62,0.0
1030.101044178009,0.0,0.0,1.906,36.759,1.891,37.047,1.975,35.521,0.0
1030.7077388763428,0.0,0.0,1.911,36.658,1.896,36.945,1.975,35.521,0.0
1031.3144869804382,0.0,0.0,1.911,36.658,1.896,36.945,1.979,35.422,0.0
1031.9211821556091,0.0,0.0,1.916,36.558,1.901,36.844,1.979,35.422,0.0
1032.5278317928314,0.0,0.0,1.921,36.457,1.901,36.844,1.979,35.422,0.0
1033.1344919204712,0.0,0.0,1.921,36.457,1.906,36.743,1.984,35.323,0.0
1033.7412719726562,0.0,0.0,1.926,36.356,1.906,36.743,1.984,35.323,0.0
1034.3479928970337,0.0,0.0,1.926,36.356,1.906,36.743,1.989,35.225,0.0
1034.9546430110931,0.0,0.0,1.931,36.256,1.911,36.642,1.989,35.225,0.0
1035.5612580776215,0.0,0.0,1.931,36.256,1.916,36.541,1.994,35.126,0.0
1036.1680328845978,0.0,0.0,1.935,36.156,1.916,36.541,1.999,35.028,0.0
1036.7747070789337,0.0,0.0,1.935,36.156,1.916,36.541,1.999,35.028,0.0
1037.381430864334,0.0,0.0,1.94,36.056,1.921,36.44,1.999,35.028,0.0
1037.9881188869476,0.0,0.0,1.94,36.056,1.926,36.34,2.004,34.929,0.0
1038.5946488380432,0.0,0.0,1.945,35.956,1.926,36.34,2.009,34.831,0.0
1039.2015330791473,0.0,0.0,1.95,35.856,1.931,36.239,2.009,34.831,0.0
1039.8080809116364,0.0,0.0,1.95,35.856,1.931,36.239,2.014,34.733,0.0
1040.4148519039154,0.0,0.0,1.955,35.756,1.931,36.239,2.014,34.733,0.0
1041.021518945694,0.0,0.0,1.955,35.756,1.935,36.139,2.014,34.733,0.0
1041.6282379627228,0.0,0.0,1.955,35.756,1.935,36.139,2.019,34.635,0.0
1042.2349519729614,0.0,0.0,1.955,35.756,1.94,36.039,2.019,34.635,0.0
1042.841852903366,0.0,0.0,1.96,35.657,1.94,36.039,2.023,34.537,0.0
1043.4483091831207,0.0,0.0,1.965,35.557,1.945,35.939,2.019,34.635,0.0
1044.0550620555878,0.0,0.0,1.965,35.557,1.945,35.939,2.028,34.44,0.0
1044.661670923233,0.0,0.0,1.965,35.557,1.95,35.839,2.028,34.44,0.0
1045.2682359218597,0.0,0.0,1.97,35.458,1.955,35.74,2.028,34.44,0.0
1045.8749551773071,0.0,0.0,1.975,35.359,1.955,35.74,2.033,34.342,0.0
1046.4817879199982,0.0,0.0,1.975,35.359,1.96,35.64,2.033,34.342,0.0
1047.0884177684784,0.0,0.0,1.979,35.26,1.96,35.64,2.038,34.245,0.0
1047.6951830387115,0.0,0.0,1.979,35.26,1.96,35.64,2.038,34.245,0.0
1048.3018400669098,0.0,0.0,1.979,35.26,1.96,35.64,2.038,34.245,0.0
1048.9085111618042,0.0,0.0,1.984,35.161,1.965,35.541,2.038,34.245,0.0
1049.515156030655,0.0,0.0,1.984,35.161,1.965,35.541,2.043,34.147,0.0
1050.1217439174652,0.0,0.0,1.989,35.063,1.97,35.442,2.043,34.147,0.0
1050.7284560203552,0.0,0.0,1.989,35.063,1.97,35.442,2.048,34.05,0.0
1051.3352768421173,0.0,0.0,1.989,35.063,1.975,35.343,2.048,34.05,0.0
1051.9418959617615,0.0,0.0,1.989,35.063,1.975,35.343,2.053,33.953,0.0
1052.5487048625946,0.0,0.0,1.994,34.964,1.979,35.244,2.053,33.953,0.0
1053.1552860736847,0.0,0.0,1.994,34.964,1.979,35.244,2.058,33.856,0.0
1053.762009859085,0.0,0.0,1.999,34.866,1.979,35.244,2.058,33.856,0.0
1054.368609905243,0.0,0.0,1.999,34.866,1.984,35.145,2.058,33.856,0.0
1054.9752640724182,0.0,0.0,2.004,34.768,1.984,35.145,2.058,33.856,0.0
1055.5819730758667,0.0,0.0,2.004,34.768,1.984,35.145,2.063,33.759,0.0
1056.1887571811676,0.0,0.0,2.004,34.768,1.989,35.046,2.063,33.759,0.0
1056.7954881191254,0.0,0.0,2.009,34.669,1.989,35.046,2.067,33.663,0.0
1057.4021739959717,0.0,0.0,2.009,34.669,1.989,35.046,2.067,33.663,0.0
1058.0088710784912,0.0,0.0,2.009,34.669,1.994,34.948,2.067,33.663,0.0
1058.6154708862305,0.0,0.0,2.014,34.572,1.994,34.948,2.067,33.663,0.0
1059.222200870514,0.0,0.0,2.014,34.572,1.999,34.849,2.072,33.566,0.0
1059.8289079666138,0.0,0.0,2.019,34.474,1.999,34.849,2.072,33.566,0.0
1060.4356760978699,0.0,0.0,2.019,34.474,2.004,34.751,2.077,33.47,0.0
1061.0421841144562,0.0,0.0,2.019,34.474,2.004,34.751,2.077,33.47,0.0
1061.6489779949188,0.0,0.0,2.019,34.474,2.004,34.751,2.082,33.374,0.0
1062.2556319236755,0.0,0.0,2.023,34.376,2.009,34.653,2.082,33.374,0.0
1062.8623430728912,0.0,0.0,2.023,34.376,2.009,34.653,2.082,33.374,0.0
1063.4690520763397,0.0,0.0,2.028,34.278,2.009,34.653,2.087,33.277,0.0
1064.0758390426636,0.0,0.0,2.028,34.278,2.014,34.555,2.087,33.277,0.0
1064.6824028491974,0.0,0.0,2.028,34.278,2.014,34.555,2.092,33.181,0.0
1065.2891061306,0.0,0.0,2.028,34.278,2.019,34.457,2.092,33.181,0.0
1065.8958721160889,0.0,0.0,2.033,34.181,2.019,34.457,2.092,33.181,0.0
1066.502394914627,0.0,0.0,2.033,34.181,2.019,34.457,2.092,33.181,0.0
1067.1094298362732,0.0,0.0,2.033,34.181,2.023,34.36,2.097,33.085,0.0
1067.7159249782562,0.0,0.0,2.038,34.084,2.023,34.36,2.097,33.085,0.0
1068.322574853897,0.0,0.0,2.038,34.084,2.028,34.262,2.097,33.085,0.0
1068.9292991161346,0.0,0.0,2.038,34.084,2.028,34.262,2.102,32.989,0.0
1069.5360209941864,0.0,0.0,2.043,33.986,2.028,34.262,2.107,32.894,0.0
1070.142499923706,0.0,0.0,2.043,33.986,2.033,34.165,2.107,32.894,0.0
1070.7494161128998,0.0,0.0,2.043,33.986,2.033,34.165,2.107,32.894,0.0
1071.3559708595276,0.0,0.0,2.048,33.889,2.038,34.067,2.107,32.894,0.0
1071.9627311229706,0.0,0.0,2.048,33.889,2.038,34.067,2.111,32.798,0.0
1072.569612979889,0.0,0.0,2.048,33.889,2.038,34.067,2.111,32.798,0.0
1073.1759309768677,0.0,0.0,2.053,33.792,2.043,33.97,2.116,32.703,0.0
1073.7826960086823,0.0,0.0,2.058,33.696,2.043,33.97,2.116,32.703,0.0
1074.3894510269165,0.0,0.0,2.058,33.696,2.048,33.873,2.121,32.607,0.0
1074.99613904953,0.0,0.0,2.058,33.696,2.048,33.873,2.121,32.607,0.0
1075.602697134018,0.0,0.0,2.063,33.599,2.053,33.776,2.126,32.512,0.0
1076.209461927414,0.0,0.0,2.063,33.599,2.053,33.776,2.126,32.512,0.0
1076.8161449432373,0.0,0.0,2.063,33.599,2.058,33.679,2.126,32.512,0.034
1077.4229221343994,0.0,0.0,2.067,33.502,2.058,33.679,2.126,32.512,0.0
1078.0296590328217,0.0,0.0,2.067,33.502,2.058,33.679,2.126,32.512,0.0
1078.636307001114,0.0,0.0,2.067,33.502,2.058,33.679,2.131,32.417,0.078
1079.2428188323975,0.0,0.0,2.072,33.406,2.063,33.583,2.131,32.417,0.0
1079.8495891094208,0.0,0.0,2.072,33.406,2.063,33.583,2.136,32.322,0.0
1080.4563479423523,0.0,0.0,2.072,33.406,2.063,33.583,2.136,32.322,0.0
1081.0631399154663,0.0,0.0,2.077,33.309,2.067,33.486,2.136,32.322,0.0
1081.6697309017181,0.0,0.0,2.077,33.309,2.067,33.486,2.136,32.322,0.0
1082.27641415596,0.0,0.0,2.082,33.213,2.072,33.39,2.141,32.227,0.0
1082.8830170631409,0.0,0.0,2.082,33.213,2.072,33.39,2.141,32.227,0.0
1083.4897589683533,0.0,0.0,2.082,33.213,2.077,33.293,2.141,32.227,0.0
1084.0964848995209,0.0,0.0,2.087,33.117,2.077,33.293,2.141,32.227,0.0
1084.7031269073486,0.0,0.0,2.087,33.117,2.077,33.293,2.146,32.132,0.0
1085.3097579479218,0.0,0.0,2.087,33.117,2.077,33.293,2.146,32.132,0.0
1085.9164628982544,0.0,0.0,2.092,33.021,2.082,33.197,2.151,32.037,0.0
1086.5232410430908,0.0,0.0,2.092,33.021,2.082,33.197,2.151,32.037,0.0
1087.1299438476562,0.0,0.0,2.097,32.925,2.087,33.101,2.155,31.942,0.0
1087.736675977707,0.0,0.0,2.097,32.925,2.087,33.101,2.151,32.037,0.0
1088.3433229923248,0.0,0.0,2.097,32.925,2.087,33.101,2.155,31.942,0.0
1088.9499650001526,0.0,0.0,2.102,32.83,2.092,33.005,2.155,31.942,0.0
1089.5566711425781,0.0,0.0,2.102,32.83,2.092,33.005,2.16,31.848,0.0
1090.1632950305939,0.0,0.0,2.102,32.83,2.092,33.005,2.16,31.848,0.0
1090.7700808048248,0.0,0.0,2.107,32.734,2.097,32.909,2.16,31.848,0.0
1091.3766379356384,0.0,0.0,2.107,32.734,2.097,32.909,2.16,31.848,0.0
1091.9835028648376,0.0,0.0,2.111,32.638,2.097,32.909,2.165,31.753,0.0
1092.590054988861,0.0,0.0,2.111,32.638,2.102,32.813,2.165,31.753,0.0
1093.1965970993042,0.0,0.0,2.111,32.638,2.107,32.718,2.165,31.753,0.0
1093.8034319877625,0.0,0.0,2.116,32.543,2.107,32.718,2.17,31.659,0.0
1094.410001039505,0.0,0.0,2.116,32.543,2.107,32.718,2.17,31.659,0.0
1095.0168840885162,0.0,0.0,2.121,32.448,2.107,32.718,2.17,31.659,0.0
1095.623528957367,0.0,0.0,2.121,32.448,2.111,32.622,2.17,31.659,0.0
1096.2301478385925,0.0,0.0,2.121,32.448,2.111,32.622,2.175,31.565,0.0
1096.8369529247284,0.0,0.0,2.126,32.352,2.111,32.622,2.175,31.565,0.0
1097.4435548782349,0.0,0.0,2.126,32.352,2.116,32.527,2.18,31.471,0.0
1098.0501551628113,0.0,0.0,2.131,32.257,2.116,32.527,2.18,31.471,0.0
1098.6570258140564,0.0,0.0,2.131,32.257,2.121,32.431,2.18,31.471,0.0
1099.2635118961334,0.0,0.0,2.136,32.162,2.121,32.431,2.185,31.377,0.0
1099.870306968689,0.0,0.0,2.141,32.067,2.121,32.431,2.185,31.377,0.0
1100.476833820343,0.0,0.0,2.141,32.067,2.121,32.431,2.185,31.377,0.0
1101.0836188793182,0.0,0.0,2.141,32.067,2.121,32.431,2.185,31.377,0.0
1101.690414905548,0.0,0.0,2.146,31.973,2.126,32.336,2.19,31.283,0.0
1102.2970368862152,0.0,0.0,2.146,31.973,2.126,32.336,2.19,31.283,0.0
1102.9037499427795,0.0,0.0,2.146,31.973,2.126,32.336,2.195,31.189,0.0
1103.5102610588074,0.0,0.0,2.151,31.878,2.131,32.241,2.195,31.189,0.0
1104.11700797081,0.0,0.0,2.151,31.878,2.131,32.241,2.195,31.189,0.0
1104.7238628864288,0.0,0.0,2.151,31.878,2.131,32.241,2.195,31.189,0.0
1105.330400943756,0.0,0.0,2.151,31.878,2.136,32.146,2.199,31.095,0.0
1105.9371418952942,0.0,0.0,2.155,31.783,2.136,32.146,2.199,31.095,0.0
1106.543779850006,0.0,0.0,2.155,31.783,2.136,32.146,2.199,31.095,0.0
1107.150505065918,0.0,0.0,2.155,31.783,2.141,32.051,2.204,31.001,0.0
1107.7571737766266,0.0,0.0,2.155,31.783,2.141,32.051,2.204,31.001,0.0
1108.3638479709625,0.0,0.0,2.155,31.783,2.141,32.051,2.204,31.001,0.0
1108.9705929756165,0.0,0.0,2.16,31.689,2.146,31.957,2.209,30.908,0.0
1109.5773358345032,0.0,0.0,2.16,31.689,2.146,31.957,2.204,31.001,0.0
1110.183818101883,0.0,0.0,2.16,31.689,2.146,31.957,2.209,30.908,0.0
1110.7904880046844,0.0,0.0,2.16,31.689,2.151,31.862,2.209,30.908,0.0
1111.3973231315613,0.0,0.0,2.165,31.595,2.151,31.862,2.209,30.908,0.0
1112.003947019577,0.0,0.0,2.165,31.595,2.151,31.862,2.214,30.814,0.0
1112.610641002655,0.0,0.0,2.165,31.595,2.151,31.862,2.214,30.814,0.0
1113.2173058986664,0.0,0.0,2.17,31.5,2.155,31.767,2.214,30.814,0.005
1113.8240249156952,0.0,0.0,2.17,31.5,2.155,31.767,2.214,30.814,0.0
1114.4307639598846,0.0,0.0,2.17,31.5,2.155,31.767,2.214,30.814,0.0
1115.0375797748566,0.0,0.0,2.175,31.406,2.16,31.673,2.219,30.721,0.0
1115.644054889679,0.0,0.0,2.175,31.406,2.16,31.673,2.219,30.721,0.0
1116.251079082489,0.0,0.0,2.18,31.312,2.165,31.578,2.224,30.628,0.0
1116.8577628135681,0.0,0.0,2.18,31.312,2.165,31.578,2.224,30.628,0.0
1117.4643158912659,0.0,0.0,2.18,31.312,2.165,31.578,2.224,30.628,0.0
1118.0709190368652,0.0,0.0,2.18,31.312,2.165,31.578,2.224,30.628,0.0
1118.677563905716,0.0,0.0,2.185,31.218,2.17,31.484,2.224,30.628,0.0
1119.2843208312988,0.0,0.0,2.19,31.124,2.17,31.484,2.229,30.534,0.0
1119.8912649154663,0.0,0.0,2.19,31.124,2.175,31.39,2.229,30.534,0.0
1120.497610092163,0.0,0.0,2.19,31.124,2.175,31.39,2.229,30.534,0.0
1121.1045060157776,0.0,0.0,2.195,31.031,2.175,31.39,2.229,30.534,0.0
1121.7111268043518,0.0,0.0,2.195,31.031,2.175,31.39,2.234,30.441,0.0
1122.317785024643,0.0,0.0,2.195,31.031,2.18,31.296,2.229,30.534,0.0
1122.9244067668915,0.0,0.0,2.195,31.031,2.18,31.296,2.234,30.441,0.0
1123.5311949253082,0.0,0.0,2.199,30.937,2.18,31.296,2.234,30.441,0.0
1124.13796377182,0.0,0.0,2.199,30.937,2.185,31.202,2.234,30.441,0.0
1124.7447400093079,0.0,0.0,2.199,30.937,2.185,31.202,2.239,30.348,0.0
1125.3513669967651,0.0,0.0,2.209,30.75,2.185,31.202,2.239,30.348,0.0
1125.957738161087,0.0,0.0,2.204,30.843,2.19,31.108,2.243,30.255,0.0
1126.5644979476929,0.0,0.0,2.209,30.75,2.19,31.108,2.243,30.255,0.0
1127.1711010932922,0.0,0.0,2.209,30.75,2.19,31.108,2.243,30.255,0.0
1127.7780799865723,0.0,0.0,2.209,30.75,2.19,31.108,2.243,30.255,0.0
1128.38454413414,0.0,0.0,2.209,30.75,2.19,31.108,2.243,30.255,0.0
1128.9911890029907,0.0,0.0,2.214,30.656,2.195,31.014,2.248,30.163,0.0
1129.5980010032654,0.0,0.0,2.214,30.656,2.195,31.014,2.248,30.163,0.0
1130.2045378684998,0.0,0.0,2.214,30.656,2.199,30.921,2.248,30.163,0.0
1130.8112800121307,0.0,0.0,2.214,30.656,2.199,30.921,2.248,30.163,0.0
1131.4180250167847,0.0,0.0,2.214,30.656,2.199,30.921,2.253,30.07,0.005
1132.0247449874878,0.0,0.0,2.219,30.563,2.199,30.921,2.253,30.07,0.0
1132.631313085556,0.0,0.0,2.214,30.656,2.199,30.921,2.253,30.07,0.0
1133.2379758358002,0.0,0.0,2.219,30.563,2.204,30.827,2.253,30.07,0.0
1133.8448250293732,0.0,0.0,2.219,30.563,2.204,30.827,2.258,29.977,0.0
1134.45148396492,0.0,0.0,2.219,30.563,2.204,30.827,2.258,29.977,0.0
1135.0581049919128,0.0,0.0,2.219,30.563,2.204,30.827,2.258,29.977,0.0
1135.6647939682007,0.0,0.0,2.219,30.563,2.209,30.734,2.258,29.977,0.0
1136.2717089653015,0.0,0.0,2.219,30.563,2.209,30.734,2.258,29.977,0.0
1136.8783550262451,0.0,0.0,2.224,30.47,2.209,30.734,2.258,29.977,0.0
1137.484976053238,0.0,0.0,2.224,30.47,2.214,30.64,2.263,29.885,0.0
1138.091787815094,0.0,0.0,2.224,30.47,2.214,30.64,2.263,29.885,0.0
1138.6983361244202,0.0,0.0,2.229,30.377,2.214,30.64,2.268,29.792,0.0
1139.30513381958,0.0,0.0,2.229,30.377,2.214,30.64,2.268,29.792,0.0
1139.9116098880768,0.0,0.0,2.229,30.377,2.214,30.64,2.268,29.792,0.0
1140.5184228420258,0.0,0.0,2.229,30.377,2.214,30.64,2.268,29.792,0.0
1141.1251950263977,0.0,0.0,2.229,30.377,2.219,30.547,2.268,29.792,0.0
1141.7317960262299,0.0,0.0,2.234,30.284,2.219,30.547,2.268,29.792,0.0
1142.338483095169,0.0,0.0,2.234,30.284,2.224,30.454,2.273,29.7,0.0
1142.9451401233673,0.0,0.0,2.239,30.191,2.224,30.454,2.273,29.7,0.0
1143.5518548488617,0.0,0.0,2.239,30.191,2.224,30.454,2.273,29.7,0.0
1144.1585161685944,0.0,0.0,2.239,30.191,2.224,30.454,2.273,29.7,0.0
1144.7652549743652,0.0,0.0,2.243,30.098,2.229,30.361,2.273,29.7,0.0
1145.3717639446259,0.0,0.0,2.243,30.098,2.229,30.361,2.273,29.7,0.0
1145.9785459041595,0.0,0.0,2.248,30.005,2.234,30.268,2.278,29.607,0.0
1146.5853369235992,0.0,0.0,2.253,29.913,2.234,30.268,2.278,29.607,0.0
1147.1920008659363,0.0,0.0,2.248,30.005,2.234,30.268,2.278,29.607,0.0
1147.7987749576569,0.0,0.0,2.253,29.913,2.234,30.268,2.278,29.607,0.0
1148.4052958488464,0.0,0.0,2.253,29.913,2.239,30.175,2.278,29.607,0.0
1149.0121071338654,0.0,0.0,2.258,29.82,2.239,30.175,2.283,29.515,0.0
1149.6186439990997,0.0,0.0,2.258,29.82,2.239,30.175,2.283,29.515,0.0
1150.2253699302673,0.0,0.0,2.258,29.82,2.239,30.175,2.287,29.423,0.0
1150.8320500850677,0.0,0.0,2.258,29.82,2.239,30.175,2.287,29.423,0.0
1151.4388041496277,0.0,0.0,2.263,29.727,2.243,30.082,2.287,29.423,0.0
1152.045441865921,0.0,0.0,2.263,29.727,2.243,30.082,2.287,29.423,0.0
1152.6521728038788,0.0,0.0,2.263,29.727,2.243,30.082,2.292,29.331,0.01
1153.2589027881622,0.0,0.0,2.263,29.727,2.243,30.082,2.287,29.423,0.005
1153.8656060695648,0.0,0.0,2.268,29.635,2.243,30.082,2.292,29.331,0.0
1154.4722759723663,0.0,0.0,2.268,29.635,2.248,29.989,2.292,29.331,0.005
1155.0789861679077,0.0,0.0,2.268,29.635,2.248,29.989,2.292,29.331,0.0
1155.6856558322906,0.0,0.0,2.268,29.635,2.248,29.989,2.292,29.331,0.005
1156.2923638820648,0.0,0.0,2.273,29.543,2.253,29.897,2.292,29.331,0.0
1156.8990869522095,0.0,0.0,2.273,29.543,2.253,29.897,2.297,29.239,0.0
1157.5057921409607,0.0,0.0,2.273,29.543,2.258,29.804,2.297,29.239,0.0
1158.112373828888,0.0,0.0,2.278,29.45,2.258,29.804,2.297,29.239,0.005
1158.7190279960632,0.0,0.0,2.278,29.45,2.258,29.804,2.297,29.239,0.0
1159.3256669044495,0.0,0.0,2.278,29.45,2.258,29.804,2.297,29.239,0.0
1159.9325001239777,0.0,0.0,2.278,29.45,2.258,29.804,2.302,29.147,0.0
1160.5392470359802,0.0,0.0,2.283,29.358,2.263,29.711,2.302,29.147,0.0
1161.1460011005402,0.0,0.0,2.283,29.358,2.263,29.711,2.302,29.147,0.0
1161.7525119781494,0.0,0.0,2.283,29.358,2.268,29.619,2.302,29.147,0.0
1162.3591639995575,0.0,0.0,2.287,29.266,2.263,29.711,2.307,29.055,0.0
1162.9660429954529,0.0,0.0,2.287,29.266,2.268,29.619,2.302,29.147,0.0
1163.5726549625397,0.0,0.0,2.287,29.266,2.268,29.619,2.302,29.147,0.0
1164.1792089939117,0.0,0.0,2.287,29.266,2.268,29.619,2.307,29.055,0.01
1164.7859380245209,0.0,0.0,2.292,29.174,2.268,29.619,2.307,29.055,0.0
1165.3926198482513,0.0,0.0,2.292,29.174,2.273,29.527,2.307,29.055,0.0
1165.9992179870605,0.0,0.0,2.292,29.174,2.273,29.527,2.307,29.055,0.0
1166.6059930324554,0.0,0.0,2.292,29.174,2.273,29.527,2.312,28.963,0.01
1167.2127950191498,0.0,0.0,2.292,29.174,2.273,29.527,2.312,28.963,0.0
1167.819422006607,0.0,0.0,2.297,29.082,2.278,29.435,2.312,28.963,0.0
1168.4262070655823,0.0,0.0,2.297,29.082,2.278,29.435,2.312,28.963,0.0
1169.0327608585358,0.0,0.0,2.297,29.082,2.278,29.435,2.317,28.871,0.0
1169.639447927475,0.0,0.0,2.297,29.082,2.278,29.435,2.317,28.871,0.0
1170.2460360527039,0.0,0.0,2.297,29.082,2.283,29.342,2.317,28.871,0.0
1170.852952003479,0.0,0.0,2.302,28.99,2.283,29.342,2.317,28.871,0.005
1171.4594478607178,0.0,0.0,2.302,28.99,2.283,29.342,2.322,28.78,0.0
1172.06618309021,0.0,0.0,2.302,28.99,2.283,29.342,2.322,28.78,0.0
1172.6730909347534,0.0,0.0,2.302,28.99,2.287,29.25,2.322,28.78,0.0
1173.2796399593353,0.0,0.0,2.302,28.99,2.287,29.25,2.322,28.78,0.0
1173.886384010315,0.0,0.0,2.307,28.899,2.287,29.25,2.322,28.78,0.0
1174.4929361343384,0.0,0.0,2.307,28.899,2.287,29.25,2.322,28.78,0.01
1175.099821805954,0.0,0.0,2.312,28.807,2.287,29.25,2.322,28.78,0.0
1175.7062129974365,0.0,0.0,2.312,28.807,2.292,29.158,2.326,28.688,0.0
1176.313012123108,0.0,0.0,2.312,28.807,2.287,29.25,2.326,28.688,0.0
1176.9196708202362,0.0,0.0,2.312,28.807,2.292,29.158,2.326,28.688,0.01
1177.5263049602509,0.0,0.0,2.312,28.807,2.292,29.158,2.326,28.688,0.0
1178.132994890213,0.0,0.0,2.312,28.807,2.292,29.158,2.326,28.688,0.0
1178.7399010658264,0.0,0.0,2.312,28.807,2.292,29.158,2.331,28.597,0.0
1179.3465559482574,0.0,0.0,2.317,28.715,2.297,29.066,2.331,28.597,0.005
1179.9531028270721,0.0,0.0,2.317,28.715,2.297,29.066,2.331,28.597,0.0
1180.5598380565643,0.0,0.0,2.317,28.715,2.297,29.066,2.331,28.597,0.0
1181.1666247844696,0.0,0.0,2.317,28.715,2.297,29.066,2.336,28.505,0.005
1181.7732260227203,0.0,0.0,2.317,28.715,2.297,29.066,2.336,28.505,0.0
1182.3799619674683,0.0,0.0,2.317,28.715,2.302,28.974,2.336,28.505,0.0
1182.9868330955505,0.0,0.0,2.322,28.624,2.302,28.974,2.336,28.505,0.005
1183.5935440063477,0.0,0.0,2.322,28.624,2.302,28.974,2.336,28.505,0.0
1184.1999928951263,0.0,0.0,2.322,28.624,2.302,28.974,2.336,28.505,0.039
1184.806589126587,0.0,0.0,2.322,28.624,2.302,28.974,2.336,28.505,0.015
1185.413386106491,0.0,0.0,2.326,28.532,2.302,28.974,2.341,28.414,0.0
1186.0200049877167,0.0,0.0,2.326,28.532,2.302,28.974,2.341,28.414,0.0
1186.6268451213837,0.0,0.0,2.326,28.532,2.307,28.883,2.341,28.414,0.0
1187.2334198951721,0.0,0.0,2.326,28.532,2.307,28.883,2.341,28.414,0.0
1187.840017080307,0.0,0.0,2.326,28.532,2.307,28.883,2.341,28.414,0.0
1188.4468748569489,0.0,0.0,2.326,28.532,2.307,28.883,2.341,28.414,0.005
1189.0536680221558,0.0,0.0,2.331,28.441,2.312,28.791,2.341,28.414,0.0
1189.6601901054382,0.0,0.0,2.331,28.441,2.312,28.791,2.341,28.414,0.0
1190.2667899131775,0.0,0.0,2.331,28.441,2.312,28.791,2.346,28.323,0.0
1190.87353515625,0.0,0.0,2.331,28.441,2.312,28.791,2.346,28.323,0.0
1191.4803199768066,0.0,0.0,2.331,28.441,2.312,28.791,2.346,28.323,0.0
1192.0869629383087,0.0,0.0,2.336,28.349,2.312,28.791,2.351,28.231,0.0
1192.6937098503113,0.0,0.0,2.336,28.349,2.317,28.699,2.351,28.231,0.0
1193.3002469539642,0.0,0.0,2.336,28.349,2.322,28.608,2.351,28.231,0.0
1193.9070720672607,0.0,0.0,2.336,28.349,2.317,28.699,2.351,28.231,0.0
1194.5135440826416,0.0,0.0,2.336,28.349,2.317,28.699,2.351,28.231,0.0
1195.1203968524933,0.0,0.0,2.341,28.258,2.322,28.608,2.351,28.231,0.01
1195.7270669937134,0.0,0.0,2.341,28.258,2.322,28.608,2.356,28.14,0.0
1196.333703994751,0.0,0.0,2.341,28.258,2.322,28.608,2.356,28.14,0.0
1196.9403669834137,0.0,0.0,2.341,28.258,2.322,28.608,2.356,28.14,0.0
1197.547029018402,0.0,0.0,2.341,28.258,2.322,28.608,2.356,28.14,0.0
1198.153851032257,0.0,0.0,2.341,28.258,2.322,28.608,2.356,28.14,0.0
1198.7604939937592,0.0,0.0,2.341,28.258,2.326,28.516,2.356,28.14,0.0
1199.3672699928284,0.0,0.0,2.341,28.258,2.326,28.516,2.361,28.049,0.0
1199.9738249778748,0.0,0.0,2.346,28.167,2.326,28.516,2.361,28.049,0.0
1200.5806510448456,0.0,0.0,2.346,28.167,2.326,28.516,2.361,28.049,0.0
1201.1872019767761,0.0,0.0,2.346,28.167,2.326,28.516,2.361,28.049,0.0
1201.794038772583,0.0,0.0,2.346,28.167,2.326,28.516,2.361,28.049,0.0
1202.4006140232086,0.0,0.0,2.351,28.076,2.326,28.516,2.366,27.958,0.0
1203.007581949234,0.0,0.0,2.351,28.076,2.331,28.425,2.366,27.958,0.015
1203.6141557693481,0.0,0.0,2.351,28.076,2.331,28.425,2.366,27.958,0.0
1204.2206060886383,0.0,0.0,2.351,28.076,2.331,28.425,2.366,27.958,0.0
1204.8272559642792,0.0,0.0,2.351,28.076,2.331,28.425,2.366,27.958,0.0
1205.434005022049,0.0,0.0,2.356,27.985,2.336,28.334,2.366,27.958,0.0
1206.0408239364624,0.0,0.0,2.356,27.985,2.336,28.334,2.366,27.958,0.0
1206.647395849228,0.0,0.0,2.356,27.985,2.336,28.334,2.37,27.867,0.0
1207.254317998886,0.0,0.0,2.356,27.985,2.336,28.334,2.37,27.867,0.0
1207.8608050346375,0.0,0.0,2.356,27.985,2.336,28.334,2.37,27.867,0.0
1208.467633008957,0.0,0.0,2.356,27.985,2.336,28.334,2.37,27.867,0.005
1209.0742847919464,0.0,0.0,2.361,27.894,2.341,28.242,2.37,27.867,0.0
1209.6810021400452,0.0,0.0,2.361,27.894,2.341,28.242,2.375,27.776,0.0
1210.2874460220337,0.0,0.0,2.361,27.894,2.341,28.242,2.37,27.867,0.0
1210.8945198059082,0.0,0.0,2.361,27.894,2.341,28.242,2.375,27.776,0.0
1211.5011360645294,0.0,0.0,2.361,27.894,2.341,28.242,2.375,27.776,0.0
1212.107558965683,0.0,0.0,2.361,27.894,2.341,28.242,2.375,27.776,0.0
1212.7141480445862,0.0,0.0,2.361,27.894,2.341,28.242,2.375,27.776,0.0
1213.3209309577942,0.0,0.0,2.361,27.894,2.341,28.242,2.375,27.776,0.0
1213.927780866623,0.0,0.0,2.366,27.803,2.346,28.151,2.375,27.776,0.0
1214.5346419811249,0.0,0.0,2.366,27.803,2.346,28.151,2.375,27.776,0.005
1215.1410930156708,0.0,0.0,2.366,27.803,2.346,28.151,2.38,27.686,0.0
1215.7479410171509,0.0,0.0,2.366,27.803,2.346,28.151,2.375,27.776,0.0
1216.354751110077,0.0,0.0,2.37,27.712,2.351,28.06,2.38,27.686,0.0
1216.9610660076141,0.0,0.0,2.37,27.712,2.351,28.06,2.38,27.686,0.0
1217.5677478313446,0.0,0.0,2.37,27.712,2.351,28.06,2.385,27.595,0.0
1218.1744878292084,0.0,0.0,2.37,27.712,2.351,28.06,2.38,27.686,0.0
1218.7810699939728,0.0,0.0,2.37,27.712,2.351,28.06,2.385,27.595,0.0
1219.3879618644714,0.0,0.0,2.375,27.621,2.351,28.06,2.385,27.595,0.005
1219.9945039749146,0.0,0.0,2.37,27.712,2.351,28.06,2.385,27.595,0.0
1220.6010677814484,0.0,0.0,2.375,27.621,2.356,27.969,2.385,27.595,0.0
1221.207934141159,0.0,0.0,2.375,27.621,2.356,27.969,2.385,27.595,0.01
1221.814532995224,0.0,0.0,2.38,27.531,2.356,27.969,2.385,27.595,0.015
1222.4215681552887,0.0,0.0,2.375,27.621,2.356,27.969,2.385,27.595,0.01
1223.028235912323,0.0,0.0,2.38,27.531,2.361,27.878,2.39,27.504,0.015
1223.634731054306,0.0,0.0,2.38,27.531,2.361,27.878,2.39,27.504,0.02
1224.2415058612823,0.0,0.0,2.38,27.531,2.361,27.878,2.39,27.504,0.01
1224.8481919765472,0.0,0.0,2.38,27.531,2.361,27.878,2.39,27.504,0.01
1225.45467710495,0.0,0.0,2.38,27.531,2.361,27.878,2.39,27.504,0.0
1226.0614428520203,0.0,0.0,2.385,27.44,2.366,27.787,2.39,27.504,0.0
1226.6679661273956,0.0,0.0,2.385,27.44,2.366,27.787,2.39,27.504,0.0
1227.2749500274658,0.0,0.0,2.385,27.44,2.366,27.787,2.39,27.504,0.015
1227.8813989162445,0.0,0.0,2.385,27.44,2.366,27.787,2.39,27.504,0.0
1228.48823595047,0.0,0.0,2.385,27.44,2.366,27.787,2.395,27.414,0.0
1229.0948679447174,0.0,0.0,2.385,27.44,2.366,27.787,2.395,27.414,0.0
1229.7015340328217,0.0,0.0,2.385,27.44,2.366,27.787,2.395,27.414,0.0
1230.308270931244,0.0,0.0,2.39,27.349,2.37,27.696,2.4,27.323,0.0
1230.914962053299,0.0,0.0,2.39,27.349,2.37,27.696,2.395,27.414,0.01
1231.5216200351715,0.0,0.0,2.39,27.349,2.37,27.696,2.395,27.414,0.0
1232.1283748149872,0.0,0.0,2.39,27.349,2.37,27.696,2.395,27.414,0.0
1232.7348918914795,0.0,0.0,2.395,27.259,2.37,27.696,2.4,27.323,0.0
1233.3415908813477,0.0,0.0,2.395,27.259,2.37,27.696,2.4,27.323,0.0
1233.9482688903809,0.0,0.0,2.395,27.259,2.37,27.696,2.4,27.323,0.0
1234.5550889968872,0.0,0.0,2.395,27.259,2.37,27.696,2.4,27.323,0.0
1235.1617710590363,0.0,0.0,2.395,27.259,2.375,27.605,2.405,27.233,0.0
1235.768326997757,0.0,0.0,2.395,27.259,2.375,27.605,2.405,27.233,0.0
1236.3752920627594,0.0,0.0,2.395,27.259,2.375,27.605,2.405,27.233,0.005
1236.9817020893097,0.0,0.0,2.395,27.259,2.375,27.605,2.405,27.233,0.0
1237.5884840488434,0.0,0.0,2.395,27.259,2.375,27.605,2.405,27.233,0.0
1238.1952538490295,0.0,0.0,2.395,27.259,2.375,27.605,2.405,27.233,0.0
1238.8018147945404,0.0,0.0,2.395,27.259,2.375,27.605,2.405,27.233,0.0
1239.4085080623627,0.0,0.0,2.4,27.168,2.375,27.605,2.405,27.233,0.02
1240.0152699947357,0.0,0.0,2.395,27.259,2.375,27.605,2.405,27.233,0.0
1240.6219170093536,0.0,0.0,2.395,27.259,2.38,27.515,2.41,27.142,0.0
1241.2285368442535,0.0,0.0,2.4,27.168,2.38,27.515,2.41,27.142,0.0
1241.8353669643402,0.0,0.0,2.4,27.168,2.38,27.515,2.41,27.142,0.01
1242.4419448375702,0.0,0.0,2.4,27.168,2.38,27.515,2.41,27.142,0.02
1243.0489161014557,0.0,0.0,2.4,27.168,2.38,27.515,2.41,27.142,0.005
1243.655385017395,0.0,0.0,2.4,27.168,2.38,27.515,2.41,27.142,0.0
1244.261971950531,0.0,0.0,2.4,27.168,2.385,27.424,2.414,27.052,0.0
1244.868735074997,0.0,0.0,2.4,27.168,2.385,27.424,2.414,27.052,0.0
1245.4754838943481,0.0,0.0,2.4,27.168,2.385,27.424,2.414,27.052,0.0
1246.0821590423584,0.0,0.0,2.4,27.168,2.385,27.424,2.414,27.052,0.0
1246.6888659000397,0.0,0.0,2.4,27.168,2.385,27.424,2.414,27.052,0.0
1247.29554104805,0.0,0.0,2.405,27.078,2.385,27.424,2.414,27.052,0.01
1247.9022870063782,0.0,0.0,2.405,27.078,2.39,27.334,2.414,27.052,0.0
1248.508782863617,0.0,0.0,2.405,27.078,2.385,27.424,2.414,27.052,0.0
1249.1155090332031,0.0,0.0,2.405,27.078,2.39,27.334,2.414,27.052,0.0
1249.7222249507904,0.0,0.0,2.405,27.078,2.39,27.334,2.414,27.052,0.01
1250.3290021419525,0.0,0.0,2.405,27.078,2.39,27.334,2.419,26.961,0.015
1250.9355449676514,0.0,0.0,2.41,26.988,2.39,27.334,2.419,26.961,0.0
1251.54225897789,0.0,0.0,2.41,26.988,2.39,27.334,2.419,26.961,0.0
1252.1489939689636,0.0,0.0,2.41,26.988,2.39,27.334,2.419,26.961,0.0
1252.7557010650635,0.0,0.0,2.41,26.988,2.395,27.243,2.419,26.961,0.0
1253.3623487949371,0.0,0.0,2.41,26.988,2.395,27.243,2.419,26.961,0.0
1253.9690489768982,0.0,0.0,2.41,26.988,2.395,27.243,2.419,26.961,0.0
1254.5758018493652,0.0,0.0,2.41,26.988,2.395,27.243,2.419,26.961,0.005
1255.1823499202728,0.0,0.0,2.414,26.897,2.395,27.243,2.419,26.961,0.01
1255.789088010788,0.0,0.0,2.414,26.897,2.395,27.243,2.424,26.871,0.0
1256.3957951068878,0.0,0.0,2.414,26.897,2.395,27.243,2.424,26.871,0.015
1257.002592086792,0.0,0.0,2.414,26.897,2.395,27.243,2.424,26.871,0.0
1257.6092131137848,0.0,0.0,2.414,26.897,2.4,27.153,2.424,26.871,0.0
1258.2160861492157,0.0,0.0,2.414,26.897,2.4,27.153,2.424,26.871,0.015
1258.8225297927856,0.0,0.0,2.414,26.897,2.4,27.153,2.424,26.871,0.015
1259.4292800426483,0.0,0.0,2.419,26.807,2.4,27.153,2.429,26.781,0.0
1260.0359120368958,0.0,0.0,2.419,26.807,2.4,27.153,2.424,26.871,0.005
1260.642580986023,0.0,0.0,2.419,26.807,2.4,27.153,2.429,26.781,0.02
1261.2495980262756,0.0,0.0,2.419,26.807,2.4,27.153,2.429,26.781,0.0
1261.8560709953308,0.0,0.0,2.419,26.807,2.4,27.153,2.429,26.781,0.0
1262.4628717899323,0.0,0.0,2.419,26.807,2.405,27.062,2.429,26.781,0.015
1263.0694689750671,0.0,0.0,2.419,26.807,2.405,27.062,2.429,26.781,0.005
1263.6761810779572,0.0,0.0,2.419,26.807,2.405,27.062,2.429,26.781,0.01
1264.2828419208527,0.0,0.0,2.419,26.807,2.405,27.062,2.429,26.781,0.0
1264.8894679546356,0.0,0.0,2.419,26.807,2.405,27.062,2.429,26.781,0.005
1265.4960839748383,0.0,0.0,2.419,26.807,2.405,27.062,2.429,26.781,0.0
1266.10302400589,0.0,0.0,2.424,26.717,2.41,26.972,2.434,26.691,0.0
1266.709636926651,0.0,0.0,2.424,26.717,2.405,27.062,2.434,26.691,0.0
1267.3164129257202,0.0,0.0,2.424,26.717,2.41,26.972,2.434,26.691,0.0
1267.923269033432,0.0,0.0,2.429,26.627,2.41,26.972,2.434,26.691,0.005
1268.529816865921,0.0,0.0,2.424,26.717,2.41,26.972,2.434,26.691,0.0
1269.1364650726318,0.0,0.0,2.429,26.627,2.414,26.882,2.434,26.691,0.005
1269.7429089546204,0.0,0.0,2.429,26.627,2.414,26.882,2.434,26.691,0.0
1270.3497018814087,0.0,0.0,2.429,26.627,2.414,26.882,2.434,26.691,0.0
1270.9565079212189,0.0,0.0,2.429,26.627,2.414,26.882,2.439,26.601,0.0
1271.5631439685822,0.0,0.0,2.429,26.627,2.414,26.882,2.439,26.601,0.005
1272.1698589324951,0.0,0.0,2.429,26.627,2.414,26.882,2.439,26.601,0.01
1272.7765231132507,0.0,0.0,2.434,26.537,2.414,26.882,2.439,26.601,0.0
1273.3832049369812,0.0,0.0,2.434,26.537,2.419,26.791,2.439,26.601,0.0
1273.989872932434,0.0,0.0,2.434,26.537,2.419,26.791,2.439,26.601,0.02
1274.5964329242706,0.0,0.0,2.434,26.537,2.419,26.791,2.439,26.601,0.0
1275.203407049179,0.0,0.0,2.434,26.537,2.419,26.791,2.439,26.601,0.0
1275.809909105301,0.0,0.0,2.439,26.447,2.419,26.791,2.444,26.511,0.0
1276.4165441989899,0.0,0.0,2.439,26.447,2.419,26.791,2.444,26.511,0.0
1277.0234320163727,0.0,0.0,2.439,26.447,2.419,26.791,2.444,26.511,0.01
1277.6299538612366,0.0,0.0,2.439,26.447,2.424,26.701,2.439,26.601,0.0
1278.2366528511047,0.0,0.0,2.439,26.447,2.424,26.701,2.444,26.511,0.0
1278.8433928489685,0.0,0.0,2.444,26.357,2.424,26.701,2.444,26.511,0.0
1279.4500579833984,0.0,0.0,2.444,26.357,2.424,26.701,2.444,26.511,0.0
1280.0567200183868,0.0,0.0,2.444,26.357,2.424,26.701,2.444,26.511,0.0
1280.6634509563446,0.0,0.0,2.444,26.357,2.424,26.701,2.444,26.511,0.005
1281.2700078487396,0.0,0.0,2.444,26.357,2.424,26.701,2.449,26.421,0.0
1281.8768079280853,0.0,0.0,2.444,26.357,2.424,26.701,2.444,26.511,0.0
1282.4835250377655,0.0,0.0,2.444,26.357,2.424,26.701,2.449,26.421,0.0
1283.0901029109955,0.0,0.0,2.449,26.267,2.429,26.611,2.449,26.421,0.005
1283.6969060897827,0.0,0.0,2.449,26.267,2.429,26.611,2.449,26.421,0.0
1284.3037459850311,0.0,0.0,2.449,26.267,2.424,26.701,2.449,26.421,0.005
1284.9101221561432,0.0,0.0,2.449,26.267,2.429,26.611,2.449,26.421,0.0
1285.5172429084778,0.0,0.0,2.449,26.267,2.429,26.611,2.449,26.421,0.01
1286.1237688064575,0.0,0.0,2.454,26.177,2.429,26.611,2.449,26.421,0.005
1286.7301940917969,0.0,0.0,2.449,26.267,2.429,26.611,2.449,26.421,0.0
1287.3370280265808,0.0,0.0,2.449,26.267,2.429,26.611,2.449,26.421,0.0
1287.9437189102173,0.0,0.0,2.449,26.267,2.429,26.611,2.449,26.421,0.015
1288.5503299236298,0.0,0.0,2.454,26.177,2.429,26.611,2.454,26.331,0.005
1289.157150030136,0.0,0.0,2.449,26.267,2.434,26.521,2.454,26.331,0.0
1289.7637860774994,0.0,0.0,2.454,26.177,2.434,26.521,2.454,26.331,0.02
1290.3702988624573,0.0,0.0,2.454,26.177,2.434,26.521,2.449,26.421,0.005
1290.9770998954773,0.0,0.0,2.454,26.177,2.434,26.521,2.454,26.331,0.0
1291.5837709903717,0.0,0.0,2.454,26.177,2.434,26.521,2.454,26.331,0.0
1292.1905479431152,0.0,0.0,2.454,26.177,2.434,26.521,2.454,26.331,0.005
1292.797255039215,0.0,0.0,2.454,26.177,2.434,26.521,2.454,26.331,0.015
1293.4038639068604,0.0,0.0,2.458,26.087,2.434,26.521,2.454,26.331,0.0
1294.0106229782104,0.0,0.0,2.458,26.087,2.434,26.521,2.458,26.241,0.0
1294.617161989212,0.0,0.0,2.458,26.087,2.439,26.431,2.458,26.241,0.0
1295.2239809036255,0.0,0.0,2.458,26.087,2.439,26.431,2.454,26.331,0.005
1295.8307189941406,0.0,0.0,2.458,26.087,2.439,26.431,2.458,26.241,0.0
1296.4374029636383,0.0,0.0,2.458,26.087,2.439,26.431,2.458,26.241,0.0
1297.043965101242,0.0,0.0,2.458,26.087,2.439,26.431,2.458,26.241,0.0
1297.6508481502533,0.0,0.0,2.458,26.087,2.439,26.431,2.458,26.241,0.005
1298.2574801445007,0.0,0.0,2.463,25.998,2.439,26.431,2.458,26.241,0.0
1298.8641710281372,0.0,0.0,2.463,25.998,2.444,26.341,2.458,26.241,0.015
1299.4710159301758,0.0,0.0,2.463,25.998,2.439,26.431,2.458,26.241,0.0
1300.077605009079,0.0,0.0,2.458,26.087,2.444,26.341,2.458,26.241,0.0
1300.684252023697,0.0,0.0,2.463,25.998,2.444,26.341,2.463,26.151,0.01
1301.290960073471,0.0,0.0,2.463,25.998,2.444,26.341,2.458,26.241,0.0
1301.8976647853851,0.0,0.0,2.463,25.998,2.444,26.341,2.463,26.151,0.0
1302.5043349266052,0.0,0.0,2.463,25.998,2.444,26.341,2.463,26.151,0.0
1303.1110298633575,0.0,0.0,2.468,25.908,2.444,26.341,2.463,26.151,0.01
1303.7177271842957,0.0,0.0,2.468,25.908,2.444,26.341,2.463,26.151,0.0
1304.3244428634644,0.0,0.0,2.468,25.908,2.444,26.341,2.463,26.151,0.0
1304.9308729171753,0.0,0.0,2.468,25.908,2.449,26.251,2.463,26.151,0.0
1305.5376880168915,0.0,0.0,2.463,25.998,2.444,26.341,2.463,26.151,0.005
1306.1444981098175,0.0,0.0,2.463,25.998,2.444,26.341,2.463,26.151,0.0
1306.7511749267578,0.0,0.0,2.463,25.998,2.449,26.251,2.463,26.151,0.005
1307.357861995697,0.0,0.0,2.463,25.998,2.444,26.341,2.463,26.151,0.005
1307.964406967163,0.0,0.0,2.468,25.908,2.444,26.341,2.463,26.151,0.0
1308.5711629390717,0.0,0.0,2.463,25.998,2.444,26.341,2.463,26.151,0.01
1309.1779291629791,0.0,0.0,2.468,25.908,2.449,26.251,2.463,26.151,0.02
1309.784576177597,0.0,0.0,2.468,25.908,2.449,26.251,2.463,26.151,0.024
1310.391088962555,0.0,0.0,2.468,25.908,2.449,26.251,2.463,26.151,0.005
1310.9979588985443,0.0,0.0,2.468,25.908,2.449,26.251,2.463,26.151,0.005
1311.6046512126923,0.0,0.0,2.463,25.998,2.449,26.251,2.468,26.062,0.0
1312.211445093155,0.0,0.0,2.468,25.908,2.449,26.251,2.468,26.062,0.0
1312.8180899620056,0.0,0.0,2.473,25.818,2.449,26.251,2.468,26.062,0.0
1313.4247288703918,0.0,0.0,2.468,25.908,2.449,26.251,2.468,26.062,0.0
1314.0312559604645,0.0,0.0,2.468,25.908,2.449,26.251,2.468,26.062,0.0
1314.637985944748,0.0,0.0,2.468,25.908,2.449,26.251,2.468,26.062,0.005
1315.2447509765625,0.0,0.0,2.468,25.908,2.449,26.251,2.468,26.062,0.015
1315.8515810966492,0.0,0.0,2.473,25.818,2.454,26.161,2.468,26.062,0.005
1316.458130121231,0.0,0.0,2.473,25.818,2.454,26.161,2.468,26.062,0.01
1317.0648238658905,0.0,0.0,2.473,25.818,2.454,26.161,2.473,25.972,0.0
1317.671571969986,0.0,0.0,2.473,25.818,2.454,26.161,2.473,25.972,0.0
1318.2782878875732,0.0,0.0,2.473,25.818,2.454,26.161,2.473,25.972,0.0
1318.8850350379944,0.0,0.0,2.473,25.818,2.454,26.161,2.473,25.972,0.0
1319.4916288852692,0.0,0.0,2.473,25.818,2.454,26.161,2.473,25.972,0.0
1320.0981159210205,0.0,0.0,2.473,25.818,2.454,26.161,2.473,25.972,0.0
1320.70490193367,0.0,0.0,2.473,25.818,2.454,26.161,2.473,25.972,0.0
1321.3116419315338,0.0,0.0,2.473,25.818,2.454,26.161,2.473,25.972,0.005
1321.9181909561157,0.0,0.0,2.473,25.818,2.458,26.072,2.473,25.972,0.005
1322.5250430107117,0.0,0.0,2.478,25.729,2.458,26.072,2.473,25.972,0.01
1323.13170003891,0.0,0.0,2.478,25.729,2.454,26.161,2.473,25.972,0.005
1323.7383499145508,0.0,0.0,2.473,25.818,2.458,26.072,2.473,25.972,0.005
1324.3451008796692,0.0,0.0,2.478,25.729,2.458,26.072,2.478,25.882,0.0
1324.9517798423767,0.0,0.0,2.473,25.818,2.458,26.072,2.473,25.972,0.0
1325.5584299564362,0.0,0.0,2.478,25.729,2.454,26.161,2.478,25.882,0.0
1326.1651899814606,0.0,0.0,2.478,25.729,2.458,26.072,2.473,25.972,0.0
1326.7717940807343,0.0,0.0,2.478,25.729,2.458,26.072,2.473,25.972,0.0
1327.3785078525543,0.0,0.0,2.478,25.729,2.458,26.072,2.473,25.972,0.01
1327.9852261543274,0.0,0.0,2.478,25.729,2.458,26.072,2.473,25.972,0.005
1328.5918700695038,0.0,0.0,2.478,25.729,2.458,26.072,2.478,25.882,0.0
1329.1984758377075,0.0,0.0,2.478,25.729,2.458,26.072,2.478,25.882,0.0
1329.8051810264587,0.0,0.0,2.478,25.729,2.463,25.982,2.478,25.882,0.0
1330.4118518829346,0.0,0.0,2.478,25.729,2.458,26.072,2.478,25.882,0.01
1331.0185821056366,0.0,0.0,2.478,25.729,2.458,26.072,2.478,25.882,0.005
1331.6253740787506,0.0,0.0,2.478,25.729,2.458,26.072,2.478,25.882,0.015
1332.2319269180298,0.0,0.0,2.483,25.639,2.463,25.982,2.478,25.882,0.005
1332.8386797904968,0.0,0.0,2.483,25.639,2.458,26.072,2.478,25.882,0.005
1333.445527791977,0.0,0.0,2.483,25.639,2.463,25.982,2.478,25.882,0.005
1334.0521581172943,0.0,0.0,2.483,25.639,2.463,25.982,2.478,25.882,0.01
1334.6588740348816,0.0,0.0,2.483,25.639,2.463,25.982,2.478,25.882,0.0
1335.2654848098755,0.0,0.0,2.483,25.639,2.463,25.982,2.478,25.882,0.005
1335.872179031372,0.0,0.0,2.483,25.639,2.463,25.982,2.483,25.793,0.005
1336.4788591861725,0.0,0.0,2.483,25.639,2.468,25.892,2.483,25.793,0.015
1337.085547208786,0.0,0.0,2.483,25.639,2.463,25.982,2.483,25.793,0.005
1337.6923160552979,0.0,0.0,2.483,25.639,2.468,25.892,2.483,25.793,0.0
1338.2989120483398,0.0,0.0,2.488,25.55,2.468,25.892,2.483,25.793,0.02
1338.90545296669,0.0,0.0,2.488,25.55,2.468,25.892,2.483,25.793,0.0
1339.512228012085,0.0,0.0,2.488,25.55,2.468,25.892,2.483,25.793,0.01
1340.1189348697662,0.0,0.0,2.488,25.55,2.473,25.803,2.483,25.793,0.0
1340.7256751060486,0.0,0.0,2.488,25.55,2.468,25.892,2.483,25.793,0.01
1341.3324220180511,0.0,0.0,2.488,25.55,2.468,25.892,2.483,25.793,0.005
1341.9390659332275,0.0,0.0,2.488,25.55,2.468,25.892,2.488,25.703,0.005
1342.5457470417023,0.0,0.0,2.488,25.55,2.468,25.892,2.488,25.703,0.0
1343.15234708786,0.0,0.0,2.488,25.55,2.473,25.803,2.488,25.703,0.02
1343.7590868473053,0.0,0.0,2.493,25.46,2.473,25.803,2.483,25.793,0.015
1344.3658230304718,0.0,0.0,2.493,25.46,2.468,25.892,2.488,25.703,0.01
1344.9726197719574,0.0,0.0,2.488,25.55,2.473,25.803,2.488,25.703,0.005
1345.5791819095612,0.0,0.0,2.488,25.55,2.473,25.803,2.488,25.703,0.005
1346.1859080791473,0.0,0.0,2.493,25.46,2.473,25.803,2.488,25.703,0.0
1346.792634010315,0.0,0.0,2.493,25.46,2.473,25.803,2.488,25.703,0.0
1347.3991599082947,0.0,0.0,2.493,25.46,2.473,25.803,2.488,25.703,0.0
1348.0058147907257,0.0,0.0,2.493,25.46,2.473,25.803,2.488,25.703,0.0
1348.612664937973,0.0,0.0,2.493,25.46,2.473,25.803,2.488,25.703,0.0
1349.219398021698,0.0,0.0,2.493,25.46,2.473,25.803,2.488,25.703,0.005
1349.8260610103607,0.0,0.0,2.493,25.46,2.478,25.713,2.488,25.703,0.005
1350.4326150417328,0.0,0.0,2.493,25.46,2.473,25.803,2.488,25.703,0.01
1351.039358139038,0.0,0.0,2.493,25.46,2.473,25.803,2.493,25.613,0.005
1351.646245956421,0.0,0.0,2.498,25.371,2.473,25.803,2.488,25.703,0.0
1352.2530410289764,0.0,0.0,2.498,25.371,2.478,25.713,2.493,25.613,0.005
1352.8595468997955,0.0,0.0,2.493,25.46,2.478,25.713,2.493,25.613,0.0
1353.466166973114,0.0,0.0,2.493,25.46,2.478,25.713,2.493,25.613,0.0
1354.0729308128357,0.0,0.0,2.498,25.371,2.478,25.713,2.493,25.613,0.005
1354.6794509887695,0.0,0.0,2.498,25.371,2.478,25.713,2.493,25.613,0.015
1355.2861878871918,0.0,0.0,2.498,25.371,2.478,25.713,2.493,25.613,0.015
1355.892971754074,0.0,0.0,2.498,25.371,2.478,25.713,2.493,25.613,0.005
1356.4994809627533,0.0,0.0,2.498,25.371,2.478,25.713,2.493,25.613,0.005
1357.1062219142914,0.0,0.0,2.498,25.371,2.478,25.713,2.493,25.613,0.0
1357.7130088806152,0.0,0.0,2.498,25.371,2.478,25.713,2.493,25.613,0.0
1358.3195958137512,0.0,0.0,2.502,25.282,2.478,25.713,2.493,25.613,0.0
1358.9263598918915,0.0,0.0,2.502,25.282,2.478,25.713,2.493,25.613,0.005
1359.5330219268799,0.0,0.0,2.498,25.371,2.478,25.713,2.498,25.524,0.005
1360.1397099494934,0.0,0.0,2.502,25.282,2.478,25.713,2.493,25.613,0.015
1360.746421098709,0.0,0.0,2.502,25.282,2.483,25.624,2.498,25.524,0.0
1361.3531410694122,0.0,0.0,2.498,25.371,2.483,25.624,2.498,25.524,0.0
1361.9598610401154,0.0,0.0,2.502,25.282,2.478,25.713,2.493,25.613,0.0
1362.566594839096,0.0,0.0,2.498,25.371,2.483,25.624,2.498,25.524,0.0
1363.1733260154724,0.0,0.0,2.502,25.282,2.483,25.624,2.498,25.524,0.0
1363.779884815216,0.0,0.0,2.502,25.282,2.483,25.624,2.498,25.524,0.01
1364.3867590427399,0.0,0.0,2.502,25.282,2.483,25.624,2.498,25.524,0.005
1364.9933230876923,0.0,0.0,2.502,25.282,2.483,25.624,2.498,25.524,0.01
1365.5998859405518,0.0,0.0,2.502,25.282,2.483,25.624,2.498,25.524,0.01
1366.2067339420319,0.0,0.0,2.502,25.282,2.483,25.624,2.498,25.524,0.01
1366.8133490085602,0.0,0.0,2.502,25.282,2.483,25.624,2.498,25.524,0.02
1367.4199750423431,0.0,0.0,2.502,25.282,2.483,25.624,2.498,25.524,0.015
1368.026573896408,0.0,0.0,2.502,25.282,2.483,25.624,2.498,25.524,0.0
1368.6333458423615,0.0,0.0,2.502,25.282,2.483,25.624,2.498,25.524,0.01
1369.2400290966034,0.0,0.0,2.502,25.282,2.483,25.624,2.498,25.524,0.005
1369.8467228412628,0.0,0.0,2.507,25.192,2.488,25.534,2.502,25.435,0.005
1370.4533360004425,0.0,0.0,2.502,25.282,2.488,25.534,2.498,25.524,0.005
1371.0601251125336,0.0,0.0,2.507,25.192,2.488,25.534,2.498,25.524,0.0
1371.666967868805,0.0,0.0,2.507,25.192,2.488,25.534,2.502,25.435,0.02
1372.2736468315125,0.0,0.0,2.507,25.192,2.488,25.534,2.502,25.435,0.0
1372.8802320957184,0.0,0.0,2.507,25.192,2.488,25.534,2.502,25.435,0.005
1373.486792087555,0.0,0.0,2.502,25.282,2.488,25.534,2.502,25.435,0.005
1374.093544960022,0.0,0.0,2.507,25.192,2.488,25.534,2.502,25.435,0.01
1374.7002778053284,0.0,0.0,2.507,25.192,2.488,25.534,2.502,25.435,0.01
1375.3068809509277,0.0,0.0,2.507,25.192,2.488,25.534,2.502,25.435,0.015
1375.913626909256,0.0,0.0,2.507,25.192,2.488,25.534,2.502,25.435,0.01
1376.5203440189362,0.0,0.0,2.507,25.192,2.488,25.534,2.502,25.435,0.005
1377.1270780563354,0.0,0.0,2.507,25.192,2.488,25.534,2.502,25.435,0.015
1377.733694076538,0.0,0.0,2.507,25.192,2.488,25.534,2.502,25.435,0.005
1378.3404278755188,0.0,0.0,2.507,25.192,2.488,25.534,2.502,25.435,0.005
1378.947261095047,0.0,0.0,2.507,25.192,2.488,25.534,2.507,25.345,0.0
1379.553808927536,0.0,0.0,2.507,25.192,2.488,25.534,2.502,25.435,0.01
1380.1605579853058,0.0,0.0,2.507,25.192,2.488,25.534,2.502,25.435,0.024
1380.767168045044,0.0,0.0,2.507,25.192,2.493,25.445,2.507,25.345,0.005
1381.373857975006,0.0,0.0,2.507,25.192,2.488,25.534,2.507,25.345,0.0
1381.9805760383606,0.0,0.0,2.507,25.192,2.493,25.445,2.507,25.345,0.01
1382.587172985077,0.0,0.0,2.507,25.192,2.493,25.445,2.507,25.345,0.005
1383.193815946579,0.0,0.0,2.507,25.192,2.493,25.445,2.507,25.345,0.005
1383.8006229400635,0.0,0.0,2.507,25.192,2.493,25.445,2.507,25.345,0.015
1384.4073119163513,0.0,0.0,2.507,25.192,2.493,25.445,2.507,25.345,0.005
1385.0140330791473,0.0,0.0,2.512,25.103,2.493,25.445,2.507,25.345,0.005
1385.6206979751587,0.0,0.0,2.512,25.103,2.493,25.445,2.507,25.345,0.005
1386.2273559570312,0.0,0.0,2.512,25.103,2.493,25.445,2.507,25.345,0.015
1386.8339359760284,0.0,0.0,2.512,25.103,2.493,25.445,2.507,25.345,0.024
1387.4406218528748,0.0,0.0,2.512,25.103,2.493,25.445,2.507,25.345,0.01
1388.047378063202,0.0,0.0,2.512,25.103,2.493,25.445,2.507,25.345,0.005
1388.6541559696198,0.0,0.0,2.512,25.103,2.493,25.445,2.507,25.345,0.005
1389.2608079910278,0.0,0.0,2.512,25.103,2.493,25.445,2.512,25.256,0.015
1389.86745095253,0.0,0.0,2.517,25.014,2.493,25.445,2.507,25.345,0.005
1390.4740660190582,0.0,0.0,2.512,25.103,2.493,25.445,2.507,25.345,0.0
1391.0807900428772,0.0,0.0,2.517,25.014,2.498,25.355,2.507,25.345,0.015
1391.687530040741,0.0,0.0,2.517,25.014,2.498,25.355,2.512,25.256,0.005
1392.2943379878998,0.0,0.0,2.517,25.014,2.493,25.445,2.512,25.256,0.01
1392.9008181095123,0.0,0.0,2.517,25.014,2.498,25.355,2.512,25.256,0.0
1393.5075860023499,0.0,0.0,2.517,25.014,2.498,25.355,2.507,25.345,0.005
1394.1143250465393,0.0,0.0,2.517,25.014,2.498,25.355,2.512,25.256,0.005
1394.7210099697113,0.0,0.0,2.517,25.014,2.498,25.355,2.507,25.345,0.0
1395.327735900879,0.0,0.0,2.517,25.014,2.498,25.355,2.512,25.256,0.005
1395.9343810081482,0.0,0.0,2.517,25.014,2.498,25.355,2.512,25.256,0.005
1396.5411109924316,0.0,0.0,2.517,25.014,2.502,25.266,2.512,25.256,0.005
1397.1478600502014,0.0,0.0,2.517,25.014,2.498,25.355,2.512,25.256,0.01
1397.754508972168,0.0,0.0,2.522,24.925,2.498,25.355,2.512,25.256,0.005
1398.3611919879913,0.0,0.0,2.522,24.925,2.502,25.266,2.512,25.256,0.015
1398.967756986618,0.0,0.0,2.522,24.925,2.498,25.355,2.512,25.256,0.005
1399.5745060443878,0.0,0.0,2.522,24.925,2.498,25.355,2.517,25.167,0.015
1400.1812629699707,0.0,0.0,2.522,24.925,2.502,25.266,2.512,25.256,0.01
1400.7878198623657,0.0,0.0,2.522,24.925,2.502,25.266,2.512,25.256,0.0
1401.394630908966,0.0,0.0,2.517,25.014,2.502,25.266,2.512,25.256,0.005
1402.0012791156769,0.0,0.0,2.522,24.925,2.498,25.355,2.512,25.256,0.0
1402.6079699993134,0.0,0.0,2.522,24.925,2.502,25.266,2.517,25.167,0.015
1403.2145340442657,0.0,0.0,2.522,24.925,2.502,25.266,2.512,25.256,0.0
1403.8212718963623,0.0,0.0,2.522,24.925,2.502,25.266,2.512,25.256,0.005
1404.4280920028687,0.0,0.0,2.522,24.925,2.502,25.266,2.512,25.256,0.005
1405.034679889679,0.0,0.0,2.522,24.925,2.502,25.266,2.512,25.256,0.01
1405.6413938999176,0.0,0.0,2.522,24.925,2.502,25.266,2.517,25.167,0.005
1406.2481360435486,0.0,0.0,2.522,24.925,2.502,25.266,2.517,25.167,0.005
1406.8549120426178,0.0,0.0,2.522,24.925,2.502,25.266,2.517,25.167,0.024
1407.4616079330444,0.0,0.0,2.522,24.925,2.502,25.266,2.517,25.167,0.005
1408.0680708885193,0.0,0.0,2.522,24.925,2.502,25.266,2.517,25.167,0.01
1408.674910068512,0.0,0.0,2.522,24.925,2.502,25.266,2.517,25.167,0.01
1409.2816829681396,0.0,0.0,2.522,24.925,2.502,25.266,2.517,25.167,0.005
1409.8882870674133,0.0,0.0,2.522,24.925,2.502,25.266,2.512,25.256,0.0
1410.4949448108673,0.0,0.0,2.527,24.836,2.502,25.266,2.517,25.167,0.005
1411.1015079021454,0.0,0.0,2.527,24.836,2.502,25.266,2.517,25.167,0.0
1411.7082300186157,0.0,0.0,2.522,24.925,2.502,25.266,2.517,25.167,0.005
1412.3150429725647,0.0,0.0,2.527,24.836,2.507,25.177,2.517,25.167,0.0
1412.9216690063477,0.0,0.0,2.527,24.836,2.507,25.177,2.517,25.167,0.0
1413.5283710956573,0.0,0.0,2.527,24.836,2.507,25.177,2.517,25.167,0.005
1414.1349790096283,0.0,0.0,2.527,24.836,2.502,25.266,2.517,25.167,0.005
1414.741665840149,0.0,0.0,2.527,24.836,2.507,25.177,2.517,25.167,0.01
1415.348427772522,0.0,0.0,2.527,24.836,2.507,25.177,2.517,25.167,0.01
1415.9551267623901,0.0,0.0,2.527,24.836,2.507,25.177,2.517,25.167,0.029
1416.5618510246277,0.0,0.0,2.527,24.836,2.507,25.177,2.517,25.167,0.0
1417.1685059070587,0.0,0.0,2.527,24.836,2.507,25.177,2.522,25.077,0.005
1417.7751441001892,0.0,0.0,2.527,24.836,2.507,25.177,2.522,25.077,0.0
1418.382167816162,0.0,0.0,2.527,24.836,2.507,25.177,2.517,25.167,0.015
1418.9888939857483,0.0,0.0,2.527,24.836,2.507,25.177,2.522,25.077,0.01
1419.5952260494232,0.0,0.0,2.527,24.836,2.512,25.087,2.517,25.167,0.005
1420.2020461559296,0.0,0.0,2.527,24.836,2.512,25.087,2.517,25.167,0.005
1420.80868601799,0.0,0.0,2.527,24.836,2.512,25.087,2.517,25.167,0.0
1421.4152750968933,0.0,0.0,2.527,24.836,2.512,25.087,2.517,25.167,0.005
1422.0220439434052,0.0,0.0,2.527,24.836,2.507,25.177,2.522,25.077,0.005
1422.6287369728088,0.0,0.0,2.527,24.836,2.512,25.087,2.522,25.077,0.0
1423.2354011535645,0.0,0.0,2.527,24.836,2.512,25.087,2.522,25.077,0.005
1423.841994047165,0.0,0.0,2.532,24.747,2.512,25.087,2.522,25.077,0.01
1424.4488270282745,0.0,0.0,2.532,24.747,2.512,25.087,2.522,25.077,0.0
1425.0554239749908,0.0,0.0,2.532,24.747,2.512,25.087,2.522,25.077,0.0
1425.6621420383453,0.0,0.0,2.532,24.747,2.512,25.087,2.522,25.077,0.0
1426.2688779830933,0.0,0.0,2.532,24.747,2.512,25.087,2.522,25.077,0.01
1426.8755218982697,0.0,0.0,2.532,24.747,2.512,25.087,2.522,25.077,0.02
1427.4823031425476,0.0,0.0,2.532,24.747,2.512,25.087,2.522,25.077,0.0
1428.0889558792114,0.0,0.0,2.532,24.747,2.512,25.087,2.522,25.077,0.02
1428.695471048355,0.0,0.0,2.532,24.747,2.512,25.087,2.522,25.077,0.0
1429.3022291660309,0.0,0.0,2.532,24.747,2.512,25.087,2.522,25.077,0.0
1429.909304857254,0.0,0.0,2.532,24.747,2.512,25.087,2.522,25.077,0.015
1430.5155699253082,0.0,0.0,2.537,24.657,2.517,24.998,2.527,24.988,0.01
1431.1224658489227,0.0,0.0,2.537,24.657,2.517,24.998,2.527,24.988,0.0
1431.7289209365845,0.0,0.0,2.537,24.657,2.517,24.998,2.527,24.988,0.0
1432.3357889652252,0.0,0.0,2.537,24.657,2.517,24.998,2.527,24.988,0.005
1432.9424860477448,0.0,0.0,2.537,24.657,2.517,24.998,2.527,24.988,0.005
1433.5491721630096,0.0,0.0,2.537,24.657,2.517,24.998,2.527,24.988,0.0
1434.1558721065521,0.0,0.0,2.537,24.657,2.517,24.998,2.527,24.988,0.015
1434.762358903885,0.0,0.0,2.532,24.747,2.517,24.998,2.527,24.988,0.02
1435.3692100048065,0.0,0.0,2.537,24.657,2.517,24.998,2.527,24.988,0.02
1435.975744009018,0.0,0.0,2.537,24.657,2.517,24.998,2.527,24.988,0.01
1436.5825507640839,0.0,0.0,2.537,24.657,2.517,24.998,2.527,24.988,0.02
1437.1891539096832,0.0,0.0,2.537,24.657,2.517,24.998,2.527,24.988,0.0
1437.7960169315338,0.0,0.0,2.542,24.568,2.517,24.998,2.527,24.988,0.01
1438.4027180671692,0.0,0.0,2.537,24.657,2.522,24.909,2.527,24.988,0.01
1439.0092771053314,0.0,0.0,2.537,24.657,2.522,24.909,2.527,24.988,0.005
1439.616150856018,0.0,0.0,2.537,24.657,2.517,24.998,2.527,24.988,0.005
1440.222720861435,0.0,0.0,2.537,24.657,2.522,24.909,2.527,24.988,0.005
1440.8294780254364,0.0,0.0,2.537,24.657,2.522,24.909,2.527,24.988,0.01
1441.435959815979,0.0,0.0,2.537,24.657,2.517,24.998,2.527,24.988,0.005
1442.0427379608154,0.0,0.0,2.537,24.657,2.517,24.998,2.532,24.899,0.0
1442.6495180130005,0.0,0.0,2.542,24.568,2.517,24.998,2.527,24.988,0.0
1443.2561519145966,0.0,0.0,2.542,24.568,2.517,24.998,2.527,24.988,0.01
1443.862753868103,0.0,0.0,2.537,24.657,2.522,24.909,2.527,24.988,0.005
1444.46964097023,0.0,0.0,2.542,24.568,2.522,24.909,2.532,24.899,0.0
1445.076276063919,0.0,0.0,2.542,24.568,2.522,24.909,2.532,24.899,0.005
1445.682783126831,0.0,0.0,2.542,24.568,2.522,24.909,2.532,24.899,0.005
1446.2895848751068,0.0,0.0,2.537,24.657,2.522,24.909,2.532,24.899,0.01
1446.8962798118591,0.0,0.0,2.542,24.568,2.522,24.909,2.532,24.899,0.0
1447.5029940605164,0.0,0.0,2.542,24.568,2.517,24.998,2.532,24.899,0.005
1448.109631061554,0.0,0.0,2.542,24.568,2.522,24.909,2.532,24.899,0.0
1448.7163429260254,0.0,0.0,2.542,24.568,2.522,24.909,2.532,24.899,0.0
1449.322911977768,0.0,0.0,2.542,24.568,2.522,24.909,2.532,24.899,0.005
1449.9296538829803,0.0,0.0,2.542,24.568,2.522,24.909,2.527,24.988,0.015
1450.536288022995,0.0,0.0,2.542,24.568,2.522,24.909,2.532,24.899,0.01
1451.14315199852,0.0,0.0,2.542,24.568,2.522,24.909,2.532,24.899,0.005
1451.749699831009,0.0,0.0,2.542,24.568,2.522,24.909,2.532,24.899,0.0
1452.35644197464,0.0,0.0,2.542,24.568,2.522,24.909,2.532,24.899,0.0
1452.9633100032806,0.0,0.0,2.542,24.568,2.522,24.909,2.532,24.899,0.005
1453.5698249340057,0.0,0.0,2.542,24.568,2.527,24.82,2.532,24.899,0.01
1454.1765778064728,0.0,0.0,2.542,24.568,2.522,24.909,2.532,24.899,0.0
1454.783264875412,0.0,0.0,2.542,24.568,2.522,24.909,2.532,24.899,0.02
1455.389918088913,0.0,0.0,2.542,24.568,2.527,24.82,2.532,24.899,0.015
1455.996523141861,0.0,0.0,2.542,24.568,2.522,24.909,2.532,24.899,0.02
1456.6032757759094,0.0,0.0,2.542,24.568,2.522,24.909,2.532,24.899,0.01
1457.2100009918213,0.0,0.0,2.542,24.568,2.522,24.909,2.532,24.899,0.0
1457.816724061966,0.0,0.0,2.542,24.568,2.522,24.909,2.532,24.899,0.01
1458.4234368801117,0.0,0.0,2.546,24.48,2.522,24.909,2.532,24.899,0.0
1459.0300388336182,0.0,0.0,2.542,24.568,2.522,24.909,2.537,24.81,0.005
1459.636754989624,0.0,0.0,2.542,24.568,2.522,24.909,2.537,24.81,0.02
1460.2433381080627,0.0,0.0,2.546,24.48,2.522,24.909,2.537,24.81,0.005
1460.8500068187714,0.0,0.0,2.542,24.568,2.527,24.82,2.537,24.81,0.005
1461.4569380283356,0.0,0.0,2.546,24.48,2.527,24.82,2.537,24.81,0.01
1462.0635809898376,0.0,0.0,2.546,24.48,2.527,24.82,2.532,24.899,0.0
1462.6702868938446,0.0,0.0,2.546,24.48,2.527,24.82,2.537,24.81,0.01
1463.2767510414124,0.0,0.0,2.546,24.48,2.527,24.82,2.537,24.81,0.01
1463.8836131095886,0.0,0.0,2.546,24.48,2.527,24.82,2.537,24.81,0.02
1464.4903860092163,0.0,0.0,2.546,24.48,2.527,24.82,2.537,24.81,0.005
1465.0970211029053,0.0,0.0,2.542,24.568,2.527,24.82,2.537,24.81,0.005
1465.703673839569,0.0,0.0,2.546,24.48,2.522,24.909,2.532,24.899,0.0
1466.3103580474854,0.0,0.0,2.546,24.48,2.527,24.82,2.532,24.899,0.0
1466.9170651435852,0.0,0.0,2.546,24.48,2.527,24.82,2.532,24.899,0.02
1467.5237300395966,0.0,0.0,2.546,24.48,2.527,24.82,2.532,24.899,0.0
1468.130452156067,0.0,0.0,2.546,24.48,2.522,24.909,2.537,24.81,0.01
1468.7369349002838,0.0,0.0,2.542,24.568,2.522,24.909,2.537,24.81,0.01
1469.3436679840088,0.0,0.0,2.546,24.48,2.527,24.82,2.532,24.899,0.0
1469.9504158496857,0.0,0.0,2.546,24.48,2.527,24.82,2.537,24.81,0.01
1470.5570330619812,0.0,0.0,2.546,24.48,2.527,24.82,2.537,24.81,0.005
1471.1639277935028,0.0,0.0,2.542,24.568,2.522,24.909,2.537,24.81,0.01
1471.7706439495087,0.0,0.0,2.546,24.48,2.527,24.82,2.532,24.899,0.01
1472.3772068023682,0.0,0.0,2.546,24.48,2.522,24.909,2.537,24.81,0.005
1472.9838049411774,0.0,0.0,2.546,24.48,2.527,24.82,2.537,24.81,0.005
1473.5907249450684,0.0,0.0,2.546,24.48,2.527,24.82,2.537,24.81,0.02
1474.1972198486328,0.0,0.0,2.546,24.48,2.527,24.82,2.532,24.899,0.005
1474.8040750026703,0.0,0.0,2.546,24.48,2.527,24.82,2.537,24.81,0.01
1475.4107270240784,0.0,0.0,2.546,24.48,2.527,24.82,2.537,24.81,0.005
1476.017259836197,0.0,0.0,2.546,24.48,2.527,24.82,2.537,24.81,0.005
1476.6239829063416,0.0,0.0,2.546,24.48,2.527,24.82,2.537,24.81,0.024
1477.2307360172272,0.0,0.0,2.546,24.48,2.527,24.82,2.537,24.81,0.015
1477.8374390602112,0.0,0.0,2.546,24.48,2.527,24.82,2.537,24.81,0.024
1478.4441170692444,0.0,0.0,2.546,24.48,2.527,24.82,2.537,24.81,0.02
1479.0507538318634,0.0,0.0,2.546,24.48,2.527,24.82,2.537,24.81,0.005
1479.6575009822845,0.0,0.0,2.546,24.48,2.527,24.82,2.537,24.81,0.005
1480.2642090320587,0.0,0.0,2.551,24.391,2.527,24.82,2.537,24.81,0.0
1480.870787858963,0.0,0.0,2.546,24.48,2.527,24.82,2.537,24.81,0.01
1481.4776389598846,0.0,0.0,2.546,24.48,2.527,24.82,2.537,24.81,0.005
1482.0842759609222,0.0,0.0,2.546,24.48,2.527,24.82,2.537,24.81,0.02
1482.6909158229828,0.0,0.0,2.551,24.391,2.532,24.731,2.542,24.721,0.005
1483.2977089881897,0.0,0.0,2.546,24.48,2.527,24.82,2.537,24.81,0.005
1483.9042429924011,0.0,0.0,2.546,24.48,2.532,24.731,2.537,24.81,0.0
1484.51100897789,0.0,0.0,2.546,24.48,2.532,24.731,2.537,24.81,0.005
1485.1176521778107,0.0,0.0,2.551,24.391,2.532,24.731,2.542,24.721,0.02
1485.7244551181793,0.0,0.0,2.551,24.391,2.532,24.731,2.542,24.721,0.0
1486.3311200141907,0.0,0.0,2.546,24.48,2.532,24.731,2.542,24.721,0.005
1486.937777042389,0.0,0.0,2.546,24.48,2.532,24.731,2.542,24.721,0.005
1487.5444240570068,0.0,0.0,2.551,24.391,2.532,24.731,2.537,24.81,0.005
1488.151032924652,0.0,0.0,2.551,24.391,2.532,24.731,2.542,24.721,0.02
1488.757807970047,0.0,0.0,2.551,24.391,2.532,24.731,2.542,24.721,0.005
1489.3645441532135,0.0,0.0,2.551,24.391,2.532,24.731,2.542,24.721,0.005
1489.971179008484,0.0,0.0,2.551,24.391,2.532,24.731,2.542,24.721,0.005
1490.5778329372406,0.0,0.0,2.551,24.391,2.527,24.82,2.542,24.721,0.005
1491.1846339702606,0.0,0.0,2.551,24.391,2.532,24.731,2.542,24.721,0.01
1491.7912769317627,0.0,0.0,2.551,24.391,2.532,24.731,2.542,24.721,0.0
1492.3980050086975,0.0,0.0,2.551,24.391,2.532,24.731,2.542,24.721,0.01
1493.004555940628,0.0,0.0,2.551,24.391,2.532,24.731,2.542,24.721,0.024
1493.6113209724426,0.0,0.0,2.551,24.391,2.532,24.731,2.542,24.721,0.0
1494.2180869579315,0.0,0.0,2.551,24.391,2.532,24.731,2.542,24.721,0.005
1494.8247048854828,0.0,0.0,2.551,24.391,2.532,24.731,2.542,24.721,0.005
1495.4313790798187,0.0,0.0,2.551,24.391,2.532,24.731,2.542,24.721,0.005
1496.0380220413208,0.0,0.0,2.551,24.391,2.532,24.731,2.542,24.721,0.015
1496.6449270248413,0.0,0.0,2.551,24.391,2.532,24.731,2.542,24.721,0.005
1497.2514760494232,0.0,0.0,2.551,24.391,2.532,24.731,2.542,24.721,0.005
1497.8582191467285,0.0,0.0,2.551,24.391,2.532,24.731,2.542,24.721,0.005
1498.464992761612,0.0,0.0,2.556,24.302,2.532,24.731,2.542,24.721,0.005
1499.07151389122,0.0,0.0,2.551,24.391,2.532,24.731,2.542,24.721,0.0
1499.678211927414,0.0,0.0,2.551,24.391,2.532,24.731,2.542,24.721,0.01
1500.2848558425903,0.0,0.0,2.551,24.391,2.532,24.731,2.542,24.721,0.01
